time,direction,car_count,bike_count,bus_count,truck_count,total_vehicles,intersection,camera,source_file,traffic_level,traffic_pressure,recommended_green
1900-01-01 08:55:00,DOWN,1.0,0.0,0.0,0.0,1.0,JehangirChowk,j1,j1_12.csv,LOW,1.0,15
1900-01-01 08:55:00,LEFT,1.0,0.0,0.0,0.0,1.0,JehangirChowk,j1,j1_12.csv,LOW,1.0,15
1900-01-01 08:55:00,RIGHT,0.0,0.0,0.0,0.0,0.0,JehangirChowk,j1,j1_12.csv,LOW,0.0,15
1900-01-01 08:55:00,UP,0.0,0.0,0.0,0.0,0.0,JehangirChowk,j1,j1_12.csv,LOW,0.0,15
1900-01-01 09:00:00,DOWN,77.0,122.0,3.0,10.0,212.0,JehangirChowk,j1,j1_12.csv,VERY_HIGH,175.5,60
1900-01-01 09:00:00,LEFT,58.0,1.0,0.0,0.0,59.0,JehangirChowk,j1,j1_12.csv,MEDIUM,58.5,32
1900-01-01 09:00:00,RIGHT,25.0,19.0,2.0,11.0,57.0,JehangirChowk,j1,j1_12.csv,MEDIUM,72.5,36
1900-01-01 09:00:00,UP,3.0,1.0,0.0,0.0,4.0,JehangirChowk,j1,j1_12.csv,LOW,3.5,16
1900-01-01 09:05:00,DOWN,111.0,124.0,2.0,9.0,246.0,JehangirChowk,j1,j1_12.csv,VERY_HIGH,205.0,60
1900-01-01 09:05:00,LEFT,43.0,0.0,0.0,1.0,44.0,JehangirChowk,j1,j1_12.csv,MEDIUM,46.0,28
1900-01-01 09:05:00,RIGHT,33.0,31.0,0.0,9.0,73.0,JehangirChowk,j1,j1_12.csv,MEDIUM,75.5,37
1900-01-01 09:05:00,UP,1.0,12.0,0.0,0.0,13.0,JehangirChowk,j1,j1_12.csv,MEDIUM,7.0,17
1900-01-01 09:10:00,DOWN,81.0,137.0,1.0,10.0,229.0,JehangirChowk,j1,j1_12.csv,VERY_HIGH,182.0,60
1900-01-01 09:10:00,LEFT,34.0,0.0,0.0,2.0,36.0,JehangirChowk,j1,j1_12.csv,MEDIUM,40.0,27
1900-01-01 09:10:00,RIGHT,24.0,28.0,0.0,3.0,55.0,JehangirChowk,j1,j1_12.csv,MEDIUM,47.0,29
1900-01-01 09:10:00,UP,6.0,4.0,0.0,0.0,10.0,JehangirChowk,j1,j1_12.csv,MEDIUM,8.0,17
1900-01-01 09:15:00,DOWN,72.0,129.0,4.0,6.0,211.0,JehangirChowk,j1,j1_12.csv,VERY_HIGH,164.5,60
1900-01-01 09:15:00,LEFT,40.0,2.0,0.0,1.0,43.0,JehangirChowk,j1,j1_12.csv,MEDIUM,44.0,28
1900-01-01 09:15:00,RIGHT,26.0,17.0,2.0,7.0,52.0,JehangirChowk,j1,j1_12.csv,MEDIUM,60.5,33
1900-01-01 09:15:00,UP,8.0,4.0,0.0,2.0,14.0,JehangirChowk,j1,j1_12.csv,MEDIUM,16.0,20
1900-01-01 09:20:00,DOWN,69.0,114.0,1.0,8.0,192.0,JehangirChowk,j1,j1_12.csv,VERY_HIGH,152.5,59
1900-01-01 09:20:00,LEFT,40.0,1.0,0.0,2.0,43.0,JehangirChowk,j1,j1_12.csv,MEDIUM,46.5,28
1900-01-01 09:20:00,RIGHT,23.0,18.0,0.0,10.0,51.0,JehangirChowk,j1,j1_12.csv,MEDIUM,62.0,33
1900-01-01 09:20:00,UP,2.0,0.0,0.0,0.0,2.0,JehangirChowk,j1,j1_12.csv,LOW,2.0,16
1900-01-01 09:25:00,DOWN,76.0,127.0,0.0,9.0,212.0,JehangirChowk,j1,j1_12.csv,VERY_HIGH,166.5,60
1900-01-01 09:25:00,LEFT,37.0,6.0,0.0,0.0,43.0,JehangirChowk,j1,j1_12.csv,MEDIUM,40.0,27
1900-01-01 09:25:00,RIGHT,27.0,25.0,2.0,7.0,61.0,JehangirChowk,j1,j1_12.csv,MEDIUM,65.5,34
1900-01-01 09:25:00,UP,2.0,8.0,0.0,1.0,11.0,JehangirChowk,j1,j1_12.csv,MEDIUM,9.0,18
1900-01-01 09:30:00,DOWN,61.0,146.0,5.0,5.0,217.0,JehangirChowk,j1,j1_12.csv,VERY_HIGH,161.5,60
1900-01-01 09:30:00,LEFT,43.0,0.0,1.0,1.0,45.0,JehangirChowk,j1,j1_12.csv,MEDIUM,48.5,29
1900-01-01 09:30:00,RIGHT,29.0,19.0,0.0,4.0,52.0,JehangirChowk,j1,j1_12.csv,MEDIUM,50.5,30
1900-01-01 09:30:00,UP,5.0,4.0,2.0,1.0,12.0,JehangirChowk,j1,j1_12.csv,MEDIUM,15.0,19
1900-01-01 09:35:00,DOWN,79.0,135.0,3.0,5.0,222.0,JehangirChowk,j1,j1_12.csv,VERY_HIGH,169.0,60
1900-01-01 09:35:00,LEFT,53.0,0.0,0.0,0.0,53.0,JehangirChowk,j1,j1_12.csv,MEDIUM,53.0,30
1900-01-01 09:35:00,RIGHT,28.0,18.0,0.0,9.0,55.0,JehangirChowk,j1,j1_12.csv,MEDIUM,64.0,34
1900-01-01 09:35:00,UP,12.0,7.0,0.0,1.0,20.0,JehangirChowk,j1,j1_12.csv,MEDIUM,18.5,20
1900-01-01 09:40:00,DOWN,72.0,134.0,2.0,3.0,211.0,JehangirChowk,j1,j1_12.csv,VERY_HIGH,153.0,59
1900-01-01 09:40:00,LEFT,45.0,0.0,0.0,0.0,45.0,JehangirChowk,j1,j1_12.csv,MEDIUM,45.0,28
1900-01-01 09:40:00,RIGHT,29.0,13.0,0.0,5.0,47.0,JehangirChowk,j1,j1_12.csv,MEDIUM,50.5,30
1900-01-01 09:40:00,UP,9.0,6.0,0.0,1.0,16.0,JehangirChowk,j1,j1_12.csv,MEDIUM,15.0,19
1900-01-01 09:45:00,DOWN,58.0,136.0,2.0,13.0,209.0,JehangirChowk,j1,j1_12.csv,VERY_HIGH,170.0,60
1900-01-01 09:45:00,LEFT,35.0,2.0,0.0,1.0,38.0,JehangirChowk,j1,j1_12.csv,MEDIUM,39.0,26
1900-01-01 09:45:00,RIGHT,25.0,24.0,0.0,5.0,54.0,JehangirChowk,j1,j1_12.csv,MEDIUM,52.0,30
1900-01-01 09:45:00,UP,4.0,6.0,0.0,0.0,10.0,JehangirChowk,j1,j1_12.csv,MEDIUM,7.0,17
1900-01-01 09:50:00,DOWN,68.0,109.0,1.0,7.0,185.0,JehangirChowk,j1,j1_12.csv,VERY_HIGH,146.0,57
1900-01-01 09:50:00,LEFT,44.0,5.0,0.0,4.0,53.0,JehangirChowk,j1,j1_12.csv,MEDIUM,58.5,32
1900-01-01 09:50:00,RIGHT,31.0,19.0,0.0,5.0,55.0,JehangirChowk,j1,j1_12.csv,MEDIUM,55.5,31
1900-01-01 09:50:00,UP,4.0,1.0,1.0,0.0,6.0,JehangirChowk,j1,j1_12.csv,MEDIUM,7.0,17
1900-01-01 09:55:00,DOWN,67.0,123.0,1.0,6.0,197.0,JehangirChowk,j1,j1_12.csv,VERY_HIGH,149.0,58
1900-01-01 09:55:00,LEFT,50.0,30.0,15.0,2.0,97.0,JehangirChowk,j1,j1_12.csv,HIGH,108.5,46
1900-01-01 09:55:00,RIGHT,23.0,27.0,2.0,5.0,57.0,JehangirChowk,j1,j1_12.csv,MEDIUM,56.5,31
1900-01-01 09:55:00,UP,8.0,6.0,2.0,1.0,17.0,JehangirChowk,j1,j1_12.csv,MEDIUM,19.0,20
1900-01-01 10:00:00,DOWN,69.0,136.0,1.0,5.0,211.0,JehangirChowk,j1,j1_12.csv,VERY_HIGH,154.5,60
1900-01-01 10:00:00,LEFT,48.0,1.0,0.0,3.0,52.0,JehangirChowk,j1,j1_12.csv,MEDIUM,57.5,32
1900-01-01 10:00:00,RIGHT,33.0,22.0,0.0,2.0,57.0,JehangirChowk,j1,j1_12.csv,MEDIUM,50.0,29
1900-01-01 10:00:00,UP,9.0,3.0,1.0,0.0,13.0,JehangirChowk,j1,j1_12.csv,MEDIUM,13.0,19
1900-01-01 10:05:00,DOWN,74.0,101.0,0.0,4.0,179.0,JehangirChowk,j1,j1_12.csv,VERY_HIGH,136.5,55
1900-01-01 10:05:00,LEFT,39.0,1.0,0.0,2.0,42.0,JehangirChowk,j1,j1_12.csv,MEDIUM,45.5,28
1900-01-01 10:05:00,RIGHT,20.0,21.0,3.0,3.0,47.0,JehangirChowk,j1,j1_12.csv,MEDIUM,47.0,29
1900-01-01 10:05:00,UP,5.0,2.0,0.0,0.0,7.0,JehangirChowk,j1,j1_12.csv,MEDIUM,6.0,17
1900-01-01 10:10:00,DOWN,78.0,122.0,0.0,5.0,205.0,JehangirChowk,j1,j1_12.csv,VERY_HIGH,154.0,60
1900-01-01 10:10:00,LEFT,50.0,1.0,0.0,0.0,51.0,JehangirChowk,j1,j1_12.csv,MEDIUM,50.5,30
1900-01-01 10:10:00,RIGHT,30.0,18.0,0.0,4.0,52.0,JehangirChowk,j1,j1_12.csv,MEDIUM,51.0,30
1900-01-01 10:10:00,UP,5.0,1.0,0.0,1.0,7.0,JehangirChowk,j1,j1_12.csv,MEDIUM,8.5,17
1900-01-01 10:15:00,DOWN,58.0,147.0,0.0,7.0,212.0,JehangirChowk,j1,j1_12.csv,VERY_HIGH,152.5,59
1900-01-01 10:15:00,LEFT,59.0,7.0,0.0,1.0,67.0,JehangirChowk,j1,j1_12.csv,MEDIUM,65.5,34
1900-01-01 10:15:00,RIGHT,21.0,24.0,1.0,5.0,51.0,JehangirChowk,j1,j1_12.csv,MEDIUM,50.5,30
1900-01-01 10:15:00,UP,7.0,1.0,0.0,0.0,8.0,JehangirChowk,j1,j1_12.csv,MEDIUM,7.5,17
1900-01-01 10:20:00,DOWN,63.0,129.0,2.0,5.0,199.0,JehangirChowk,j1,j1_12.csv,VERY_HIGH,147.5,58
1900-01-01 10:20:00,LEFT,54.0,4.0,0.0,2.0,60.0,JehangirChowk,j1,j1_12.csv,MEDIUM,62.0,33
1900-01-01 10:20:00,RIGHT,29.0,33.0,0.0,0.0,62.0,JehangirChowk,j1,j1_12.csv,MEDIUM,45.5,28
1900-01-01 10:20:00,UP,9.0,8.0,0.0,2.0,19.0,JehangirChowk,j1,j1_12.csv,MEDIUM,19.0,20
1900-01-01 10:25:00,DOWN,57.0,121.0,2.0,5.0,185.0,JehangirChowk,j1,j1_12.csv,VERY_HIGH,137.5,55
1900-01-01 10:25:00,LEFT,50.0,4.0,0.0,0.0,54.0,JehangirChowk,j1,j1_12.csv,MEDIUM,52.0,30
1900-01-01 10:25:00,RIGHT,22.0,27.0,1.0,3.0,53.0,JehangirChowk,j1,j1_12.csv,MEDIUM,47.0,29
1900-01-01 10:25:00,UP,1.0,29.0,2.0,0.0,32.0,JehangirChowk,j1,j1_12.csv,MEDIUM,20.5,21
1900-01-01 10:30:00,DOWN,54.0,106.0,3.0,6.0,169.0,JehangirChowk,j1,j1_12.csv,VERY_HIGH,132.5,53
1900-01-01 10:30:00,LEFT,45.0,1.0,0.0,1.0,47.0,JehangirChowk,j1,j1_12.csv,MEDIUM,48.5,29
1900-01-01 10:30:00,RIGHT,17.0,29.0,3.0,3.0,52.0,JehangirChowk,j1,j1_12.csv,MEDIUM,48.0,29
1900-01-01 10:30:00,UP,2.0,3.0,1.0,1.0,7.0,JehangirChowk,j1,j1_12.csv,MEDIUM,9.0,18
1900-01-01 10:35:00,DOWN,52.0,101.0,0.0,6.0,159.0,JehangirChowk,j1,j1_12.csv,VERY_HIGH,120.5,50
1900-01-01 10:35:00,LEFT,53.0,0.0,0.0,1.0,54.0,JehangirChowk,j1,j1_12.csv,MEDIUM,56.0,31
1900-01-01 10:35:00,RIGHT,21.0,40.0,0.0,4.0,65.0,JehangirChowk,j1,j1_12.csv,MEDIUM,53.0,30
1900-01-01 10:35:00,UP,1.0,3.0,0.0,0.0,4.0,JehangirChowk,j1,j1_12.csv,LOW,2.5,16
1900-01-01 10:40:00,DOWN,75.0,119.0,1.0,6.0,201.0,JehangirChowk,j1,j1_12.csv,VERY_HIGH,155.0,60
1900-01-01 10:40:00,LEFT,44.0,2.0,0.0,2.0,48.0,JehangirChowk,j1,j1_12.csv,MEDIUM,51.0,30
1900-01-01 10:40:00,RIGHT,38.0,30.0,0.0,1.0,69.0,JehangirChowk,j1,j1_12.csv,MEDIUM,56.0,31
1900-01-01 10:40:00,UP,0.0,7.0,0.0,0.0,7.0,JehangirChowk,j1,j1_12.csv,MEDIUM,3.5,16
1900-01-01 10:45:00,DOWN,61.0,87.0,2.0,2.0,152.0,JehangirChowk,j1,j1_12.csv,HIGH,115.5,48
1900-01-01 10:45:00,LEFT,36.0,0.0,0.0,2.0,38.0,JehangirChowk,j1,j1_12.csv,MEDIUM,42.0,27
1900-01-01 10:45:00,RIGHT,27.0,15.0,0.0,1.0,43.0,JehangirChowk,j1,j1_12.csv,MEDIUM,37.5,26
1900-01-01 10:45:00,UP,6.0,43.0,0.0,0.0,49.0,JehangirChowk,j1,j1_12.csv,MEDIUM,27.5,23
1900-01-01 10:50:00,DOWN,66.0,88.0,2.0,1.0,157.0,JehangirChowk,j1,j1_12.csv,VERY_HIGH,118.0,49
1900-01-01 10:50:00,LEFT,37.0,1.0,0.0,0.0,38.0,JehangirChowk,j1,j1_12.csv,MEDIUM,37.5,26
1900-01-01 10:50:00,RIGHT,23.0,17.0,0.0,5.0,45.0,JehangirChowk,j1,j1_12.csv,MEDIUM,46.5,28
1900-01-01 10:50:00,UP,3.0,0.0,0.0,0.0,3.0,JehangirChowk,j1,j1_12.csv,LOW,3.0,16
1900-01-01 10:55:00,DOWN,72.0,107.0,3.0,5.0,187.0,JehangirChowk,j1,j1_12.csv,VERY_HIGH,148.0,58
1900-01-01 10:55:00,LEFT,47.0,9.0,0.0,2.0,58.0,JehangirChowk,j1,j1_12.csv,MEDIUM,57.5,32
1900-01-01 10:55:00,RIGHT,25.0,25.0,1.0,7.0,58.0,JehangirChowk,j1,j1_12.csv,MEDIUM,61.0,33
1900-01-01 10:55:00,UP,4.0,4.0,1.0,0.0,9.0,JehangirChowk,j1,j1_12.csv,MEDIUM,8.5,17
1900-01-01 11:00:00,DOWN,50.0,95.0,4.0,7.0,156.0,JehangirChowk,j1,j1_12.csv,VERY_HIGH,128.5,52
1900-01-01 11:00:00,LEFT,38.0,6.0,1.0,4.0,49.0,JehangirChowk,j1,j1_12.csv,MEDIUM,55.5,31
1900-01-01 11:00:00,RIGHT,26.0,34.0,2.0,9.0,71.0,JehangirChowk,j1,j1_12.csv,MEDIUM,75.0,37
1900-01-01 11:00:00,UP,2.0,0.0,1.0,2.0,5.0,JehangirChowk,j1,j1_12.csv,MEDIUM,10.5,18
1900-01-01 11:05:00,DOWN,58.0,114.0,3.0,6.0,181.0,JehangirChowk,j1,j1_12.csv,VERY_HIGH,140.5,56
1900-01-01 11:05:00,LEFT,43.0,15.0,0.0,3.0,61.0,JehangirChowk,j1,j1_12.csv,MEDIUM,59.5,32
1900-01-01 11:05:00,RIGHT,31.0,26.0,0.0,5.0,62.0,JehangirChowk,j1,j1_12.csv,MEDIUM,59.0,32
1900-01-01 11:05:00,UP,4.0,0.0,0.0,1.0,5.0,JehangirChowk,j1,j1_12.csv,MEDIUM,7.0,17
1900-01-01 11:10:00,DOWN,62.0,85.0,3.0,1.0,151.0,JehangirChowk,j1,j1_12.csv,HIGH,115.0,48
1900-01-01 11:10:00,LEFT,42.0,1.0,0.0,0.0,43.0,JehangirChowk,j1,j1_12.csv,MEDIUM,42.5,27
1900-01-01 11:10:00,RIGHT,27.0,30.0,1.0,2.0,60.0,JehangirChowk,j1,j1_12.csv,MEDIUM,50.5,30
1900-01-01 11:10:00,UP,4.0,3.0,0.0,0.0,7.0,JehangirChowk,j1,j1_12.csv,MEDIUM,5.5,17
1900-01-01 11:15:00,DOWN,53.0,72.0,3.0,3.0,131.0,JehangirChowk,j1,j1_12.csv,HIGH,105.5,46
1900-01-01 11:15:00,LEFT,48.0,0.0,0.0,2.0,50.0,JehangirChowk,j1,j1_12.csv,MEDIUM,54.0,31
1900-01-01 11:15:00,RIGHT,20.0,31.0,0.0,2.0,53.0,JehangirChowk,j1,j1_12.csv,MEDIUM,41.5,27
1900-01-01 11:15:00,UP,1.0,3.0,0.0,2.0,6.0,JehangirChowk,j1,j1_12.csv,MEDIUM,8.5,17
1900-01-01 11:20:00,DOWN,55.0,127.0,3.0,2.0,187.0,JehangirChowk,j1,j1_12.csv,VERY_HIGH,132.0,53
1900-01-01 11:20:00,LEFT,47.0,5.0,0.0,1.0,53.0,JehangirChowk,j1,j1_12.csv,MEDIUM,52.5,30
1900-01-01 11:20:00,RIGHT,9.0,26.0,1.0,2.0,38.0,JehangirChowk,j1,j1_12.csv,MEDIUM,30.5,24
1900-01-01 11:20:00,UP,4.0,1.0,0.0,0.0,5.0,JehangirChowk,j1,j1_12.csv,MEDIUM,4.5,16
1900-01-01 11:25:00,DOWN,11.0,36.0,0.0,0.0,47.0,JehangirChowk,j1,j1_12.csv,MEDIUM,29.0,23
1900-01-01 11:25:00,LEFT,15.0,1.0,0.0,1.0,17.0,JehangirChowk,j1,j1_12.csv,MEDIUM,18.5,20
1900-01-01 11:25:00,RIGHT,8.0,8.0,0.0,0.0,16.0,JehangirChowk,j1,j1_12.csv,MEDIUM,12.0,18
1900-01-01 11:25:00,UP,2.0,5.0,0.0,0.0,7.0,JehangirChowk,j1,j1_12.csv,MEDIUM,4.5,16
1900-01-01 08:55:00,DOWN,0.0,0.0,0.0,0.0,0.0,JehangirChowk,j1,j1_13.csv,LOW,0.0,15
1900-01-01 08:55:00,LEFT,0.0,0.0,0.0,0.0,0.0,JehangirChowk,j1,j1_13.csv,LOW,0.0,15
1900-01-01 08:55:00,RIGHT,0.0,0.0,0.0,0.0,0.0,JehangirChowk,j1,j1_13.csv,LOW,0.0,15
1900-01-01 08:55:00,UP,0.0,0.0,0.0,0.0,0.0,JehangirChowk,j1,j1_13.csv,LOW,0.0,15
1900-01-01 09:00:00,DOWN,36.0,98.0,0.0,3.0,137.0,JehangirChowk,j1,j1_13.csv,HIGH,94.0,42
1900-01-01 09:00:00,LEFT,41.0,1.0,0.0,2.0,44.0,JehangirChowk,j1,j1_13.csv,MEDIUM,47.5,29
1900-01-01 09:00:00,RIGHT,15.0,22.0,2.0,1.0,40.0,JehangirChowk,j1,j1_13.csv,MEDIUM,34.0,25
1900-01-01 09:00:00,UP,1.0,4.0,0.0,2.0,7.0,JehangirChowk,j1,j1_13.csv,MEDIUM,9.0,18
1900-01-01 09:05:00,DOWN,75.0,129.0,2.0,3.0,209.0,JehangirChowk,j1,j1_13.csv,VERY_HIGH,153.5,59
1900-01-01 09:05:00,LEFT,37.0,1.0,0.0,0.0,38.0,JehangirChowk,j1,j1_13.csv,MEDIUM,37.5,26
1900-01-01 09:05:00,RIGHT,18.0,33.0,2.0,1.0,54.0,JehangirChowk,j1,j1_13.csv,MEDIUM,42.5,27
1900-01-01 09:05:00,UP,0.0,1.0,0.0,0.0,1.0,JehangirChowk,j1,j1_13.csv,LOW,0.5,15
1900-01-01 09:10:00,DOWN,68.0,128.0,3.0,4.0,203.0,JehangirChowk,j1,j1_13.csv,VERY_HIGH,151.5,59
1900-01-01 09:10:00,LEFT,32.0,0.0,0.0,1.0,33.0,JehangirChowk,j1,j1_13.csv,MEDIUM,35.0,25
1900-01-01 09:10:00,RIGHT,26.0,31.0,0.0,3.0,60.0,JehangirChowk,j1,j1_13.csv,MEDIUM,50.5,30
1900-01-01 09:10:00,UP,1.0,7.0,1.0,1.0,10.0,JehangirChowk,j1,j1_13.csv,MEDIUM,10.0,18
1900-01-01 09:15:00,DOWN,47.0,116.0,1.0,1.0,165.0,JehangirChowk,j1,j1_13.csv,VERY_HIGH,110.5,47
1900-01-01 09:15:00,LEFT,43.0,1.0,0.0,2.0,46.0,JehangirChowk,j1,j1_13.csv,MEDIUM,49.5,29
1900-01-01 09:15:00,RIGHT,12.0,38.0,1.0,4.0,55.0,JehangirChowk,j1,j1_13.csv,MEDIUM,45.5,28
1900-01-01 09:15:00,UP,2.0,31.0,0.0,0.0,33.0,JehangirChowk,j1,j1_13.csv,MEDIUM,17.5,20
1900-01-01 09:20:00,DOWN,66.0,124.0,5.0,4.0,199.0,JehangirChowk,j1,j1_13.csv,VERY_HIGH,152.5,59
1900-01-01 09:20:00,LEFT,42.0,2.0,0.0,3.0,47.0,JehangirChowk,j1,j1_13.csv,MEDIUM,52.0,30
1900-01-01 09:20:00,RIGHT,23.0,24.0,1.0,1.0,49.0,JehangirChowk,j1,j1_13.csv,MEDIUM,40.5,27
1900-01-01 09:20:00,UP,3.0,3.0,0.0,0.0,6.0,JehangirChowk,j1,j1_13.csv,MEDIUM,4.5,16
1900-01-01 09:25:00,DOWN,58.0,137.0,1.0,2.0,198.0,JehangirChowk,j1,j1_13.csv,VERY_HIGH,135.0,54
1900-01-01 09:25:00,LEFT,56.0,1.0,0.0,2.0,59.0,JehangirChowk,j1,j1_13.csv,MEDIUM,62.5,33
1900-01-01 09:25:00,RIGHT,25.0,26.0,2.0,4.0,57.0,JehangirChowk,j1,j1_13.csv,MEDIUM,55.0,31
1900-01-01 09:25:00,UP,5.0,4.0,0.0,0.0,9.0,JehangirChowk,j1,j1_13.csv,MEDIUM,7.0,17
1900-01-01 09:30:00,DOWN,64.0,130.0,0.0,4.0,198.0,JehangirChowk,j1,j1_13.csv,VERY_HIGH,141.0,56
1900-01-01 09:30:00,LEFT,47.0,3.0,0.0,1.0,51.0,JehangirChowk,j1,j1_13.csv,MEDIUM,51.5,30
1900-01-01 09:30:00,RIGHT,22.0,19.0,5.0,4.0,50.0,JehangirChowk,j1,j1_13.csv,MEDIUM,56.0,31
1900-01-01 09:30:00,UP,8.0,7.0,2.0,0.0,17.0,JehangirChowk,j1,j1_13.csv,MEDIUM,16.5,20
1900-01-01 09:35:00,DOWN,48.0,114.0,2.0,0.0,164.0,JehangirChowk,j1,j1_13.csv,VERY_HIGH,110.0,47
1900-01-01 09:35:00,LEFT,42.0,2.0,0.0,2.0,46.0,JehangirChowk,j1,j1_13.csv,MEDIUM,49.0,29
1900-01-01 09:35:00,RIGHT,16.0,31.0,1.0,4.0,52.0,JehangirChowk,j1,j1_13.csv,MEDIUM,46.0,28
1900-01-01 09:35:00,UP,6.0,2.0,0.0,0.0,8.0,JehangirChowk,j1,j1_13.csv,MEDIUM,7.0,17
1900-01-01 09:40:00,DOWN,59.0,162.0,5.0,3.0,229.0,JehangirChowk,j1,j1_13.csv,VERY_HIGH,161.5,60
1900-01-01 09:40:00,LEFT,43.0,0.0,1.0,3.0,47.0,JehangirChowk,j1,j1_13.csv,MEDIUM,54.5,31
1900-01-01 09:40:00,RIGHT,16.0,34.0,1.0,4.0,55.0,JehangirChowk,j1,j1_13.csv,MEDIUM,47.5,29
1900-01-01 09:40:00,UP,6.0,4.0,0.0,0.0,10.0,JehangirChowk,j1,j1_13.csv,MEDIUM,8.0,17
1900-01-01 09:45:00,DOWN,50.0,132.0,1.0,3.0,186.0,JehangirChowk,j1,j1_13.csv,VERY_HIGH,127.5,52
1900-01-01 09:45:00,LEFT,44.0,2.0,0.0,0.0,46.0,JehangirChowk,j1,j1_13.csv,MEDIUM,45.0,28
1900-01-01 09:45:00,RIGHT,20.0,28.0,2.0,3.0,53.0,JehangirChowk,j1,j1_13.csv,MEDIUM,48.0,29
1900-01-01 09:45:00,UP,6.0,7.0,0.0,1.0,14.0,JehangirChowk,j1,j1_13.csv,MEDIUM,12.5,19
1900-01-01 09:50:00,DOWN,55.0,129.0,0.0,5.0,189.0,JehangirChowk,j1,j1_13.csv,VERY_HIGH,134.5,54
1900-01-01 09:50:00,LEFT,42.0,3.0,0.0,0.0,45.0,JehangirChowk,j1,j1_13.csv,MEDIUM,43.5,28
1900-01-01 09:50:00,RIGHT,19.0,26.0,2.0,6.0,53.0,JehangirChowk,j1,j1_13.csv,MEDIUM,55.0,31
1900-01-01 09:50:00,UP,0.0,7.0,2.0,0.0,9.0,JehangirChowk,j1,j1_13.csv,MEDIUM,8.5,17
1900-01-01 09:55:00,DOWN,53.0,145.0,0.0,3.0,201.0,JehangirChowk,j1,j1_13.csv,VERY_HIGH,134.5,54
1900-01-01 09:55:00,LEFT,21.0,3.0,0.0,3.0,27.0,JehangirChowk,j1,j1_13.csv,MEDIUM,31.5,24
1900-01-01 09:55:00,RIGHT,18.0,39.0,0.0,3.0,60.0,JehangirChowk,j1,j1_13.csv,MEDIUM,46.5,28
1900-01-01 09:55:00,UP,1.0,5.0,0.0,0.0,6.0,JehangirChowk,j1,j1_13.csv,MEDIUM,3.5,16
1900-01-01 10:00:00,DOWN,39.0,133.0,9.0,2.0,183.0,JehangirChowk,j1,j1_13.csv,VERY_HIGH,134.0,54
1900-01-01 10:00:00,LEFT,46.0,4.0,0.0,2.0,52.0,JehangirChowk,j1,j1_13.csv,MEDIUM,54.0,31
1900-01-01 10:00:00,RIGHT,13.0,32.0,1.0,6.0,52.0,JehangirChowk,j1,j1_13.csv,MEDIUM,49.5,29
1900-01-01 10:00:00,UP,4.0,2.0,0.0,0.0,6.0,JehangirChowk,j1,j1_13.csv,MEDIUM,5.0,16
1900-01-01 10:05:00,DOWN,59.0,110.0,0.0,1.0,170.0,JehangirChowk,j1,j1_13.csv,VERY_HIGH,117.0,49
1900-01-01 10:05:00,LEFT,28.0,1.0,0.0,1.0,30.0,JehangirChowk,j1,j1_13.csv,MEDIUM,31.5,24
1900-01-01 10:05:00,RIGHT,17.0,20.0,1.0,5.0,43.0,JehangirChowk,j1,j1_13.csv,MEDIUM,44.5,28
1900-01-01 10:05:00,UP,3.0,6.0,0.0,0.0,9.0,JehangirChowk,j1,j1_13.csv,MEDIUM,6.0,17
1900-01-01 10:10:00,DOWN,45.0,137.0,1.0,3.0,186.0,JehangirChowk,j1,j1_13.csv,VERY_HIGH,125.0,51
1900-01-01 10:10:00,LEFT,37.0,2.0,0.0,4.0,43.0,JehangirChowk,j1,j1_13.csv,MEDIUM,50.0,29
1900-01-01 10:10:00,RIGHT,16.0,43.0,0.0,5.0,64.0,JehangirChowk,j1,j1_13.csv,MEDIUM,52.5,30
1900-01-01 10:10:00,UP,5.0,14.0,0.0,3.0,22.0,JehangirChowk,j1,j1_13.csv,MEDIUM,21.0,21
1900-01-01 10:15:00,DOWN,37.0,92.0,1.0,2.0,132.0,JehangirChowk,j1,j1_13.csv,HIGH,91.5,41
1900-01-01 10:15:00,LEFT,30.0,1.0,0.0,2.0,33.0,JehangirChowk,j1,j1_13.csv,MEDIUM,36.5,26
1900-01-01 10:15:00,RIGHT,12.0,25.0,0.0,3.0,40.0,JehangirChowk,j1,j1_13.csv,MEDIUM,33.5,25
1900-01-01 10:15:00,UP,4.0,15.0,0.0,0.0,19.0,JehangirChowk,j1,j1_13.csv,MEDIUM,11.5,18
1900-01-01 10:20:00,DOWN,38.0,82.0,0.0,4.0,124.0,JehangirChowk,j1,j1_13.csv,HIGH,91.0,41
1900-01-01 10:20:00,LEFT,30.0,1.0,0.0,4.0,35.0,JehangirChowk,j1,j1_13.csv,MEDIUM,42.5,27
1900-01-01 10:20:00,RIGHT,21.0,19.0,0.0,4.0,44.0,JehangirChowk,j1,j1_13.csv,MEDIUM,42.5,27
1900-01-01 10:20:00,UP,1.0,4.0,0.0,1.0,6.0,JehangirChowk,j1,j1_13.csv,MEDIUM,6.0,17
1900-01-01 10:25:00,DOWN,49.0,100.0,2.0,1.0,152.0,JehangirChowk,j1,j1_13.csv,HIGH,107.0,46
1900-01-01 10:25:00,LEFT,38.0,2.0,0.0,0.0,40.0,JehangirChowk,j1,j1_13.csv,MEDIUM,39.0,26
1900-01-01 10:25:00,RIGHT,22.0,28.0,0.0,3.0,53.0,JehangirChowk,j1,j1_13.csv,MEDIUM,45.0,28
1900-01-01 10:25:00,UP,2.0,16.0,0.0,1.0,19.0,JehangirChowk,j1,j1_13.csv,MEDIUM,13.0,19
1900-01-01 10:30:00,DOWN,75.0,111.0,3.0,2.0,191.0,JehangirChowk,j1,j1_13.csv,VERY_HIGH,144.0,57
1900-01-01 10:30:00,LEFT,53.0,3.0,0.0,3.0,59.0,JehangirChowk,j1,j1_13.csv,MEDIUM,63.5,33
1900-01-01 10:30:00,RIGHT,16.0,26.0,0.0,8.0,50.0,JehangirChowk,j1,j1_13.csv,MEDIUM,53.0,30
1900-01-01 10:30:00,UP,5.0,5.0,2.0,0.0,12.0,JehangirChowk,j1,j1_13.csv,MEDIUM,12.5,19
1900-01-01 10:35:00,DOWN,71.0,79.0,3.0,4.0,157.0,JehangirChowk,j1,j1_13.csv,VERY_HIGH,130.0,53
1900-01-01 10:35:00,LEFT,42.0,1.0,0.0,5.0,48.0,JehangirChowk,j1,j1_13.csv,MEDIUM,57.5,32
1900-01-01 10:35:00,RIGHT,28.0,27.0,0.0,6.0,61.0,JehangirChowk,j1,j1_13.csv,MEDIUM,59.5,32
1900-01-01 10:35:00,UP,2.0,7.0,1.0,0.0,10.0,JehangirChowk,j1,j1_13.csv,MEDIUM,8.0,17
1900-01-01 10:40:00,DOWN,81.0,109.0,3.0,3.0,196.0,JehangirChowk,j1,j1_13.csv,VERY_HIGH,152.0,59
1900-01-01 10:40:00,LEFT,46.0,2.0,0.0,1.0,49.0,JehangirChowk,j1,j1_13.csv,MEDIUM,50.0,29
1900-01-01 10:40:00,RIGHT,22.0,24.0,1.0,6.0,53.0,JehangirChowk,j1,j1_13.csv,MEDIUM,54.5,31
1900-01-01 10:40:00,UP,5.0,5.0,0.0,0.0,10.0,JehangirChowk,j1,j1_13.csv,MEDIUM,7.5,17
1900-01-01 10:45:00,DOWN,86.0,116.0,5.0,5.0,212.0,JehangirChowk,j1,j1_13.csv,VERY_HIGH,171.5,60
1900-01-01 10:45:00,LEFT,52.0,1.0,1.0,3.0,57.0,JehangirChowk,j1,j1_13.csv,MEDIUM,64.0,34
1900-01-01 10:45:00,RIGHT,26.0,25.0,1.0,4.0,56.0,JehangirChowk,j1,j1_13.csv,MEDIUM,53.0,30
1900-01-01 10:45:00,UP,7.0,11.0,0.0,0.0,18.0,JehangirChowk,j1,j1_13.csv,MEDIUM,12.5,19
1900-01-01 10:50:00,DOWN,54.0,110.0,3.0,0.0,167.0,JehangirChowk,j1,j1_13.csv,VERY_HIGH,116.5,49
1900-01-01 10:50:00,LEFT,43.0,2.0,0.0,3.0,48.0,JehangirChowk,j1,j1_13.csv,MEDIUM,53.0,30
1900-01-01 10:50:00,RIGHT,17.0,34.0,0.0,2.0,53.0,JehangirChowk,j1,j1_13.csv,MEDIUM,40.0,27
1900-01-01 10:50:00,UP,1.0,10.0,0.0,0.0,11.0,JehangirChowk,j1,j1_13.csv,MEDIUM,6.0,17
1900-01-01 10:55:00,DOWN,47.0,77.0,1.0,0.0,125.0,JehangirChowk,j1,j1_13.csv,HIGH,88.0,40
1900-01-01 10:55:00,LEFT,40.0,1.0,0.0,1.0,42.0,JehangirChowk,j1,j1_13.csv,MEDIUM,43.5,28
1900-01-01 10:55:00,RIGHT,19.0,19.0,0.0,1.0,39.0,JehangirChowk,j1,j1_13.csv,MEDIUM,31.5,24
1900-01-01 10:55:00,UP,1.0,10.0,0.0,0.0,11.0,JehangirChowk,j1,j1_13.csv,MEDIUM,6.0,17
1900-01-01 11:00:00,DOWN,49.0,84.0,1.0,2.0,136.0,JehangirChowk,j1,j1_13.csv,HIGH,99.5,44
1900-01-01 11:00:00,LEFT,36.0,0.0,0.0,1.0,37.0,JehangirChowk,j1,j1_13.csv,MEDIUM,39.0,26
1900-01-01 11:00:00,RIGHT,17.0,24.0,0.0,2.0,43.0,JehangirChowk,j1,j1_13.csv,MEDIUM,35.0,25
1900-01-01 11:00:00,UP,2.0,4.0,0.0,0.0,6.0,JehangirChowk,j1,j1_13.csv,MEDIUM,4.0,16
1900-01-01 11:05:00,DOWN,59.0,120.0,0.0,2.0,181.0,JehangirChowk,j1,j1_13.csv,VERY_HIGH,125.0,51
1900-01-01 11:05:00,LEFT,38.0,2.0,0.0,2.0,42.0,JehangirChowk,j1,j1_13.csv,MEDIUM,45.0,28
1900-01-01 11:05:00,RIGHT,26.0,29.0,1.0,5.0,61.0,JehangirChowk,j1,j1_13.csv,MEDIUM,58.0,32
1900-01-01 11:05:00,UP,3.0,8.0,0.0,0.0,11.0,JehangirChowk,j1,j1_13.csv,MEDIUM,7.0,17
1900-01-01 11:10:00,DOWN,49.0,92.0,0.0,1.0,142.0,JehangirChowk,j1,j1_13.csv,HIGH,98.0,43
1900-01-01 11:10:00,LEFT,50.0,0.0,0.0,1.0,51.0,JehangirChowk,j1,j1_13.csv,MEDIUM,53.0,30
1900-01-01 11:10:00,RIGHT,18.0,32.0,0.0,6.0,56.0,JehangirChowk,j1,j1_13.csv,MEDIUM,52.0,30
1900-01-01 11:10:00,UP,6.0,1.0,0.0,1.0,8.0,JehangirChowk,j1,j1_13.csv,MEDIUM,9.5,18
1900-01-01 11:15:00,DOWN,46.0,85.0,1.0,3.0,135.0,JehangirChowk,j1,j1_13.csv,HIGH,100.0,44
1900-01-01 11:15:00,LEFT,45.0,9.0,0.0,0.0,54.0,JehangirChowk,j1,j1_13.csv,MEDIUM,49.5,29
1900-01-01 11:15:00,RIGHT,19.0,28.0,0.0,1.0,48.0,JehangirChowk,j1,j1_13.csv,MEDIUM,36.0,25
1900-01-01 11:15:00,UP,3.0,7.0,0.0,1.0,11.0,JehangirChowk,j1,j1_13.csv,MEDIUM,9.5,18
1900-01-01 11:20:00,DOWN,40.0,92.0,2.0,5.0,139.0,JehangirChowk,j1,j1_13.csv,HIGH,106.0,46
1900-01-01 11:20:00,LEFT,31.0,1.0,0.0,1.0,33.0,JehangirChowk,j1,j1_13.csv,MEDIUM,34.5,25
1900-01-01 11:20:00,RIGHT,20.0,22.0,0.0,7.0,49.0,JehangirChowk,j1,j1_13.csv,MEDIUM,52.0,30
1900-01-01 11:20:00,UP,4.0,2.0,0.0,0.0,6.0,JehangirChowk,j1,j1_13.csv,MEDIUM,5.0,16
1900-01-01 11:25:00,DOWN,25.0,26.0,0.0,1.0,52.0,JehangirChowk,j1,j1_13.csv,MEDIUM,41.0,27
1900-01-01 11:25:00,LEFT,9.0,0.0,0.0,1.0,10.0,JehangirChowk,j1,j1_13.csv,MEDIUM,12.0,18
1900-01-01 11:25:00,RIGHT,4.0,11.0,0.0,1.0,16.0,JehangirChowk,j1,j1_13.csv,MEDIUM,12.5,19
1900-01-01 11:25:00,UP,26.0,0.0,0.0,2.0,28.0,JehangirChowk,j1,j1_13.csv,MEDIUM,32.0,24
1900-01-01 08:55:00,DOWN,0.0,0.0,0.0,0.0,0.0,JehangirChowk,j1,j1_11.csv,LOW,0.0,15
1900-01-01 08:55:00,LEFT,0.0,0.0,0.0,0.0,0.0,JehangirChowk,j1,j1_11.csv,LOW,0.0,15
1900-01-01 08:55:00,RIGHT,0.0,0.0,0.0,0.0,0.0,JehangirChowk,j1,j1_11.csv,LOW,0.0,15
1900-01-01 08:55:00,UP,0.0,0.0,0.0,0.0,0.0,JehangirChowk,j1,j1_11.csv,LOW,0.0,15
1900-01-01 09:00:00,DOWN,22.0,12.0,5.0,7.0,46.0,JehangirChowk,j1,j1_11.csv,MEDIUM,61.5,33
1900-01-01 09:00:00,LEFT,9.0,0.0,0.0,0.0,9.0,JehangirChowk,j1,j1_11.csv,MEDIUM,9.0,18
1900-01-01 09:00:00,RIGHT,10.0,8.0,0.0,1.0,19.0,JehangirChowk,j1,j1_11.csv,MEDIUM,17.0,20
1900-01-01 09:00:00,UP,0.0,1.0,5.0,4.0,10.0,JehangirChowk,j1,j1_11.csv,MEDIUM,25.0,22
1900-01-01 09:05:00,DOWN,23.0,18.0,5.0,8.0,54.0,JehangirChowk,j1,j1_11.csv,MEDIUM,68.5,35
1900-01-01 09:05:00,LEFT,15.0,0.0,0.0,1.0,16.0,JehangirChowk,j1,j1_11.csv,MEDIUM,18.0,20
1900-01-01 09:05:00,RIGHT,18.0,8.0,0.0,2.0,28.0,JehangirChowk,j1,j1_11.csv,MEDIUM,28.0,23
1900-01-01 09:05:00,UP,1.0,2.0,1.0,11.0,15.0,JehangirChowk,j1,j1_11.csv,MEDIUM,37.5,26
1900-01-01 09:10:00,DOWN,20.0,28.0,3.0,7.0,58.0,JehangirChowk,j1,j1_11.csv,MEDIUM,62.5,33
1900-01-01 09:10:00,LEFT,22.0,0.0,0.0,1.0,23.0,JehangirChowk,j1,j1_11.csv,MEDIUM,25.0,22
1900-01-01 09:10:00,RIGHT,25.0,9.0,0.0,4.0,38.0,JehangirChowk,j1,j1_11.csv,MEDIUM,41.5,27
1900-01-01 09:10:00,UP,3.0,8.0,0.0,1.0,12.0,JehangirChowk,j1,j1_11.csv,MEDIUM,10.0,18
1900-01-01 09:15:00,DOWN,23.0,12.0,4.0,8.0,47.0,JehangirChowk,j1,j1_11.csv,MEDIUM,63.0,33
1900-01-01 09:15:00,LEFT,19.0,0.0,0.0,1.0,20.0,JehangirChowk,j1,j1_11.csv,MEDIUM,22.0,21
1900-01-01 09:15:00,RIGHT,18.0,6.0,1.0,2.0,27.0,JehangirChowk,j1,j1_11.csv,MEDIUM,29.5,24
1900-01-01 09:15:00,UP,3.0,1.0,0.0,2.0,6.0,JehangirChowk,j1,j1_11.csv,MEDIUM,9.5,18
1900-01-01 09:20:00,DOWN,17.0,16.0,2.0,7.0,42.0,JehangirChowk,j1,j1_11.csv,MEDIUM,51.0,30
1900-01-01 09:20:00,LEFT,22.0,2.0,1.0,1.0,26.0,JehangirChowk,j1,j1_11.csv,MEDIUM,28.5,23
1900-01-01 09:20:00,RIGHT,18.0,10.0,2.0,3.0,33.0,JehangirChowk,j1,j1_11.csv,MEDIUM,37.0,26
1900-01-01 09:20:00,UP,0.0,1.0,0.0,1.0,2.0,JehangirChowk,j1,j1_11.csv,LOW,3.5,16
1900-01-01 09:25:00,DOWN,24.0,18.0,3.0,7.0,52.0,JehangirChowk,j1,j1_11.csv,MEDIUM,61.5,33
1900-01-01 09:25:00,LEFT,16.0,1.0,0.0,0.0,17.0,JehangirChowk,j1,j1_11.csv,MEDIUM,16.5,20
1900-01-01 09:25:00,RIGHT,11.0,13.0,0.0,2.0,26.0,JehangirChowk,j1,j1_11.csv,MEDIUM,23.5,22
1900-01-01 09:25:00,UP,0.0,8.0,0.0,3.0,11.0,JehangirChowk,j1,j1_11.csv,MEDIUM,13.0,19
1900-01-01 09:30:00,DOWN,21.0,14.0,4.0,5.0,44.0,JehangirChowk,j1,j1_11.csv,MEDIUM,53.0,30
1900-01-01 09:30:00,LEFT,13.0,0.0,0.0,2.0,15.0,JehangirChowk,j1,j1_11.csv,MEDIUM,19.0,20
1900-01-01 09:30:00,RIGHT,6.0,9.0,0.0,4.0,19.0,JehangirChowk,j1,j1_11.csv,MEDIUM,22.5,22
1900-01-01 09:30:00,UP,2.0,0.0,0.0,0.0,2.0,JehangirChowk,j1,j1_11.csv,LOW,2.0,16
1900-01-01 09:35:00,DOWN,25.0,18.0,5.0,11.0,59.0,JehangirChowk,j1,j1_11.csv,MEDIUM,79.5,38
1900-01-01 09:35:00,LEFT,16.0,0.0,0.0,1.0,17.0,JehangirChowk,j1,j1_11.csv,MEDIUM,19.0,20
1900-01-01 09:35:00,RIGHT,12.0,7.0,0.0,3.0,22.0,JehangirChowk,j1,j1_11.csv,MEDIUM,24.5,22
1900-01-01 09:35:00,UP,4.0,0.0,1.0,4.0,9.0,JehangirChowk,j1,j1_11.csv,MEDIUM,18.5,20
1900-01-01 09:40:00,DOWN,20.0,30.0,2.0,8.0,60.0,JehangirChowk,j1,j1_11.csv,MEDIUM,64.0,34
1900-01-01 09:40:00,LEFT,17.0,4.0,0.0,0.0,21.0,JehangirChowk,j1,j1_11.csv,MEDIUM,19.0,20
1900-01-01 09:40:00,RIGHT,16.0,5.0,0.0,5.0,26.0,JehangirChowk,j1,j1_11.csv,MEDIUM,33.5,25
1900-01-01 09:40:00,UP,1.0,3.0,1.0,1.0,6.0,JehangirChowk,j1,j1_11.csv,MEDIUM,8.0,17
1900-01-01 09:45:00,DOWN,20.0,12.0,7.0,10.0,49.0,JehangirChowk,j1,j1_11.csv,MEDIUM,73.5,36
1900-01-01 09:45:00,LEFT,18.0,0.0,0.0,0.0,18.0,JehangirChowk,j1,j1_11.csv,MEDIUM,18.0,20
1900-01-01 09:45:00,RIGHT,3.0,11.0,0.0,5.0,19.0,JehangirChowk,j1,j1_11.csv,MEDIUM,23.5,22
1900-01-01 09:45:00,UP,2.0,2.0,0.0,2.0,6.0,JehangirChowk,j1,j1_11.csv,MEDIUM,9.0,18
1900-01-01 09:50:00,DOWN,15.0,17.0,4.0,6.0,42.0,JehangirChowk,j1,j1_11.csv,MEDIUM,51.5,30
1900-01-01 09:50:00,LEFT,19.0,0.0,0.0,0.0,19.0,JehangirChowk,j1,j1_11.csv,MEDIUM,19.0,20
1900-01-01 09:50:00,RIGHT,11.0,8.0,0.0,4.0,23.0,JehangirChowk,j1,j1_11.csv,MEDIUM,27.0,23
1900-01-01 09:50:00,UP,3.0,2.0,0.0,1.0,6.0,JehangirChowk,j1,j1_11.csv,MEDIUM,7.0,17
1900-01-01 09:55:00,DOWN,12.0,16.0,4.0,4.0,36.0,JehangirChowk,j1,j1_11.csv,MEDIUM,42.0,27
1900-01-01 09:55:00,LEFT,15.0,0.0,0.0,0.0,15.0,JehangirChowk,j1,j1_11.csv,MEDIUM,15.0,19
1900-01-01 09:55:00,RIGHT,4.0,8.0,1.0,2.0,15.0,JehangirChowk,j1,j1_11.csv,MEDIUM,16.5,20
1900-01-01 09:55:00,UP,0.0,2.0,4.0,0.0,6.0,JehangirChowk,j1,j1_11.csv,MEDIUM,11.0,18
1900-01-01 10:00:00,DOWN,20.0,24.0,5.0,3.0,52.0,JehangirChowk,j1,j1_11.csv,MEDIUM,53.5,30
1900-01-01 10:00:00,LEFT,10.0,2.0,0.0,0.0,12.0,JehangirChowk,j1,j1_11.csv,MEDIUM,11.0,18
1900-01-01 10:00:00,RIGHT,4.0,3.0,1.0,5.0,13.0,JehangirChowk,j1,j1_11.csv,MEDIUM,23.0,22
1900-01-01 10:00:00,UP,1.0,6.0,0.0,0.0,7.0,JehangirChowk,j1,j1_11.csv,MEDIUM,4.0,16
1900-01-01 10:05:00,DOWN,22.0,29.0,1.0,14.0,66.0,JehangirChowk,j1,j1_11.csv,MEDIUM,81.0,38
1900-01-01 10:05:00,LEFT,14.0,0.0,0.0,0.0,14.0,JehangirChowk,j1,j1_11.csv,MEDIUM,14.0,19
1900-01-01 10:05:00,RIGHT,7.0,11.0,1.0,3.0,22.0,JehangirChowk,j1,j1_11.csv,MEDIUM,24.0,22
1900-01-01 10:05:00,UP,1.0,0.0,2.0,12.0,15.0,JehangirChowk,j1,j1_11.csv,MEDIUM,42.0,27
1900-01-01 10:10:00,DOWN,22.0,14.0,3.0,5.0,44.0,JehangirChowk,j1,j1_11.csv,MEDIUM,51.5,30
1900-01-01 10:10:00,LEFT,11.0,2.0,0.0,0.0,13.0,JehangirChowk,j1,j1_11.csv,MEDIUM,12.0,18
1900-01-01 10:10:00,RIGHT,5.0,10.0,0.0,5.0,20.0,JehangirChowk,j1,j1_11.csv,MEDIUM,25.0,22
1900-01-01 10:10:00,UP,0.0,2.0,1.0,0.0,3.0,JehangirChowk,j1,j1_11.csv,LOW,3.5,16
1900-01-01 10:15:00,DOWN,30.0,22.0,2.0,11.0,65.0,JehangirChowk,j1,j1_11.csv,MEDIUM,79.0,38
1900-01-01 10:15:00,LEFT,14.0,0.0,0.0,0.0,14.0,JehangirChowk,j1,j1_11.csv,MEDIUM,14.0,19
1900-01-01 10:15:00,RIGHT,5.0,10.0,0.0,5.0,20.0,JehangirChowk,j1,j1_11.csv,MEDIUM,25.0,22
1900-01-01 10:15:00,UP,0.0,2.0,0.0,1.0,3.0,JehangirChowk,j1,j1_11.csv,LOW,4.0,16
1900-01-01 10:20:00,DOWN,11.0,28.0,4.0,6.0,49.0,JehangirChowk,j1,j1_11.csv,MEDIUM,53.0,30
1900-01-01 10:20:00,LEFT,20.0,3.0,0.0,0.0,23.0,JehangirChowk,j1,j1_11.csv,MEDIUM,21.5,21
1900-01-01 10:20:00,RIGHT,4.0,7.0,0.0,2.0,13.0,JehangirChowk,j1,j1_11.csv,MEDIUM,13.5,19
1900-01-01 10:20:00,UP,0.0,2.0,0.0,0.0,2.0,JehangirChowk,j1,j1_11.csv,LOW,1.0,15
1900-01-01 10:25:00,DOWN,19.0,16.0,0.0,11.0,46.0,JehangirChowk,j1,j1_11.csv,MEDIUM,60.0,32
1900-01-01 10:25:00,LEFT,11.0,0.0,0.0,1.0,12.0,JehangirChowk,j1,j1_11.csv,MEDIUM,14.0,19
1900-01-01 10:25:00,RIGHT,6.0,14.0,0.0,4.0,24.0,JehangirChowk,j1,j1_11.csv,MEDIUM,25.0,22
1900-01-01 10:25:00,UP,2.0,3.0,0.0,0.0,5.0,JehangirChowk,j1,j1_11.csv,MEDIUM,3.5,16
1900-01-01 10:30:00,DOWN,27.0,9.0,0.0,4.0,40.0,JehangirChowk,j1,j1_11.csv,MEDIUM,43.5,28
1900-01-01 10:30:00,LEFT,17.0,1.0,0.0,0.0,18.0,JehangirChowk,j1,j1_11.csv,MEDIUM,17.5,20
1900-01-01 10:30:00,RIGHT,7.0,1.0,0.0,2.0,10.0,JehangirChowk,j1,j1_11.csv,MEDIUM,13.5,19
1900-01-01 10:30:00,UP,3.0,0.0,0.0,1.0,4.0,JehangirChowk,j1,j1_11.csv,LOW,6.0,17
1900-01-01 10:35:00,DOWN,22.0,12.0,4.0,6.0,44.0,JehangirChowk,j1,j1_11.csv,MEDIUM,56.0,31
1900-01-01 10:35:00,LEFT,12.0,0.0,0.0,2.0,14.0,JehangirChowk,j1,j1_11.csv,MEDIUM,18.0,20
1900-01-01 10:35:00,RIGHT,9.0,4.0,0.0,2.0,15.0,JehangirChowk,j1,j1_11.csv,MEDIUM,17.0,20
1900-01-01 10:35:00,UP,0.0,3.0,0.0,3.0,6.0,JehangirChowk,j1,j1_11.csv,MEDIUM,10.5,18
1900-01-01 10:40:00,DOWN,23.0,21.0,1.0,4.0,49.0,JehangirChowk,j1,j1_11.csv,MEDIUM,48.0,29
1900-01-01 10:40:00,LEFT,23.0,0.0,1.0,5.0,29.0,JehangirChowk,j1,j1_11.csv,MEDIUM,40.5,27
1900-01-01 10:40:00,RIGHT,11.0,8.0,0.0,1.0,20.0,JehangirChowk,j1,j1_11.csv,MEDIUM,18.0,20
1900-01-01 10:40:00,UP,0.0,13.0,0.0,1.0,14.0,JehangirChowk,j1,j1_11.csv,MEDIUM,9.5,18
1900-01-01 10:45:00,DOWN,38.0,14.0,2.0,7.0,61.0,JehangirChowk,j1,j1_11.csv,MEDIUM,71.0,36
1900-01-01 10:45:00,LEFT,14.0,0.0,0.0,1.0,15.0,JehangirChowk,j1,j1_11.csv,MEDIUM,17.0,20
1900-01-01 10:45:00,RIGHT,14.0,5.0,2.0,3.0,24.0,JehangirChowk,j1,j1_11.csv,MEDIUM,30.5,24
1900-01-01 10:45:00,UP,2.0,1.0,0.0,3.0,6.0,JehangirChowk,j1,j1_11.csv,MEDIUM,11.5,18
1900-01-01 10:50:00,DOWN,28.0,18.0,1.0,8.0,55.0,JehangirChowk,j1,j1_11.csv,MEDIUM,63.5,33
1900-01-01 10:50:00,LEFT,20.0,0.0,0.0,1.0,21.0,JehangirChowk,j1,j1_11.csv,MEDIUM,23.0,22
1900-01-01 10:50:00,RIGHT,17.0,6.0,0.0,4.0,27.0,JehangirChowk,j1,j1_11.csv,MEDIUM,32.0,24
1900-01-01 10:50:00,UP,3.0,2.0,0.0,2.0,7.0,JehangirChowk,j1,j1_11.csv,MEDIUM,10.0,18
1900-01-01 10:55:00,DOWN,30.0,11.0,2.0,8.0,51.0,JehangirChowk,j1,j1_11.csv,MEDIUM,64.5,34
1900-01-01 10:55:00,LEFT,18.0,0.0,0.0,1.0,19.0,JehangirChowk,j1,j1_11.csv,MEDIUM,21.0,21
1900-01-01 10:55:00,RIGHT,10.0,5.0,1.0,6.0,22.0,JehangirChowk,j1,j1_11.csv,MEDIUM,33.0,25
1900-01-01 10:55:00,UP,6.0,2.0,0.0,1.0,9.0,JehangirChowk,j1,j1_11.csv,MEDIUM,10.0,18
1900-01-01 11:00:00,DOWN,35.0,34.0,3.0,11.0,83.0,JehangirChowk,j1,j1_11.csv,HIGH,92.5,42
1900-01-01 11:00:00,LEFT,17.0,0.0,0.0,0.0,17.0,JehangirChowk,j1,j1_11.csv,MEDIUM,17.0,20
1900-01-01 11:00:00,RIGHT,13.0,10.0,0.0,6.0,29.0,JehangirChowk,j1,j1_11.csv,MEDIUM,36.0,25
1900-01-01 11:00:00,UP,0.0,13.0,0.0,1.0,14.0,JehangirChowk,j1,j1_11.csv,MEDIUM,9.5,18
1900-01-01 11:05:00,DOWN,36.0,20.0,1.0,16.0,73.0,JehangirChowk,j1,j1_11.csv,MEDIUM,96.5,43
1900-01-01 11:05:00,LEFT,20.0,0.0,0.0,2.0,22.0,JehangirChowk,j1,j1_11.csv,MEDIUM,26.0,23
1900-01-01 11:05:00,RIGHT,19.0,9.0,0.0,7.0,35.0,JehangirChowk,j1,j1_11.csv,MEDIUM,44.5,28
1900-01-01 11:05:00,UP,1.0,2.0,0.0,0.0,3.0,JehangirChowk,j1,j1_11.csv,LOW,2.0,16
1900-01-01 11:10:00,DOWN,33.0,30.0,4.0,10.0,77.0,JehangirChowk,j1,j1_11.csv,HIGH,88.0,40
1900-01-01 11:10:00,LEFT,26.0,3.0,0.0,3.0,32.0,JehangirChowk,j1,j1_11.csv,MEDIUM,36.5,26
1900-01-01 11:10:00,RIGHT,11.0,7.0,0.0,6.0,24.0,JehangirChowk,j1,j1_11.csv,MEDIUM,32.5,24
1900-01-01 11:10:00,UP,3.0,4.0,0.0,4.0,11.0,JehangirChowk,j1,j1_11.csv,MEDIUM,17.0,20
1900-01-01 11:15:00,DOWN,42.0,26.0,1.0,10.0,79.0,JehangirChowk,j1,j1_11.csv,HIGH,87.5,40
1900-01-01 11:15:00,LEFT,35.0,1.0,0.0,2.0,38.0,JehangirChowk,j1,j1_11.csv,MEDIUM,41.5,27
1900-01-01 11:15:00,RIGHT,18.0,7.0,1.0,4.0,30.0,JehangirChowk,j1,j1_11.csv,MEDIUM,36.0,25
1900-01-01 11:15:00,UP,2.0,2.0,1.0,1.0,6.0,JehangirChowk,j1,j1_11.csv,MEDIUM,8.5,17
1900-01-01 11:20:00,DOWN,36.0,36.0,2.0,12.0,86.0,JehangirChowk,j1,j1_11.csv,HIGH,95.0,42
1900-01-01 11:20:00,LEFT,22.0,0.0,0.0,1.0,23.0,JehangirChowk,j1,j1_11.csv,MEDIUM,25.0,22
1900-01-01 11:20:00,RIGHT,9.0,17.0,0.0,4.0,30.0,JehangirChowk,j1,j1_11.csv,MEDIUM,29.5,24
1900-01-01 11:20:00,UP,5.0,1.0,3.0,1.0,10.0,JehangirChowk,j1,j1_11.csv,MEDIUM,16.0,20
1900-01-01 11:25:00,DOWN,23.0,17.0,1.0,6.0,47.0,JehangirChowk,j1,j1_11.csv,MEDIUM,52.0,30
1900-01-01 11:25:00,LEFT,16.0,0.0,0.0,0.0,16.0,JehangirChowk,j1,j1_11.csv,MEDIUM,16.0,20
1900-01-01 11:25:00,RIGHT,10.0,6.0,0.0,1.0,17.0,JehangirChowk,j1,j1_11.csv,MEDIUM,16.0,20
1900-01-01 11:25:00,UP,1.0,2.0,1.0,0.0,4.0,JehangirChowk,j1,j1_11.csv,LOW,4.5,16
1900-01-01 08:55:00,DOWN,0.0,1.0,0.0,0.0,1.0,JehangirChowk,j1,j1_14.csv,LOW,0.5,15
1900-01-01 08:55:00,LEFT,1.0,0.0,0.0,0.0,1.0,JehangirChowk,j1,j1_14.csv,LOW,1.0,15
1900-01-01 08:55:00,RIGHT,0.0,1.0,0.0,0.0,1.0,JehangirChowk,j1,j1_14.csv,LOW,0.5,15
1900-01-01 08:55:00,UP,0.0,1.0,0.0,0.0,1.0,JehangirChowk,j1,j1_14.csv,LOW,0.5,15
1900-01-01 09:00:00,DOWN,51.0,113.0,1.0,10.0,175.0,JehangirChowk,j1,j1_14.csv,VERY_HIGH,140.0,56
1900-01-01 09:00:00,LEFT,35.0,4.0,0.0,2.0,41.0,JehangirChowk,j1,j1_14.csv,MEDIUM,43.0,27
1900-01-01 09:00:00,RIGHT,19.0,21.0,0.0,4.0,44.0,JehangirChowk,j1,j1_14.csv,MEDIUM,41.5,27
1900-01-01 09:00:00,UP,3.0,4.0,0.0,4.0,11.0,JehangirChowk,j1,j1_14.csv,MEDIUM,17.0,20
1900-01-01 09:05:00,DOWN,48.0,102.0,3.0,4.0,157.0,JehangirChowk,j1,j1_14.csv,VERY_HIGH,118.5,49
1900-01-01 09:05:00,LEFT,42.0,3.0,0.0,0.0,45.0,JehangirChowk,j1,j1_14.csv,MEDIUM,43.5,28
1900-01-01 09:05:00,RIGHT,15.0,33.0,0.0,9.0,57.0,JehangirChowk,j1,j1_14.csv,MEDIUM,58.5,32
1900-01-01 09:05:00,UP,5.0,3.0,0.0,0.0,8.0,JehangirChowk,j1,j1_14.csv,MEDIUM,6.5,17
1900-01-01 09:10:00,DOWN,62.0,100.0,4.0,14.0,180.0,JehangirChowk,j1,j1_14.csv,VERY_HIGH,164.0,60
1900-01-01 09:10:00,LEFT,31.0,1.0,0.0,4.0,36.0,JehangirChowk,j1,j1_14.csv,MEDIUM,43.5,28
1900-01-01 09:10:00,RIGHT,24.0,24.0,4.0,9.0,61.0,JehangirChowk,j1,j1_14.csv,MEDIUM,73.0,36
1900-01-01 09:10:00,UP,2.0,5.0,0.0,0.0,7.0,JehangirChowk,j1,j1_14.csv,MEDIUM,4.5,16
1900-01-01 09:15:00,DOWN,49.0,110.0,4.0,8.0,171.0,JehangirChowk,j1,j1_14.csv,VERY_HIGH,138.0,55
1900-01-01 09:15:00,LEFT,46.0,0.0,0.0,1.0,47.0,JehangirChowk,j1,j1_14.csv,MEDIUM,49.0,29
1900-01-01 09:15:00,RIGHT,21.0,23.0,1.0,7.0,52.0,JehangirChowk,j1,j1_14.csv,MEDIUM,56.0,31
1900-01-01 09:15:00,UP,4.0,5.0,0.0,4.0,13.0,JehangirChowk,j1,j1_14.csv,MEDIUM,18.5,20
1900-01-01 09:20:00,DOWN,45.0,95.0,5.0,9.0,154.0,JehangirChowk,j1,j1_14.csv,VERY_HIGH,132.0,53
1900-01-01 09:20:00,LEFT,34.0,0.0,0.0,1.0,35.0,JehangirChowk,j1,j1_14.csv,MEDIUM,37.0,26
1900-01-01 09:20:00,RIGHT,16.0,26.0,1.0,6.0,49.0,JehangirChowk,j1,j1_14.csv,MEDIUM,49.5,29
1900-01-01 09:20:00,UP,1.0,4.0,0.0,2.0,7.0,JehangirChowk,j1,j1_14.csv,MEDIUM,9.0,18
1900-01-01 09:25:00,DOWN,52.0,96.0,10.0,11.0,169.0,JehangirChowk,j1,j1_14.csv,VERY_HIGH,158.0,60
1900-01-01 09:25:00,LEFT,37.0,0.0,0.0,4.0,41.0,JehangirChowk,j1,j1_14.csv,MEDIUM,49.0,29
1900-01-01 09:25:00,RIGHT,14.0,19.0,0.0,8.0,41.0,JehangirChowk,j1,j1_14.csv,MEDIUM,47.5,29
1900-01-01 09:25:00,UP,1.0,3.0,1.0,2.0,7.0,JehangirChowk,j1,j1_14.csv,MEDIUM,11.0,18
1900-01-01 09:30:00,DOWN,63.0,77.0,6.0,12.0,158.0,JehangirChowk,j1,j1_14.csv,VERY_HIGH,152.5,59
1900-01-01 09:30:00,LEFT,36.0,1.0,1.0,4.0,42.0,JehangirChowk,j1,j1_14.csv,MEDIUM,51.0,30
1900-01-01 09:30:00,RIGHT,30.0,22.0,1.0,6.0,59.0,JehangirChowk,j1,j1_14.csv,MEDIUM,61.5,33
1900-01-01 09:30:00,UP,4.0,4.0,0.0,1.0,9.0,JehangirChowk,j1,j1_14.csv,MEDIUM,9.0,18
1900-01-01 09:35:00,DOWN,65.0,123.0,0.0,12.0,200.0,JehangirChowk,j1,j1_14.csv,VERY_HIGH,162.5,60
1900-01-01 09:35:00,LEFT,41.0,8.0,0.0,1.0,50.0,JehangirChowk,j1,j1_14.csv,MEDIUM,48.0,29
1900-01-01 09:35:00,RIGHT,11.0,27.0,2.0,15.0,55.0,JehangirChowk,j1,j1_14.csv,MEDIUM,74.5,37
1900-01-01 09:35:00,UP,6.0,3.0,1.0,1.0,11.0,JehangirChowk,j1,j1_14.csv,MEDIUM,13.0,19
1900-01-01 09:40:00,DOWN,70.0,105.0,4.0,5.0,184.0,JehangirChowk,j1,j1_14.csv,VERY_HIGH,147.5,58
1900-01-01 09:40:00,LEFT,33.0,0.0,0.0,3.0,36.0,JehangirChowk,j1,j1_14.csv,MEDIUM,42.0,27
1900-01-01 09:40:00,RIGHT,20.0,16.0,2.0,4.0,42.0,JehangirChowk,j1,j1_14.csv,MEDIUM,45.0,28
1900-01-01 09:40:00,UP,2.0,7.0,1.0,6.0,16.0,JehangirChowk,j1,j1_14.csv,MEDIUM,26.0,23
1900-01-01 09:45:00,DOWN,59.0,126.0,7.0,10.0,202.0,JehangirChowk,j1,j1_14.csv,VERY_HIGH,169.5,60
1900-01-01 09:45:00,LEFT,36.0,1.0,0.0,4.0,41.0,JehangirChowk,j1,j1_14.csv,MEDIUM,48.5,29
1900-01-01 09:45:00,RIGHT,23.0,15.0,2.0,7.0,47.0,JehangirChowk,j1,j1_14.csv,MEDIUM,56.5,31
1900-01-01 09:45:00,UP,10.0,4.0,1.0,1.0,16.0,JehangirChowk,j1,j1_14.csv,MEDIUM,17.5,20
1900-01-01 09:50:00,DOWN,69.0,102.0,3.0,10.0,184.0,JehangirChowk,j1,j1_14.csv,VERY_HIGH,157.5,60
1900-01-01 09:50:00,LEFT,35.0,4.0,1.0,3.0,43.0,JehangirChowk,j1,j1_14.csv,MEDIUM,48.5,29
1900-01-01 09:50:00,RIGHT,24.0,21.0,0.0,12.0,57.0,JehangirChowk,j1,j1_14.csv,MEDIUM,70.5,35
1900-01-01 09:50:00,UP,7.0,8.0,0.0,0.0,15.0,JehangirChowk,j1,j1_14.csv,MEDIUM,11.0,18
1900-01-01 09:55:00,DOWN,42.0,76.0,6.0,12.0,136.0,JehangirChowk,j1,j1_14.csv,HIGH,131.0,53
1900-01-01 09:55:00,LEFT,34.0,4.0,0.0,3.0,41.0,JehangirChowk,j1,j1_14.csv,MEDIUM,45.0,28
1900-01-01 09:55:00,RIGHT,20.0,17.0,2.0,6.0,45.0,JehangirChowk,j1,j1_14.csv,MEDIUM,51.5,30
1900-01-01 09:55:00,UP,2.0,1.0,0.0,1.0,4.0,JehangirChowk,j1,j1_14.csv,LOW,5.5,17
1900-01-01 10:00:00,DOWN,73.0,124.0,2.0,9.0,208.0,JehangirChowk,j1,j1_14.csv,VERY_HIGH,167.0,60
1900-01-01 10:00:00,LEFT,41.0,4.0,1.0,2.0,48.0,JehangirChowk,j1,j1_14.csv,MEDIUM,51.5,30
1900-01-01 10:00:00,RIGHT,18.0,26.0,1.0,7.0,52.0,JehangirChowk,j1,j1_14.csv,MEDIUM,54.5,31
1900-01-01 10:00:00,UP,4.0,7.0,0.0,0.0,11.0,JehangirChowk,j1,j1_14.csv,MEDIUM,7.5,17
1900-01-01 10:05:00,DOWN,56.0,95.0,3.0,16.0,170.0,JehangirChowk,j1,j1_14.csv,VERY_HIGH,159.0,60
1900-01-01 10:05:00,LEFT,35.0,4.0,0.0,3.0,42.0,JehangirChowk,j1,j1_14.csv,MEDIUM,46.0,28
1900-01-01 10:05:00,RIGHT,17.0,30.0,0.0,12.0,59.0,JehangirChowk,j1,j1_14.csv,MEDIUM,68.0,35
1900-01-01 10:05:00,UP,6.0,5.0,0.0,1.0,12.0,JehangirChowk,j1,j1_14.csv,MEDIUM,11.5,18
1900-01-01 10:10:00,DOWN,36.0,61.0,5.0,10.0,112.0,JehangirChowk,j1,j1_14.csv,HIGH,109.0,47
1900-01-01 10:10:00,LEFT,31.0,0.0,0.0,2.0,33.0,JehangirChowk,j1,j1_14.csv,MEDIUM,37.0,26
1900-01-01 10:10:00,RIGHT,11.0,18.0,3.0,9.0,41.0,JehangirChowk,j1,j1_14.csv,MEDIUM,54.5,31
1900-01-01 10:10:00,UP,0.0,9.0,0.0,0.0,9.0,JehangirChowk,j1,j1_14.csv,MEDIUM,4.5,16
1900-01-01 10:15:00,DOWN,48.0,90.0,0.0,8.0,146.0,JehangirChowk,j1,j1_14.csv,HIGH,117.0,49
1900-01-01 10:15:00,LEFT,34.0,1.0,0.0,5.0,40.0,JehangirChowk,j1,j1_14.csv,MEDIUM,49.5,29
1900-01-01 10:15:00,RIGHT,14.0,21.0,0.0,6.0,41.0,JehangirChowk,j1,j1_14.csv,MEDIUM,42.5,27
1900-01-01 10:15:00,UP,1.0,9.0,1.0,1.0,12.0,JehangirChowk,j1,j1_14.csv,MEDIUM,11.0,18
1900-01-01 10:20:00,DOWN,62.0,73.0,1.0,15.0,151.0,JehangirChowk,j1,j1_14.csv,HIGH,146.0,57
1900-01-01 10:20:00,LEFT,31.0,9.0,0.0,2.0,42.0,JehangirChowk,j1,j1_14.csv,MEDIUM,41.5,27
1900-01-01 10:20:00,RIGHT,20.0,19.0,1.0,12.0,52.0,JehangirChowk,j1,j1_14.csv,MEDIUM,68.0,35
1900-01-01 10:20:00,UP,3.0,10.0,0.0,0.0,13.0,JehangirChowk,j1,j1_14.csv,MEDIUM,8.0,17
1900-01-01 10:25:00,DOWN,54.0,81.0,5.0,8.0,148.0,JehangirChowk,j1,j1_14.csv,HIGH,131.0,53
1900-01-01 10:25:00,LEFT,27.0,1.0,1.0,4.0,33.0,JehangirChowk,j1,j1_14.csv,MEDIUM,42.0,27
1900-01-01 10:25:00,RIGHT,19.0,27.0,1.0,7.0,54.0,JehangirChowk,j1,j1_14.csv,MEDIUM,56.0,31
1900-01-01 10:25:00,UP,1.0,6.0,0.0,2.0,9.0,JehangirChowk,j1,j1_14.csv,MEDIUM,10.0,18
1900-01-01 10:30:00,DOWN,59.0,95.0,3.0,9.0,166.0,JehangirChowk,j1,j1_14.csv,VERY_HIGH,141.0,56
1900-01-01 10:30:00,LEFT,31.0,1.0,0.0,0.0,32.0,JehangirChowk,j1,j1_14.csv,MEDIUM,31.5,24
1900-01-01 10:30:00,RIGHT,20.0,21.0,1.0,4.0,46.0,JehangirChowk,j1,j1_14.csv,MEDIUM,45.0,28
1900-01-01 10:30:00,UP,5.0,11.0,0.0,1.0,17.0,JehangirChowk,j1,j1_14.csv,MEDIUM,13.5,19
1900-01-01 10:35:00,DOWN,48.0,99.0,2.0,9.0,158.0,JehangirChowk,j1,j1_14.csv,VERY_HIGH,129.5,52
1900-01-01 10:35:00,LEFT,38.0,8.0,0.0,1.0,47.0,JehangirChowk,j1,j1_14.csv,MEDIUM,45.0,28
1900-01-01 10:35:00,RIGHT,15.0,16.0,1.0,6.0,38.0,JehangirChowk,j1,j1_14.csv,MEDIUM,43.5,28
1900-01-01 10:35:00,UP,3.0,5.0,0.0,0.0,8.0,JehangirChowk,j1,j1_14.csv,MEDIUM,5.5,17
1900-01-01 10:40:00,DOWN,47.0,57.0,5.0,14.0,123.0,JehangirChowk,j1,j1_14.csv,HIGH,130.0,53
1900-01-01 10:40:00,LEFT,36.0,3.0,0.0,2.0,41.0,JehangirChowk,j1,j1_14.csv,MEDIUM,43.5,28
1900-01-01 10:40:00,RIGHT,7.0,19.0,1.0,6.0,33.0,JehangirChowk,j1,j1_14.csv,MEDIUM,37.0,26
1900-01-01 10:40:00,UP,2.0,2.0,0.0,0.0,4.0,JehangirChowk,j1,j1_14.csv,LOW,3.0,16
1900-01-01 10:45:00,DOWN,57.0,60.0,5.0,14.0,136.0,JehangirChowk,j1,j1_14.csv,HIGH,141.5,56
1900-01-01 10:45:00,LEFT,34.0,0.0,0.0,4.0,38.0,JehangirChowk,j1,j1_14.csv,MEDIUM,46.0,28
1900-01-01 10:45:00,RIGHT,11.0,16.0,1.0,4.0,32.0,JehangirChowk,j1,j1_14.csv,MEDIUM,33.5,25
1900-01-01 10:45:00,UP,4.0,3.0,3.0,0.0,10.0,JehangirChowk,j1,j1_14.csv,MEDIUM,13.0,19
1900-01-01 10:50:00,DOWN,55.0,58.0,6.0,7.0,126.0,JehangirChowk,j1,j1_14.csv,HIGH,120.0,50
1900-01-01 10:50:00,LEFT,31.0,1.0,1.0,3.0,36.0,JehangirChowk,j1,j1_14.csv,MEDIUM,43.0,27
1900-01-01 10:50:00,RIGHT,18.0,15.0,1.0,9.0,43.0,JehangirChowk,j1,j1_14.csv,MEDIUM,55.0,31
1900-01-01 10:50:00,UP,5.0,18.0,1.0,2.0,26.0,JehangirChowk,j1,j1_14.csv,MEDIUM,22.5,22
1900-01-01 10:55:00,DOWN,48.0,59.0,3.0,6.0,116.0,JehangirChowk,j1,j1_14.csv,HIGH,103.0,45
1900-01-01 10:55:00,LEFT,35.0,2.0,0.0,2.0,39.0,JehangirChowk,j1,j1_14.csv,MEDIUM,42.0,27
1900-01-01 10:55:00,RIGHT,16.0,13.0,2.0,5.0,36.0,JehangirChowk,j1,j1_14.csv,MEDIUM,42.5,27
1900-01-01 10:55:00,UP,12.0,4.0,2.0,4.0,22.0,JehangirChowk,j1,j1_14.csv,MEDIUM,31.0,24
1900-01-01 11:00:00,DOWN,71.0,93.0,0.0,8.0,172.0,JehangirChowk,j1,j1_14.csv,VERY_HIGH,141.5,56
1900-01-01 11:00:00,LEFT,31.0,1.0,0.0,8.0,40.0,JehangirChowk,j1,j1_14.csv,MEDIUM,55.5,31
1900-01-01 11:00:00,RIGHT,21.0,33.0,2.0,8.0,64.0,JehangirChowk,j1,j1_14.csv,MEDIUM,66.5,34
1900-01-01 11:00:00,UP,13.0,17.0,0.0,0.0,30.0,JehangirChowk,j1,j1_14.csv,MEDIUM,21.5,21
1900-01-01 11:05:00,DOWN,62.0,65.0,2.0,12.0,141.0,JehangirChowk,j1,j1_14.csv,HIGH,135.5,54
1900-01-01 11:05:00,LEFT,31.0,1.0,0.0,4.0,36.0,JehangirChowk,j1,j1_14.csv,MEDIUM,43.5,28
1900-01-01 11:05:00,RIGHT,18.0,15.0,0.0,3.0,36.0,JehangirChowk,j1,j1_14.csv,MEDIUM,34.5,25
1900-01-01 11:05:00,UP,8.0,3.0,0.0,0.0,11.0,JehangirChowk,j1,j1_14.csv,MEDIUM,9.5,18
1900-01-01 11:10:00,DOWN,78.0,54.0,5.0,14.0,151.0,JehangirChowk,j1,j1_14.csv,HIGH,159.5,60
1900-01-01 11:10:00,LEFT,33.0,2.0,1.0,3.0,39.0,JehangirChowk,j1,j1_14.csv,MEDIUM,45.5,28
1900-01-01 11:10:00,RIGHT,17.0,20.0,1.0,11.0,49.0,JehangirChowk,j1,j1_14.csv,MEDIUM,62.5,33
1900-01-01 11:10:00,UP,6.0,5.0,0.0,1.0,12.0,JehangirChowk,j1,j1_14.csv,MEDIUM,11.5,18
1900-01-01 11:15:00,DOWN,68.0,78.0,6.0,11.0,163.0,JehangirChowk,j1,j1_14.csv,VERY_HIGH,155.0,60
1900-01-01 11:15:00,LEFT,33.0,2.0,0.0,7.0,42.0,JehangirChowk,j1,j1_14.csv,MEDIUM,55.0,31
1900-01-01 11:15:00,RIGHT,25.0,28.0,0.0,7.0,60.0,JehangirChowk,j1,j1_14.csv,MEDIUM,60.0,32
1900-01-01 11:15:00,UP,3.0,23.0,1.0,0.0,27.0,JehangirChowk,j1,j1_14.csv,MEDIUM,17.0,20
1900-01-01 11:20:00,DOWN,69.0,72.0,2.0,10.0,153.0,JehangirChowk,j1,j1_14.csv,HIGH,140.0,56
1900-01-01 11:20:00,LEFT,41.0,1.0,0.0,4.0,46.0,JehangirChowk,j1,j1_14.csv,MEDIUM,53.5,30
1900-01-01 11:20:00,RIGHT,22.0,24.0,0.0,6.0,52.0,JehangirChowk,j1,j1_14.csv,MEDIUM,52.0,30
1900-01-01 11:20:00,UP,2.0,11.0,0.0,2.0,15.0,JehangirChowk,j1,j1_14.csv,MEDIUM,13.5,19
1900-01-01 11:25:00,DOWN,57.0,55.0,2.0,12.0,126.0,JehangirChowk,j1,j1_14.csv,HIGH,125.5,51
1900-01-01 11:25:00,LEFT,26.0,0.0,0.0,10.0,36.0,JehangirChowk,j1,j1_14.csv,MEDIUM,56.0,31
1900-01-01 11:25:00,RIGHT,14.0,21.0,0.0,7.0,42.0,JehangirChowk,j1,j1_14.csv,MEDIUM,45.5,28
1900-01-01 11:25:00,UP,5.0,0.0,0.0,0.0,5.0,JehangirChowk,j1,j1_14.csv,MEDIUM,5.0,16
1900-01-01 11:30:00,DOWN,4.0,9.0,0.0,1.0,14.0,JehangirChowk,j1,j1_14.csv,MEDIUM,11.5,18
1900-01-01 11:30:00,LEFT,5.0,0.0,0.0,1.0,6.0,JehangirChowk,j1,j1_14.csv,MEDIUM,8.0,17
1900-01-01 11:30:00,RIGHT,0.0,0.0,0.0,0.0,0.0,JehangirChowk,j1,j1_14.csv,LOW,0.0,15
1900-01-01 11:30:00,UP,0.0,0.0,0.0,0.0,0.0,JehangirChowk,j1,j1_14.csv,LOW,0.0,15
1900-01-01 11:25:00,DOWN,39.0,40.0,3.0,18.0,100.0,JehangirChowk,j1,j1_18_one.csv,HIGH,120.5,50
1900-01-01 11:25:00,LEFT,27.0,4.0,0.0,5.0,36.0,JehangirChowk,j1,j1_18_one.csv,MEDIUM,44.0,28
1900-01-01 11:25:00,RIGHT,16.0,18.0,0.0,7.0,41.0,JehangirChowk,j1,j1_18_one.csv,MEDIUM,46.0,28
1900-01-01 11:25:00,UP,1.0,2.0,0.0,1.0,4.0,JehangirChowk,j1,j1_18_one.csv,LOW,5.0,16
1900-01-01 11:30:00,DOWN,47.0,46.0,2.0,6.0,101.0,JehangirChowk,j1,j1_18_one.csv,HIGH,93.0,42
1900-01-01 11:30:00,LEFT,23.0,0.0,0.0,0.0,23.0,JehangirChowk,j1,j1_18_one.csv,MEDIUM,23.0,22
1900-01-01 11:30:00,RIGHT,12.0,15.0,0.0,4.0,31.0,JehangirChowk,j1,j1_18_one.csv,MEDIUM,31.5,24
1900-01-01 11:30:00,UP,1.0,0.0,1.0,1.0,3.0,JehangirChowk,j1,j1_18_one.csv,LOW,6.5,17
1900-01-01 11:35:00,DOWN,46.0,61.0,2.0,17.0,126.0,JehangirChowk,j1,j1_18_one.csv,HIGH,132.5,53
1900-01-01 11:35:00,LEFT,21.0,2.0,0.0,3.0,26.0,JehangirChowk,j1,j1_18_one.csv,MEDIUM,31.0,24
1900-01-01 11:35:00,RIGHT,11.0,18.0,1.0,9.0,39.0,JehangirChowk,j1,j1_18_one.csv,MEDIUM,49.5,29
1900-01-01 11:35:00,UP,11.0,3.0,0.0,2.0,16.0,JehangirChowk,j1,j1_18_one.csv,MEDIUM,18.5,20
1900-01-01 11:40:00,DOWN,63.0,51.0,2.0,10.0,126.0,JehangirChowk,j1,j1_18_one.csv,HIGH,123.5,51
1900-01-01 11:40:00,LEFT,34.0,0.0,0.0,2.0,36.0,JehangirChowk,j1,j1_18_one.csv,MEDIUM,40.0,27
1900-01-01 11:40:00,RIGHT,15.0,7.0,0.0,7.0,29.0,JehangirChowk,j1,j1_18_one.csv,MEDIUM,39.5,26
1900-01-01 11:40:00,UP,2.0,8.0,0.0,1.0,11.0,JehangirChowk,j1,j1_18_one.csv,MEDIUM,9.0,18
1900-01-01 11:45:00,DOWN,46.0,50.0,2.0,13.0,111.0,JehangirChowk,j1,j1_18_one.csv,HIGH,115.0,48
1900-01-01 11:45:00,LEFT,22.0,1.0,0.0,1.0,24.0,JehangirChowk,j1,j1_18_one.csv,MEDIUM,25.5,22
1900-01-01 11:45:00,RIGHT,12.0,17.0,1.0,5.0,35.0,JehangirChowk,j1,j1_18_one.csv,MEDIUM,38.0,26
1900-01-01 11:45:00,UP,0.0,4.0,0.0,1.0,5.0,JehangirChowk,j1,j1_18_one.csv,MEDIUM,5.0,16
1900-01-01 11:50:00,DOWN,49.0,51.0,5.0,16.0,121.0,JehangirChowk,j1,j1_18_one.csv,HIGH,135.0,54
1900-01-01 11:50:00,LEFT,20.0,1.0,0.0,2.0,23.0,JehangirChowk,j1,j1_18_one.csv,MEDIUM,26.5,23
1900-01-01 11:50:00,RIGHT,9.0,10.0,1.0,6.0,26.0,JehangirChowk,j1,j1_18_one.csv,MEDIUM,34.5,25
1900-01-01 11:50:00,UP,0.0,0.0,0.0,2.0,2.0,JehangirChowk,j1,j1_18_one.csv,LOW,6.0,17
1900-01-01 11:55:00,DOWN,51.0,52.0,1.0,8.0,112.0,JehangirChowk,j1,j1_18_one.csv,HIGH,103.5,45
1900-01-01 11:55:00,LEFT,35.0,0.0,0.0,2.0,37.0,JehangirChowk,j1,j1_18_one.csv,MEDIUM,41.0,27
1900-01-01 11:55:00,RIGHT,19.0,14.0,0.0,5.0,38.0,JehangirChowk,j1,j1_18_one.csv,MEDIUM,41.0,27
1900-01-01 11:55:00,UP,2.0,0.0,0.0,0.0,2.0,JehangirChowk,j1,j1_18_one.csv,LOW,2.0,16
1900-01-01 08:55:00,DOWN,0.0,1.0,0.0,0.0,1.0,JehangirChowk,j1,j1_15.csv,LOW,0.5,15
1900-01-01 08:55:00,LEFT,0.0,0.0,0.0,0.0,0.0,JehangirChowk,j1,j1_15.csv,LOW,0.0,15
1900-01-01 08:55:00,RIGHT,0.0,0.0,0.0,0.0,0.0,JehangirChowk,j1,j1_15.csv,LOW,0.0,15
1900-01-01 08:55:00,UP,0.0,0.0,0.0,0.0,0.0,JehangirChowk,j1,j1_15.csv,LOW,0.0,15
1900-01-01 09:00:00,DOWN,42.0,68.0,6.0,11.0,127.0,JehangirChowk,j1,j1_15.csv,HIGH,124.0,51
1900-01-01 09:00:00,LEFT,37.0,3.0,0.0,2.0,42.0,JehangirChowk,j1,j1_15.csv,MEDIUM,44.5,28
1900-01-01 09:00:00,RIGHT,12.0,21.0,0.0,6.0,39.0,JehangirChowk,j1,j1_15.csv,MEDIUM,40.5,27
1900-01-01 09:00:00,UP,1.0,10.0,0.0,0.0,11.0,JehangirChowk,j1,j1_15.csv,MEDIUM,6.0,17
1900-01-01 09:05:00,DOWN,51.0,91.0,7.0,13.0,162.0,JehangirChowk,j1,j1_15.csv,VERY_HIGH,153.0,59
1900-01-01 09:05:00,LEFT,30.0,1.0,0.0,3.0,34.0,JehangirChowk,j1,j1_15.csv,MEDIUM,39.5,26
1900-01-01 09:05:00,RIGHT,14.0,19.0,1.0,5.0,39.0,JehangirChowk,j1,j1_15.csv,MEDIUM,41.0,27
1900-01-01 09:05:00,UP,1.0,5.0,1.0,2.0,9.0,JehangirChowk,j1,j1_15.csv,MEDIUM,12.0,18
1900-01-01 09:10:00,DOWN,77.0,86.0,16.0,4.0,183.0,JehangirChowk,j1,j1_15.csv,VERY_HIGH,172.0,60
1900-01-01 09:10:00,LEFT,46.0,0.0,0.0,1.0,47.0,JehangirChowk,j1,j1_15.csv,MEDIUM,49.0,29
1900-01-01 09:10:00,RIGHT,19.0,14.0,0.0,9.0,42.0,JehangirChowk,j1,j1_15.csv,MEDIUM,53.0,30
1900-01-01 09:10:00,UP,9.0,5.0,0.0,1.0,15.0,JehangirChowk,j1,j1_15.csv,MEDIUM,14.5,19
1900-01-01 09:15:00,DOWN,58.0,89.0,6.0,7.0,160.0,JehangirChowk,j1,j1_15.csv,VERY_HIGH,138.5,55
1900-01-01 09:15:00,LEFT,30.0,2.0,1.0,2.0,35.0,JehangirChowk,j1,j1_15.csv,MEDIUM,39.5,26
1900-01-01 09:15:00,RIGHT,15.0,19.0,0.0,5.0,39.0,JehangirChowk,j1,j1_15.csv,MEDIUM,39.5,26
1900-01-01 09:15:00,UP,24.0,3.0,1.0,3.0,31.0,JehangirChowk,j1,j1_15.csv,MEDIUM,37.0,26
1900-01-01 09:20:00,DOWN,61.0,91.0,5.0,8.0,165.0,JehangirChowk,j1,j1_15.csv,VERY_HIGH,143.0,56
1900-01-01 09:20:00,LEFT,36.0,1.0,0.0,2.0,39.0,JehangirChowk,j1,j1_15.csv,MEDIUM,42.5,27
1900-01-01 09:20:00,RIGHT,14.0,31.0,0.0,9.0,54.0,JehangirChowk,j1,j1_15.csv,MEDIUM,56.5,31
1900-01-01 09:20:00,UP,2.0,14.0,0.0,2.0,18.0,JehangirChowk,j1,j1_15.csv,MEDIUM,15.0,19
1900-01-01 09:25:00,DOWN,42.0,82.0,3.0,8.0,135.0,JehangirChowk,j1,j1_15.csv,HIGH,114.5,48
1900-01-01 09:25:00,LEFT,39.0,1.0,0.0,4.0,44.0,JehangirChowk,j1,j1_15.csv,MEDIUM,51.5,30
1900-01-01 09:25:00,RIGHT,21.0,24.0,0.0,7.0,52.0,JehangirChowk,j1,j1_15.csv,MEDIUM,54.0,31
1900-01-01 09:25:00,UP,3.0,5.0,0.0,2.0,10.0,JehangirChowk,j1,j1_15.csv,MEDIUM,11.5,18
1900-01-01 09:30:00,DOWN,49.0,82.0,3.0,12.0,146.0,JehangirChowk,j1,j1_15.csv,HIGH,133.5,54
1900-01-01 09:30:00,LEFT,37.0,0.0,1.0,4.0,42.0,JehangirChowk,j1,j1_15.csv,MEDIUM,51.5,30
1900-01-01 09:30:00,RIGHT,25.0,19.0,1.0,14.0,59.0,JehangirChowk,j1,j1_15.csv,MEDIUM,79.0,38
1900-01-01 09:30:00,UP,7.0,24.0,1.0,6.0,38.0,JehangirChowk,j1,j1_15.csv,MEDIUM,39.5,26
1900-01-01 09:35:00,DOWN,42.0,90.0,4.0,23.0,159.0,JehangirChowk,j1,j1_15.csv,VERY_HIGH,166.0,60
1900-01-01 09:35:00,LEFT,41.0,1.0,1.0,7.0,50.0,JehangirChowk,j1,j1_15.csv,MEDIUM,65.0,34
1900-01-01 09:35:00,RIGHT,20.0,21.0,0.0,17.0,58.0,JehangirChowk,j1,j1_15.csv,MEDIUM,81.5,39
1900-01-01 09:35:00,UP,1.0,5.0,2.0,0.0,8.0,JehangirChowk,j1,j1_15.csv,MEDIUM,8.5,17
1900-01-01 09:40:00,DOWN,59.0,79.0,4.0,13.0,155.0,JehangirChowk,j1,j1_15.csv,VERY_HIGH,147.5,58
1900-01-01 09:40:00,LEFT,31.0,2.0,1.0,3.0,37.0,JehangirChowk,j1,j1_15.csv,MEDIUM,43.5,28
1900-01-01 09:40:00,RIGHT,26.0,25.0,0.0,4.0,55.0,JehangirChowk,j1,j1_15.csv,MEDIUM,50.5,30
1900-01-01 09:40:00,UP,1.0,4.0,0.0,2.0,7.0,JehangirChowk,j1,j1_15.csv,MEDIUM,9.0,18
1900-01-01 09:45:00,DOWN,61.0,87.0,6.0,13.0,167.0,JehangirChowk,j1,j1_15.csv,VERY_HIGH,158.5,60
1900-01-01 09:45:00,LEFT,38.0,3.0,0.0,3.0,44.0,JehangirChowk,j1,j1_15.csv,MEDIUM,48.5,29
1900-01-01 09:45:00,RIGHT,30.0,19.0,0.0,3.0,52.0,JehangirChowk,j1,j1_15.csv,MEDIUM,48.5,29
1900-01-01 09:45:00,UP,11.0,4.0,0.0,3.0,18.0,JehangirChowk,j1,j1_15.csv,MEDIUM,22.0,21
1900-01-01 09:50:00,DOWN,58.0,81.0,9.0,13.0,161.0,JehangirChowk,j1,j1_15.csv,VERY_HIGH,160.0,60
1900-01-01 09:50:00,LEFT,40.0,1.0,1.0,4.0,46.0,JehangirChowk,j1,j1_15.csv,MEDIUM,55.0,31
1900-01-01 09:50:00,RIGHT,20.0,22.0,0.0,3.0,45.0,JehangirChowk,j1,j1_15.csv,MEDIUM,40.0,27
1900-01-01 09:50:00,UP,18.0,5.0,2.0,2.0,27.0,JehangirChowk,j1,j1_15.csv,MEDIUM,31.5,24
1900-01-01 09:55:00,DOWN,49.0,66.0,4.0,13.0,132.0,JehangirChowk,j1,j1_15.csv,HIGH,131.0,53
1900-01-01 09:55:00,LEFT,17.0,1.0,0.0,2.0,20.0,JehangirChowk,j1,j1_15.csv,MEDIUM,23.5,22
1900-01-01 09:55:00,RIGHT,15.0,29.0,1.0,6.0,51.0,JehangirChowk,j1,j1_15.csv,MEDIUM,50.0,29
1900-01-01 09:55:00,UP,1.0,4.0,3.0,0.0,8.0,JehangirChowk,j1,j1_15.csv,MEDIUM,10.5,18
1900-01-01 10:00:00,DOWN,46.0,88.0,5.0,16.0,155.0,JehangirChowk,j1,j1_15.csv,VERY_HIGH,150.5,59
1900-01-01 10:00:00,LEFT,34.0,1.0,0.0,3.0,38.0,JehangirChowk,j1,j1_15.csv,MEDIUM,43.5,28
1900-01-01 10:00:00,RIGHT,15.0,19.0,3.0,4.0,41.0,JehangirChowk,j1,j1_15.csv,MEDIUM,44.0,28
1900-01-01 10:00:00,UP,4.0,8.0,0.0,1.0,13.0,JehangirChowk,j1,j1_15.csv,MEDIUM,11.0,18
1900-01-01 10:05:00,DOWN,54.0,97.0,5.0,15.0,171.0,JehangirChowk,j1,j1_15.csv,VERY_HIGH,160.0,60
1900-01-01 10:05:00,LEFT,28.0,1.0,0.0,4.0,33.0,JehangirChowk,j1,j1_15.csv,MEDIUM,40.5,27
1900-01-01 10:05:00,RIGHT,13.0,25.0,2.0,4.0,44.0,JehangirChowk,j1,j1_15.csv,MEDIUM,42.5,27
1900-01-01 10:05:00,UP,4.0,15.0,1.0,0.0,20.0,JehangirChowk,j1,j1_15.csv,MEDIUM,14.0,19
1900-01-01 10:10:00,DOWN,52.0,86.0,2.0,8.0,148.0,JehangirChowk,j1,j1_15.csv,HIGH,124.0,51
1900-01-01 10:10:00,LEFT,23.0,3.0,1.0,4.0,31.0,JehangirChowk,j1,j1_15.csv,MEDIUM,39.0,26
1900-01-01 10:10:00,RIGHT,23.0,27.0,1.0,9.0,60.0,JehangirChowk,j1,j1_15.csv,MEDIUM,66.0,34
1900-01-01 10:10:00,UP,7.0,13.0,0.0,2.0,22.0,JehangirChowk,j1,j1_15.csv,MEDIUM,19.5,21
1900-01-01 10:15:00,DOWN,45.0,96.0,5.0,12.0,158.0,JehangirChowk,j1,j1_15.csv,VERY_HIGH,141.5,56
1900-01-01 10:15:00,LEFT,36.0,1.0,0.0,2.0,39.0,JehangirChowk,j1,j1_15.csv,MEDIUM,42.5,27
1900-01-01 10:15:00,RIGHT,19.0,13.0,3.0,6.0,41.0,JehangirChowk,j1,j1_15.csv,MEDIUM,51.0,30
1900-01-01 10:15:00,UP,1.0,10.0,1.0,2.0,14.0,JehangirChowk,j1,j1_15.csv,MEDIUM,14.5,19
1900-01-01 10:20:00,DOWN,60.0,99.0,5.0,19.0,183.0,JehangirChowk,j1,j1_15.csv,VERY_HIGH,179.0,60
1900-01-01 10:20:00,LEFT,38.0,2.0,0.0,3.0,43.0,JehangirChowk,j1,j1_15.csv,MEDIUM,48.0,29
1900-01-01 10:20:00,RIGHT,24.0,21.0,0.0,4.0,49.0,JehangirChowk,j1,j1_15.csv,MEDIUM,46.5,28
1900-01-01 10:20:00,UP,4.0,7.0,0.0,0.0,11.0,JehangirChowk,j1,j1_15.csv,MEDIUM,7.5,17
1900-01-01 10:25:00,DOWN,59.0,75.0,6.0,11.0,151.0,JehangirChowk,j1,j1_15.csv,HIGH,144.5,57
1900-01-01 10:25:00,LEFT,44.0,2.0,0.0,8.0,54.0,JehangirChowk,j1,j1_15.csv,MEDIUM,69.0,35
1900-01-01 10:25:00,RIGHT,11.0,20.0,1.0,5.0,37.0,JehangirChowk,j1,j1_15.csv,MEDIUM,38.5,26
1900-01-01 10:25:00,UP,3.0,9.0,1.0,1.0,14.0,JehangirChowk,j1,j1_15.csv,MEDIUM,13.0,19
1900-01-01 10:30:00,DOWN,58.0,84.0,2.0,12.0,156.0,JehangirChowk,j1,j1_15.csv,VERY_HIGH,141.0,56
1900-01-01 10:30:00,LEFT,44.0,5.0,1.0,8.0,58.0,JehangirChowk,j1,j1_15.csv,MEDIUM,73.0,36
1900-01-01 10:30:00,RIGHT,16.0,21.0,1.0,8.0,46.0,JehangirChowk,j1,j1_15.csv,MEDIUM,53.0,30
1900-01-01 10:30:00,UP,4.0,6.0,1.0,1.0,12.0,JehangirChowk,j1,j1_15.csv,MEDIUM,12.5,19
1900-01-01 10:35:00,DOWN,59.0,102.0,7.0,29.0,197.0,JehangirChowk,j1,j1_15.csv,VERY_HIGH,214.5,60
1900-01-01 10:35:00,LEFT,42.0,2.0,2.0,4.0,50.0,JehangirChowk,j1,j1_15.csv,MEDIUM,60.0,32
1900-01-01 10:35:00,RIGHT,20.0,34.0,2.0,22.0,78.0,JehangirChowk,j1,j1_15.csv,HIGH,108.0,46
1900-01-01 10:35:00,UP,2.0,12.0,0.0,0.0,14.0,JehangirChowk,j1,j1_15.csv,MEDIUM,8.0,17
1900-01-01 10:40:00,DOWN,57.0,59.0,6.0,8.0,130.0,JehangirChowk,j1,j1_15.csv,HIGH,125.5,51
1900-01-01 10:40:00,LEFT,30.0,3.0,0.0,2.0,35.0,JehangirChowk,j1,j1_15.csv,MEDIUM,37.5,26
1900-01-01 10:40:00,RIGHT,21.0,19.0,0.0,2.0,42.0,JehangirChowk,j1,j1_15.csv,MEDIUM,36.5,26
1900-01-01 10:40:00,UP,1.0,3.0,1.0,2.0,7.0,JehangirChowk,j1,j1_15.csv,MEDIUM,11.0,18
1900-01-01 10:45:00,DOWN,52.0,63.0,3.0,7.0,125.0,JehangirChowk,j1,j1_15.csv,HIGH,112.0,47
1900-01-01 10:45:00,LEFT,30.0,2.0,0.0,8.0,40.0,JehangirChowk,j1,j1_15.csv,MEDIUM,55.0,31
1900-01-01 10:45:00,RIGHT,17.0,17.0,0.0,5.0,39.0,JehangirChowk,j1,j1_15.csv,MEDIUM,40.5,27
1900-01-01 10:45:00,UP,3.0,8.0,0.0,0.0,11.0,JehangirChowk,j1,j1_15.csv,MEDIUM,7.0,17
1900-01-01 10:50:00,DOWN,61.0,58.0,0.0,11.0,130.0,JehangirChowk,j1,j1_15.csv,HIGH,123.0,51
1900-01-01 10:50:00,LEFT,27.0,0.0,0.0,5.0,32.0,JehangirChowk,j1,j1_15.csv,MEDIUM,42.0,27
1900-01-01 10:50:00,RIGHT,20.0,17.0,1.0,8.0,46.0,JehangirChowk,j1,j1_15.csv,MEDIUM,55.0,31
1900-01-01 10:50:00,UP,1.0,3.0,0.0,2.0,6.0,JehangirChowk,j1,j1_15.csv,MEDIUM,8.5,17
1900-01-01 10:55:00,DOWN,58.0,73.0,1.0,10.0,142.0,JehangirChowk,j1,j1_15.csv,HIGH,127.0,52
1900-01-01 10:55:00,LEFT,25.0,1.0,2.0,2.0,30.0,JehangirChowk,j1,j1_15.csv,MEDIUM,36.5,26
1900-01-01 10:55:00,RIGHT,28.0,25.0,1.0,6.0,60.0,JehangirChowk,j1,j1_15.csv,MEDIUM,61.0,33
1900-01-01 10:55:00,UP,6.0,9.0,1.0,2.0,18.0,JehangirChowk,j1,j1_15.csv,MEDIUM,19.0,20
1900-01-01 11:00:00,DOWN,60.0,80.0,6.0,9.0,155.0,JehangirChowk,j1,j1_15.csv,VERY_HIGH,142.0,56
1900-01-01 11:00:00,LEFT,47.0,9.0,0.0,1.0,57.0,JehangirChowk,j1,j1_15.csv,MEDIUM,54.5,31
1900-01-01 11:00:00,RIGHT,21.0,29.0,1.0,9.0,60.0,JehangirChowk,j1,j1_15.csv,MEDIUM,65.0,34
1900-01-01 11:00:00,UP,5.0,4.0,1.0,0.0,10.0,JehangirChowk,j1,j1_15.csv,MEDIUM,9.5,18
1900-01-01 11:05:00,DOWN,86.0,84.0,1.0,7.0,178.0,JehangirChowk,j1,j1_15.csv,VERY_HIGH,151.5,59
1900-01-01 11:05:00,LEFT,46.0,7.0,0.0,0.0,53.0,JehangirChowk,j1,j1_15.csv,MEDIUM,49.5,29
1900-01-01 11:05:00,RIGHT,13.0,21.0,0.0,4.0,38.0,JehangirChowk,j1,j1_15.csv,MEDIUM,35.5,25
1900-01-01 11:05:00,UP,0.0,9.0,0.0,0.0,9.0,JehangirChowk,j1,j1_15.csv,MEDIUM,4.5,16
1900-01-01 11:10:00,DOWN,90.0,123.0,3.0,16.0,232.0,JehangirChowk,j1,j1_15.csv,VERY_HIGH,207.0,60
1900-01-01 11:10:00,LEFT,39.0,1.0,0.0,4.0,44.0,JehangirChowk,j1,j1_15.csv,MEDIUM,51.5,30
1900-01-01 11:10:00,RIGHT,26.0,35.0,1.0,8.0,70.0,JehangirChowk,j1,j1_15.csv,MEDIUM,70.0,35
1900-01-01 11:10:00,UP,4.0,8.0,0.0,1.0,13.0,JehangirChowk,j1,j1_15.csv,MEDIUM,11.0,18
1900-01-01 11:15:00,DOWN,126.0,83.0,8.0,16.0,233.0,JehangirChowk,j1,j1_15.csv,VERY_HIGH,235.5,60
1900-01-01 11:15:00,LEFT,39.0,0.0,1.0,4.0,44.0,JehangirChowk,j1,j1_15.csv,MEDIUM,53.5,30
1900-01-01 11:15:00,RIGHT,19.0,26.0,0.0,12.0,57.0,JehangirChowk,j1,j1_15.csv,MEDIUM,68.0,35
1900-01-01 11:15:00,UP,3.0,4.0,3.0,3.0,13.0,JehangirChowk,j1,j1_15.csv,MEDIUM,21.5,21
1900-01-01 11:20:00,DOWN,54.0,109.0,2.0,16.0,181.0,JehangirChowk,j1,j1_15.csv,VERY_HIGH,161.5,60
1900-01-01 11:20:00,LEFT,27.0,2.0,1.0,5.0,35.0,JehangirChowk,j1,j1_15.csv,MEDIUM,45.5,28
1900-01-01 11:20:00,RIGHT,24.0,34.0,0.0,11.0,69.0,JehangirChowk,j1,j1_15.csv,MEDIUM,74.0,36
1900-01-01 11:20:00,UP,3.0,7.0,0.0,0.0,10.0,JehangirChowk,j1,j1_15.csv,MEDIUM,6.5,17
1900-01-01 11:25:00,DOWN,23.0,23.0,0.0,8.0,54.0,JehangirChowk,j1,j1_15.csv,MEDIUM,58.5,32
1900-01-01 11:25:00,LEFT,5.0,0.0,0.0,0.0,5.0,JehangirChowk,j1,j1_15.csv,MEDIUM,5.0,16
1900-01-01 11:25:00,RIGHT,8.0,13.0,0.0,2.0,23.0,JehangirChowk,j1,j1_15.csv,MEDIUM,20.5,21
1900-01-01 11:25:00,UP,9.0,1.0,1.0,1.0,12.0,JehangirChowk,j1,j1_15.csv,MEDIUM,15.0,19
1900-01-01 08:55:00,DOWN,1.0,4.0,0.0,0.0,5.0,JehangirChowk,j1,j1_17.csv,MEDIUM,3.0,16
1900-01-01 08:55:00,LEFT,1.0,0.0,0.0,0.0,1.0,JehangirChowk,j1,j1_17.csv,LOW,1.0,15
1900-01-01 08:55:00,RIGHT,0.0,2.0,0.0,0.0,2.0,JehangirChowk,j1,j1_17.csv,LOW,1.0,15
1900-01-01 08:55:00,UP,0.0,0.0,0.0,0.0,0.0,JehangirChowk,j1,j1_17.csv,LOW,0.0,15
1900-01-01 09:00:00,DOWN,53.0,90.0,2.0,17.0,162.0,JehangirChowk,j1,j1_17.csv,VERY_HIGH,154.0,60
1900-01-01 09:00:00,LEFT,28.0,1.0,0.0,0.0,29.0,JehangirChowk,j1,j1_17.csv,MEDIUM,28.5,23
1900-01-01 09:00:00,RIGHT,13.0,23.0,0.0,15.0,51.0,JehangirChowk,j1,j1_17.csv,MEDIUM,69.5,35
1900-01-01 09:00:00,UP,5.0,3.0,0.0,1.0,9.0,JehangirChowk,j1,j1_17.csv,MEDIUM,9.5,18
1900-01-01 09:05:00,DOWN,41.0,101.0,2.0,14.0,158.0,JehangirChowk,j1,j1_17.csv,VERY_HIGH,138.5,55
1900-01-01 09:05:00,LEFT,20.0,0.0,0.0,1.0,21.0,JehangirChowk,j1,j1_17.csv,MEDIUM,23.0,22
1900-01-01 09:05:00,RIGHT,17.0,15.0,1.0,6.0,39.0,JehangirChowk,j1,j1_17.csv,MEDIUM,45.0,28
1900-01-01 09:05:00,UP,3.0,9.0,0.0,1.0,13.0,JehangirChowk,j1,j1_17.csv,MEDIUM,10.5,18
1900-01-01 09:10:00,DOWN,49.0,83.0,9.0,10.0,151.0,JehangirChowk,j1,j1_17.csv,HIGH,143.0,56
1900-01-01 09:10:00,LEFT,21.0,2.0,0.0,3.0,26.0,JehangirChowk,j1,j1_17.csv,MEDIUM,31.0,24
1900-01-01 09:10:00,RIGHT,11.0,26.0,0.0,16.0,53.0,JehangirChowk,j1,j1_17.csv,MEDIUM,72.0,36
1900-01-01 09:10:00,UP,12.0,12.0,0.0,3.0,27.0,JehangirChowk,j1,j1_17.csv,MEDIUM,27.0,23
1900-01-01 09:15:00,DOWN,36.0,74.0,2.0,15.0,127.0,JehangirChowk,j1,j1_17.csv,HIGH,123.0,51
1900-01-01 09:15:00,LEFT,19.0,0.0,0.0,0.0,19.0,JehangirChowk,j1,j1_17.csv,MEDIUM,19.0,20
1900-01-01 09:15:00,RIGHT,14.0,23.0,0.0,6.0,43.0,JehangirChowk,j1,j1_17.csv,MEDIUM,43.5,28
1900-01-01 09:15:00,UP,0.0,7.0,0.0,0.0,7.0,JehangirChowk,j1,j1_17.csv,MEDIUM,3.5,16
1900-01-01 09:20:00,DOWN,49.0,109.0,3.0,17.0,178.0,JehangirChowk,j1,j1_17.csv,VERY_HIGH,162.0,60
1900-01-01 09:20:00,LEFT,31.0,2.0,0.0,0.0,33.0,JehangirChowk,j1,j1_17.csv,MEDIUM,32.0,24
1900-01-01 09:20:00,RIGHT,19.0,36.0,0.0,10.0,65.0,JehangirChowk,j1,j1_17.csv,MEDIUM,67.0,34
1900-01-01 09:20:00,UP,3.0,5.0,0.0,1.0,9.0,JehangirChowk,j1,j1_17.csv,MEDIUM,8.5,17
1900-01-01 09:25:00,DOWN,56.0,82.0,6.0,17.0,161.0,JehangirChowk,j1,j1_17.csv,VERY_HIGH,163.0,60
1900-01-01 09:25:00,LEFT,37.0,2.0,0.0,2.0,41.0,JehangirChowk,j1,j1_17.csv,MEDIUM,44.0,28
1900-01-01 09:25:00,RIGHT,28.0,26.0,0.0,12.0,66.0,JehangirChowk,j1,j1_17.csv,MEDIUM,77.0,37
1900-01-01 09:25:00,UP,2.0,7.0,0.0,3.0,12.0,JehangirChowk,j1,j1_17.csv,MEDIUM,14.5,19
1900-01-01 09:30:00,DOWN,46.0,80.0,8.0,13.0,147.0,JehangirChowk,j1,j1_17.csv,HIGH,145.0,57
1900-01-01 09:30:00,LEFT,34.0,6.0,0.0,3.0,43.0,JehangirChowk,j1,j1_17.csv,MEDIUM,46.0,28
1900-01-01 09:30:00,RIGHT,26.0,15.0,1.0,7.0,49.0,JehangirChowk,j1,j1_17.csv,MEDIUM,57.0,31
1900-01-01 09:30:00,UP,10.0,7.0,1.0,2.0,20.0,JehangirChowk,j1,j1_17.csv,MEDIUM,22.0,21
1900-01-01 09:35:00,DOWN,70.0,71.0,7.0,25.0,173.0,JehangirChowk,j1,j1_17.csv,VERY_HIGH,198.0,60
1900-01-01 09:35:00,LEFT,37.0,0.0,0.0,2.0,39.0,JehangirChowk,j1,j1_17.csv,MEDIUM,43.0,27
1900-01-01 09:35:00,RIGHT,29.0,25.0,0.0,11.0,65.0,JehangirChowk,j1,j1_17.csv,MEDIUM,74.5,37
1900-01-01 09:35:00,UP,10.0,1.0,3.0,1.0,15.0,JehangirChowk,j1,j1_17.csv,MEDIUM,21.0,21
1900-01-01 09:40:00,DOWN,57.0,76.0,6.0,34.0,173.0,JehangirChowk,j1,j1_17.csv,VERY_HIGH,212.0,60
1900-01-01 09:40:00,LEFT,29.0,1.0,1.0,2.0,33.0,JehangirChowk,j1,j1_17.csv,MEDIUM,38.0,26
1900-01-01 09:40:00,RIGHT,31.0,16.0,0.0,9.0,56.0,JehangirChowk,j1,j1_17.csv,MEDIUM,66.0,34
1900-01-01 09:40:00,UP,6.0,3.0,0.0,5.0,14.0,JehangirChowk,j1,j1_17.csv,MEDIUM,22.5,22
1900-01-01 09:45:00,DOWN,46.0,80.0,5.0,13.0,144.0,JehangirChowk,j1,j1_17.csv,HIGH,137.5,55
1900-01-01 09:45:00,LEFT,34.0,1.0,1.0,8.0,44.0,JehangirChowk,j1,j1_17.csv,MEDIUM,61.0,33
1900-01-01 09:45:00,RIGHT,16.0,11.0,0.0,4.0,31.0,JehangirChowk,j1,j1_17.csv,MEDIUM,33.5,25
1900-01-01 09:45:00,UP,3.0,3.0,1.0,0.0,7.0,JehangirChowk,j1,j1_17.csv,MEDIUM,7.0,17
1900-01-01 09:50:00,DOWN,44.0,64.0,7.0,18.0,133.0,JehangirChowk,j1,j1_17.csv,HIGH,147.5,58
1900-01-01 09:50:00,LEFT,40.0,0.0,1.0,1.0,42.0,JehangirChowk,j1,j1_17.csv,MEDIUM,45.5,28
1900-01-01 09:50:00,RIGHT,17.0,22.0,3.0,6.0,48.0,JehangirChowk,j1,j1_17.csv,MEDIUM,53.5,30
1900-01-01 09:50:00,UP,6.0,0.0,1.0,0.0,7.0,JehangirChowk,j1,j1_17.csv,MEDIUM,8.5,17
1900-01-01 09:55:00,DOWN,45.0,85.0,4.0,14.0,148.0,JehangirChowk,j1,j1_17.csv,HIGH,139.5,55
1900-01-01 09:55:00,LEFT,35.0,0.0,0.0,2.0,37.0,JehangirChowk,j1,j1_17.csv,MEDIUM,41.0,27
1900-01-01 09:55:00,RIGHT,26.0,24.0,2.0,9.0,61.0,JehangirChowk,j1,j1_17.csv,MEDIUM,70.0,35
1900-01-01 09:55:00,UP,5.0,10.0,0.0,0.0,15.0,JehangirChowk,j1,j1_17.csv,MEDIUM,10.0,18
1900-01-01 10:00:00,DOWN,64.0,92.0,4.0,13.0,173.0,JehangirChowk,j1,j1_17.csv,VERY_HIGH,159.0,60
1900-01-01 10:00:00,LEFT,39.0,0.0,0.0,5.0,44.0,JehangirChowk,j1,j1_17.csv,MEDIUM,54.0,31
1900-01-01 10:00:00,RIGHT,20.0,23.0,3.0,7.0,53.0,JehangirChowk,j1,j1_17.csv,MEDIUM,60.0,32
1900-01-01 10:00:00,UP,7.0,2.0,0.0,1.0,10.0,JehangirChowk,j1,j1_17.csv,MEDIUM,11.0,18
1900-01-01 10:05:00,DOWN,68.0,89.0,1.0,10.0,168.0,JehangirChowk,j1,j1_17.csv,VERY_HIGH,145.0,57
1900-01-01 10:05:00,LEFT,34.0,4.0,0.0,5.0,43.0,JehangirChowk,j1,j1_17.csv,MEDIUM,51.0,30
1900-01-01 10:05:00,RIGHT,20.0,25.0,1.0,8.0,54.0,JehangirChowk,j1,j1_17.csv,MEDIUM,59.0,32
1900-01-01 10:05:00,UP,33.0,31.0,2.0,0.0,66.0,JehangirChowk,j1,j1_17.csv,MEDIUM,53.5,30
1900-01-01 10:10:00,DOWN,44.0,88.0,1.0,19.0,152.0,JehangirChowk,j1,j1_17.csv,HIGH,147.5,58
1900-01-01 10:10:00,LEFT,26.0,2.0,1.0,1.0,30.0,JehangirChowk,j1,j1_17.csv,MEDIUM,32.5,24
1900-01-01 10:10:00,RIGHT,13.0,28.0,0.0,10.0,51.0,JehangirChowk,j1,j1_17.csv,MEDIUM,57.0,31
1900-01-01 10:10:00,UP,2.0,2.0,0.0,1.0,5.0,JehangirChowk,j1,j1_17.csv,MEDIUM,6.0,17
1900-01-01 10:15:00,DOWN,43.0,88.0,2.0,15.0,148.0,JehangirChowk,j1,j1_17.csv,HIGH,137.0,55
1900-01-01 10:15:00,LEFT,38.0,4.0,1.0,2.0,45.0,JehangirChowk,j1,j1_17.csv,MEDIUM,48.5,29
1900-01-01 10:15:00,RIGHT,15.0,13.0,1.0,16.0,45.0,JehangirChowk,j1,j1_17.csv,MEDIUM,72.0,36
1900-01-01 10:15:00,UP,6.0,7.0,1.0,0.0,14.0,JehangirChowk,j1,j1_17.csv,MEDIUM,12.0,18
1900-01-01 10:20:00,DOWN,43.0,69.0,1.0,14.0,127.0,JehangirChowk,j1,j1_17.csv,HIGH,122.0,50
1900-01-01 10:20:00,LEFT,39.0,4.0,0.0,1.0,44.0,JehangirChowk,j1,j1_17.csv,MEDIUM,44.0,28
1900-01-01 10:20:00,RIGHT,21.0,21.0,0.0,7.0,49.0,JehangirChowk,j1,j1_17.csv,MEDIUM,52.5,30
1900-01-01 10:20:00,UP,5.0,2.0,1.0,0.0,8.0,JehangirChowk,j1,j1_17.csv,MEDIUM,8.5,17
1900-01-01 10:25:00,DOWN,56.0,114.0,6.0,8.0,184.0,JehangirChowk,j1,j1_17.csv,VERY_HIGH,152.0,59
1900-01-01 10:25:00,LEFT,35.0,0.0,0.0,3.0,38.0,JehangirChowk,j1,j1_17.csv,MEDIUM,44.0,28
1900-01-01 10:25:00,RIGHT,17.0,28.0,1.0,10.0,56.0,JehangirChowk,j1,j1_17.csv,MEDIUM,63.5,33
1900-01-01 10:25:00,UP,11.0,1.0,0.0,1.0,13.0,JehangirChowk,j1,j1_17.csv,MEDIUM,14.5,19
1900-01-01 10:30:00,DOWN,49.0,64.0,2.0,18.0,133.0,JehangirChowk,j1,j1_17.csv,HIGH,140.0,56
1900-01-01 10:30:00,LEFT,41.0,0.0,0.0,0.0,41.0,JehangirChowk,j1,j1_17.csv,MEDIUM,41.0,27
1900-01-01 10:30:00,RIGHT,25.0,13.0,2.0,7.0,47.0,JehangirChowk,j1,j1_17.csv,MEDIUM,57.5,32
1900-01-01 10:30:00,UP,2.0,9.0,0.0,2.0,13.0,JehangirChowk,j1,j1_17.csv,MEDIUM,12.5,19
1900-01-01 10:35:00,DOWN,43.0,59.0,2.0,17.0,121.0,JehangirChowk,j1,j1_17.csv,HIGH,128.5,52
1900-01-01 10:35:00,LEFT,44.0,1.0,0.0,3.0,48.0,JehangirChowk,j1,j1_17.csv,MEDIUM,53.5,30
1900-01-01 10:35:00,RIGHT,18.0,11.0,2.0,11.0,42.0,JehangirChowk,j1,j1_17.csv,MEDIUM,61.5,33
1900-01-01 10:35:00,UP,3.0,3.0,0.0,0.0,6.0,JehangirChowk,j1,j1_17.csv,MEDIUM,4.5,16
1900-01-01 10:40:00,DOWN,54.0,77.0,4.0,20.0,155.0,JehangirChowk,j1,j1_17.csv,VERY_HIGH,162.5,60
1900-01-01 10:40:00,LEFT,38.0,2.0,0.0,3.0,43.0,JehangirChowk,j1,j1_17.csv,MEDIUM,48.0,29
1900-01-01 10:40:00,RIGHT,23.0,26.0,0.0,7.0,56.0,JehangirChowk,j1,j1_17.csv,MEDIUM,57.0,31
1900-01-01 10:40:00,UP,4.0,4.0,0.0,0.0,8.0,JehangirChowk,j1,j1_17.csv,MEDIUM,6.0,17
1900-01-01 10:45:00,DOWN,62.0,73.0,1.0,13.0,149.0,JehangirChowk,j1,j1_17.csv,HIGH,140.0,56
1900-01-01 10:45:00,LEFT,43.0,0.0,0.0,3.0,46.0,JehangirChowk,j1,j1_17.csv,MEDIUM,52.0,30
1900-01-01 10:45:00,RIGHT,22.0,14.0,0.0,11.0,47.0,JehangirChowk,j1,j1_17.csv,MEDIUM,62.0,33
1900-01-01 10:45:00,UP,6.0,2.0,1.0,1.0,10.0,JehangirChowk,j1,j1_17.csv,MEDIUM,12.5,19
1900-01-01 10:50:00,DOWN,70.0,84.0,4.0,12.0,170.0,JehangirChowk,j1,j1_17.csv,VERY_HIGH,158.0,60
1900-01-01 10:50:00,LEFT,46.0,4.0,0.0,2.0,52.0,JehangirChowk,j1,j1_17.csv,MEDIUM,54.0,31
1900-01-01 10:50:00,RIGHT,33.0,26.0,1.0,7.0,67.0,JehangirChowk,j1,j1_17.csv,MEDIUM,69.5,35
1900-01-01 10:50:00,UP,6.0,7.0,3.0,1.0,17.0,JehangirChowk,j1,j1_17.csv,MEDIUM,20.0,21
1900-01-01 10:55:00,DOWN,53.0,62.0,2.0,16.0,133.0,JehangirChowk,j1,j1_17.csv,HIGH,137.0,55
1900-01-01 10:55:00,LEFT,46.0,1.0,0.0,5.0,52.0,JehangirChowk,j1,j1_17.csv,MEDIUM,61.5,33
1900-01-01 10:55:00,RIGHT,24.0,29.0,0.0,8.0,61.0,JehangirChowk,j1,j1_17.csv,MEDIUM,62.5,33
1900-01-01 10:55:00,UP,3.0,3.0,2.0,0.0,8.0,JehangirChowk,j1,j1_17.csv,MEDIUM,9.5,18
1900-01-01 11:00:00,DOWN,70.0,74.0,6.0,14.0,164.0,JehangirChowk,j1,j1_17.csv,VERY_HIGH,164.0,60
1900-01-01 11:00:00,LEFT,35.0,1.0,1.0,1.0,38.0,JehangirChowk,j1,j1_17.csv,MEDIUM,41.0,27
1900-01-01 11:00:00,RIGHT,20.0,18.0,2.0,5.0,45.0,JehangirChowk,j1,j1_17.csv,MEDIUM,49.0,29
1900-01-01 11:00:00,UP,4.0,3.0,0.0,0.0,7.0,JehangirChowk,j1,j1_17.csv,MEDIUM,5.5,17
1900-01-01 11:05:00,DOWN,55.0,68.0,3.0,19.0,145.0,JehangirChowk,j1,j1_17.csv,HIGH,153.5,59
1900-01-01 11:05:00,LEFT,39.0,1.0,0.0,3.0,43.0,JehangirChowk,j1,j1_17.csv,MEDIUM,48.5,29
1900-01-01 11:05:00,RIGHT,21.0,18.0,0.0,2.0,41.0,JehangirChowk,j1,j1_17.csv,MEDIUM,36.0,25
1900-01-01 11:05:00,UP,2.0,5.0,1.0,2.0,10.0,JehangirChowk,j1,j1_17.csv,MEDIUM,13.0,19
1900-01-01 11:10:00,DOWN,76.0,71.0,0.0,9.0,156.0,JehangirChowk,j1,j1_17.csv,VERY_HIGH,138.5,55
1900-01-01 11:10:00,LEFT,42.0,1.0,0.0,2.0,45.0,JehangirChowk,j1,j1_17.csv,MEDIUM,48.5,29
1900-01-01 11:10:00,RIGHT,23.0,24.0,0.0,7.0,54.0,JehangirChowk,j1,j1_17.csv,MEDIUM,56.0,31
1900-01-01 11:10:00,UP,15.0,1.0,1.0,0.0,17.0,JehangirChowk,j1,j1_17.csv,MEDIUM,18.0,20
1900-01-01 11:15:00,DOWN,70.0,70.0,4.0,16.0,160.0,JehangirChowk,j1,j1_17.csv,VERY_HIGH,163.0,60
1900-01-01 11:15:00,LEFT,36.0,1.0,0.0,3.0,40.0,JehangirChowk,j1,j1_17.csv,MEDIUM,45.5,28
1900-01-01 11:15:00,RIGHT,18.0,17.0,1.0,14.0,50.0,JehangirChowk,j1,j1_17.csv,MEDIUM,71.0,36
1900-01-01 11:15:00,UP,6.0,1.0,0.0,1.0,8.0,JehangirChowk,j1,j1_17.csv,MEDIUM,9.5,18
1900-01-01 11:20:00,DOWN,68.0,69.0,3.0,19.0,159.0,JehangirChowk,j1,j1_17.csv,VERY_HIGH,167.0,60
1900-01-01 11:20:00,LEFT,32.0,2.0,0.0,0.0,34.0,JehangirChowk,j1,j1_17.csv,MEDIUM,33.0,25
1900-01-01 11:20:00,RIGHT,24.0,24.0,0.0,9.0,57.0,JehangirChowk,j1,j1_17.csv,MEDIUM,63.0,33
1900-01-01 11:20:00,UP,13.0,5.0,1.0,0.0,19.0,JehangirChowk,j1,j1_17.csv,MEDIUM,18.0,20
1900-01-01 11:25:00,DOWN,20.0,25.0,0.0,6.0,51.0,JehangirChowk,j1,j1_17.csv,MEDIUM,50.5,30
1900-01-01 11:25:00,LEFT,9.0,0.0,0.0,3.0,12.0,JehangirChowk,j1,j1_17.csv,MEDIUM,18.0,20
1900-01-01 11:25:00,RIGHT,5.0,5.0,0.0,2.0,12.0,JehangirChowk,j1,j1_17.csv,MEDIUM,13.5,19
1900-01-01 11:25:00,UP,0.0,3.0,0.0,0.0,3.0,JehangirChowk,j1,j1_17.csv,LOW,1.5,15
1900-01-01 08:55:00,DOWN,0.0,2.0,0.0,0.0,2.0,JehangirChowk,j1,j1_16.csv,LOW,1.0,15
1900-01-01 08:55:00,LEFT,0.0,0.0,0.0,0.0,0.0,JehangirChowk,j1,j1_16.csv,LOW,0.0,15
1900-01-01 08:55:00,RIGHT,0.0,0.0,0.0,0.0,0.0,JehangirChowk,j1,j1_16.csv,LOW,0.0,15
1900-01-01 08:55:00,UP,0.0,0.0,0.0,0.0,0.0,JehangirChowk,j1,j1_16.csv,LOW,0.0,15
1900-01-01 09:00:00,DOWN,61.0,73.0,5.0,12.0,151.0,JehangirChowk,j1,j1_16.csv,HIGH,146.0,57
1900-01-01 09:00:00,LEFT,20.0,1.0,0.0,3.0,24.0,JehangirChowk,j1,j1_16.csv,MEDIUM,29.5,24
1900-01-01 09:00:00,RIGHT,21.0,21.0,0.0,5.0,47.0,JehangirChowk,j1,j1_16.csv,MEDIUM,46.5,28
1900-01-01 09:00:00,UP,1.0,8.0,0.0,0.0,9.0,JehangirChowk,j1,j1_16.csv,MEDIUM,5.0,16
1900-01-01 09:05:00,DOWN,56.0,75.0,6.0,8.0,145.0,JehangirChowk,j1,j1_16.csv,HIGH,132.5,53
1900-01-01 09:05:00,LEFT,26.0,1.0,0.0,1.0,28.0,JehangirChowk,j1,j1_16.csv,MEDIUM,29.5,24
1900-01-01 09:05:00,RIGHT,17.0,24.0,0.0,1.0,42.0,JehangirChowk,j1,j1_16.csv,MEDIUM,32.0,24
1900-01-01 09:05:00,UP,2.0,10.0,2.0,2.0,16.0,JehangirChowk,j1,j1_16.csv,MEDIUM,18.0,20
1900-01-01 09:10:00,DOWN,71.0,74.0,10.0,8.0,163.0,JehangirChowk,j1,j1_16.csv,VERY_HIGH,157.0,60
1900-01-01 09:10:00,LEFT,26.0,1.0,0.0,1.0,28.0,JehangirChowk,j1,j1_16.csv,MEDIUM,29.5,24
1900-01-01 09:10:00,RIGHT,15.0,26.0,0.0,9.0,50.0,JehangirChowk,j1,j1_16.csv,MEDIUM,55.0,31
1900-01-01 09:10:00,UP,3.0,4.0,1.0,2.0,10.0,JehangirChowk,j1,j1_16.csv,MEDIUM,13.5,19
1900-01-01 09:15:00,DOWN,53.0,75.0,2.0,15.0,145.0,JehangirChowk,j1,j1_16.csv,HIGH,140.5,56
1900-01-01 09:15:00,LEFT,33.0,1.0,0.0,0.0,34.0,JehangirChowk,j1,j1_16.csv,MEDIUM,33.5,25
1900-01-01 09:15:00,RIGHT,20.0,21.0,1.0,7.0,49.0,JehangirChowk,j1,j1_16.csv,MEDIUM,54.0,31
1900-01-01 09:15:00,UP,2.0,6.0,0.0,3.0,11.0,JehangirChowk,j1,j1_16.csv,MEDIUM,14.0,19
1900-01-01 09:20:00,DOWN,35.0,92.0,5.0,8.0,140.0,JehangirChowk,j1,j1_16.csv,HIGH,117.5,49
1900-01-01 09:20:00,LEFT,25.0,2.0,0.0,0.0,27.0,JehangirChowk,j1,j1_16.csv,MEDIUM,26.0,23
1900-01-01 09:20:00,RIGHT,12.0,22.0,1.0,4.0,39.0,JehangirChowk,j1,j1_16.csv,MEDIUM,37.5,26
1900-01-01 09:20:00,UP,4.0,10.0,0.0,6.0,20.0,JehangirChowk,j1,j1_16.csv,MEDIUM,27.0,23
1900-01-01 09:25:00,DOWN,58.0,95.0,6.0,12.0,171.0,JehangirChowk,j1,j1_16.csv,VERY_HIGH,156.5,60
1900-01-01 09:25:00,LEFT,26.0,2.0,0.0,1.0,29.0,JehangirChowk,j1,j1_16.csv,MEDIUM,30.0,24
1900-01-01 09:25:00,RIGHT,13.0,24.0,0.0,8.0,45.0,JehangirChowk,j1,j1_16.csv,MEDIUM,49.0,29
1900-01-01 09:25:00,UP,2.0,6.0,0.0,1.0,9.0,JehangirChowk,j1,j1_16.csv,MEDIUM,8.0,17
1900-01-01 09:30:00,DOWN,47.0,55.0,5.0,14.0,121.0,JehangirChowk,j1,j1_16.csv,HIGH,129.0,52
1900-01-01 09:30:00,LEFT,31.0,0.0,0.0,1.0,32.0,JehangirChowk,j1,j1_16.csv,MEDIUM,34.0,25
1900-01-01 09:30:00,RIGHT,13.0,23.0,1.0,3.0,40.0,JehangirChowk,j1,j1_16.csv,MEDIUM,36.0,25
1900-01-01 09:30:00,UP,5.0,6.0,0.0,0.0,11.0,JehangirChowk,j1,j1_16.csv,MEDIUM,8.0,17
1900-01-01 09:35:00,DOWN,36.0,79.0,6.0,22.0,143.0,JehangirChowk,j1,j1_16.csv,HIGH,156.5,60
1900-01-01 09:35:00,LEFT,43.0,2.0,0.0,0.0,45.0,JehangirChowk,j1,j1_16.csv,MEDIUM,44.0,28
1900-01-01 09:35:00,RIGHT,14.0,23.0,0.0,11.0,48.0,JehangirChowk,j1,j1_16.csv,MEDIUM,58.5,32
1900-01-01 09:35:00,UP,0.0,5.0,0.0,0.0,5.0,JehangirChowk,j1,j1_16.csv,MEDIUM,2.5,16
1900-01-01 09:40:00,DOWN,48.0,90.0,5.0,7.0,150.0,JehangirChowk,j1,j1_16.csv,HIGH,126.5,52
1900-01-01 09:40:00,LEFT,37.0,1.0,1.0,4.0,43.0,JehangirChowk,j1,j1_16.csv,MEDIUM,52.0,30
1900-01-01 09:40:00,RIGHT,13.0,22.0,0.0,7.0,42.0,JehangirChowk,j1,j1_16.csv,MEDIUM,45.0,28
1900-01-01 09:40:00,UP,2.0,39.0,2.0,2.0,45.0,JehangirChowk,j1,j1_16.csv,MEDIUM,32.5,24
1900-01-01 09:45:00,DOWN,44.0,71.0,5.0,11.0,131.0,JehangirChowk,j1,j1_16.csv,HIGH,125.0,51
1900-01-01 09:45:00,LEFT,34.0,9.0,0.0,3.0,46.0,JehangirChowk,j1,j1_16.csv,MEDIUM,47.5,29
1900-01-01 09:45:00,RIGHT,13.0,23.0,1.0,3.0,40.0,JehangirChowk,j1,j1_16.csv,MEDIUM,36.0,25
1900-01-01 09:45:00,UP,4.0,7.0,0.0,1.0,12.0,JehangirChowk,j1,j1_16.csv,MEDIUM,10.5,18
1900-01-01 09:50:00,DOWN,59.0,92.0,2.0,11.0,164.0,JehangirChowk,j1,j1_16.csv,VERY_HIGH,143.0,56
1900-01-01 09:50:00,LEFT,22.0,1.0,0.0,3.0,26.0,JehangirChowk,j1,j1_16.csv,MEDIUM,31.5,24
1900-01-01 09:50:00,RIGHT,16.0,16.0,0.0,6.0,38.0,JehangirChowk,j1,j1_16.csv,MEDIUM,42.0,27
1900-01-01 09:50:00,UP,2.0,7.0,1.0,1.0,11.0,JehangirChowk,j1,j1_16.csv,MEDIUM,11.0,18
1900-01-01 09:55:00,DOWN,33.0,58.0,2.0,10.0,103.0,JehangirChowk,j1,j1_16.csv,HIGH,97.0,43
1900-01-01 09:55:00,LEFT,37.0,1.0,0.0,0.0,38.0,JehangirChowk,j1,j1_16.csv,MEDIUM,37.5,26
1900-01-01 09:55:00,RIGHT,13.0,17.0,1.0,6.0,37.0,JehangirChowk,j1,j1_16.csv,MEDIUM,42.0,27
1900-01-01 09:55:00,UP,5.0,7.0,0.0,0.0,12.0,JehangirChowk,j1,j1_16.csv,MEDIUM,8.5,17
1900-01-01 10:00:00,DOWN,37.0,72.0,5.0,13.0,127.0,JehangirChowk,j1,j1_16.csv,HIGH,124.5,51
1900-01-01 10:00:00,LEFT,30.0,0.0,0.0,2.0,32.0,JehangirChowk,j1,j1_16.csv,MEDIUM,36.0,25
1900-01-01 10:00:00,RIGHT,10.0,23.0,3.0,6.0,42.0,JehangirChowk,j1,j1_16.csv,MEDIUM,47.0,29
1900-01-01 10:00:00,UP,1.0,10.0,0.0,0.0,11.0,JehangirChowk,j1,j1_16.csv,MEDIUM,6.0,17
1900-01-01 10:05:00,DOWN,33.0,78.0,3.0,7.0,121.0,JehangirChowk,j1,j1_16.csv,HIGH,100.5,44
1900-01-01 10:05:00,LEFT,45.0,1.0,1.0,3.0,50.0,JehangirChowk,j1,j1_16.csv,MEDIUM,57.0,31
1900-01-01 10:05:00,RIGHT,15.0,13.0,0.0,4.0,32.0,JehangirChowk,j1,j1_16.csv,MEDIUM,33.5,25
1900-01-01 10:05:00,UP,0.0,10.0,0.0,0.0,10.0,JehangirChowk,j1,j1_16.csv,MEDIUM,5.0,16
1900-01-01 10:10:00,DOWN,44.0,80.0,5.0,14.0,143.0,JehangirChowk,j1,j1_16.csv,HIGH,138.5,55
1900-01-01 10:10:00,LEFT,30.0,1.0,3.0,3.0,37.0,JehangirChowk,j1,j1_16.csv,MEDIUM,47.0,29
1900-01-01 10:10:00,RIGHT,8.0,17.0,1.0,8.0,34.0,JehangirChowk,j1,j1_16.csv,MEDIUM,43.0,27
1900-01-01 10:10:00,UP,0.0,7.0,0.0,0.0,7.0,JehangirChowk,j1,j1_16.csv,MEDIUM,3.5,16
1900-01-01 10:15:00,DOWN,41.0,62.0,3.0,14.0,120.0,JehangirChowk,j1,j1_16.csv,HIGH,121.5,50
1900-01-01 10:15:00,LEFT,47.0,0.0,0.0,0.0,47.0,JehangirChowk,j1,j1_16.csv,MEDIUM,47.0,29
1900-01-01 10:15:00,RIGHT,17.0,18.0,3.0,10.0,48.0,JehangirChowk,j1,j1_16.csv,MEDIUM,63.5,33
1900-01-01 10:15:00,UP,5.0,3.0,3.0,1.0,12.0,JehangirChowk,j1,j1_16.csv,MEDIUM,17.0,20
1900-01-01 10:20:00,DOWN,55.0,71.0,4.0,13.0,143.0,JehangirChowk,j1,j1_16.csv,HIGH,139.5,55
1900-01-01 10:20:00,LEFT,38.0,1.0,0.0,0.0,39.0,JehangirChowk,j1,j1_16.csv,MEDIUM,38.5,26
1900-01-01 10:20:00,RIGHT,13.0,18.0,2.0,3.0,36.0,JehangirChowk,j1,j1_16.csv,MEDIUM,36.0,25
1900-01-01 10:20:00,UP,3.0,4.0,1.0,1.0,9.0,JehangirChowk,j1,j1_16.csv,MEDIUM,10.5,18
1900-01-01 10:25:00,DOWN,47.0,39.0,8.0,15.0,109.0,JehangirChowk,j1,j1_16.csv,HIGH,131.5,53
1900-01-01 10:25:00,LEFT,28.0,0.0,0.0,2.0,30.0,JehangirChowk,j1,j1_16.csv,MEDIUM,34.0,25
1900-01-01 10:25:00,RIGHT,9.0,23.0,0.0,8.0,40.0,JehangirChowk,j1,j1_16.csv,MEDIUM,44.5,28
1900-01-01 10:25:00,UP,0.0,2.0,4.0,2.0,8.0,JehangirChowk,j1,j1_16.csv,MEDIUM,17.0,20
1900-01-01 10:30:00,DOWN,41.0,59.0,1.0,14.0,115.0,JehangirChowk,j1,j1_16.csv,HIGH,115.0,48
1900-01-01 10:30:00,LEFT,31.0,2.0,0.0,3.0,36.0,JehangirChowk,j1,j1_16.csv,MEDIUM,41.0,27
1900-01-01 10:30:00,RIGHT,6.0,21.0,3.0,9.0,39.0,JehangirChowk,j1,j1_16.csv,MEDIUM,51.0,30
1900-01-01 10:30:00,UP,5.0,7.0,0.0,1.0,13.0,JehangirChowk,j1,j1_16.csv,MEDIUM,11.5,18
1900-01-01 10:35:00,DOWN,44.0,73.0,5.0,16.0,138.0,JehangirChowk,j1,j1_16.csv,HIGH,141.0,56
1900-01-01 10:35:00,LEFT,29.0,0.0,0.0,5.0,34.0,JehangirChowk,j1,j1_16.csv,MEDIUM,44.0,28
1900-01-01 10:35:00,RIGHT,8.0,23.0,1.0,9.0,41.0,JehangirChowk,j1,j1_16.csv,MEDIUM,49.0,29
1900-01-01 10:35:00,UP,2.0,7.0,0.0,5.0,14.0,JehangirChowk,j1,j1_16.csv,MEDIUM,20.5,21
1900-01-01 10:40:00,DOWN,53.0,58.0,5.0,8.0,124.0,JehangirChowk,j1,j1_16.csv,HIGH,118.5,49
1900-01-01 10:40:00,LEFT,41.0,1.0,0.0,3.0,45.0,JehangirChowk,j1,j1_16.csv,MEDIUM,50.5,30
1900-01-01 10:40:00,RIGHT,16.0,20.0,0.0,5.0,41.0,JehangirChowk,j1,j1_16.csv,MEDIUM,41.0,27
1900-01-01 10:40:00,UP,2.0,4.0,0.0,2.0,8.0,JehangirChowk,j1,j1_16.csv,MEDIUM,10.0,18
1900-01-01 10:45:00,DOWN,53.0,47.0,8.0,15.0,123.0,JehangirChowk,j1,j1_16.csv,HIGH,141.5,56
1900-01-01 10:45:00,LEFT,29.0,0.0,0.0,2.0,31.0,JehangirChowk,j1,j1_16.csv,MEDIUM,35.0,25
1900-01-01 10:45:00,RIGHT,13.0,16.0,2.0,8.0,39.0,JehangirChowk,j1,j1_16.csv,MEDIUM,50.0,29
1900-01-01 10:45:00,UP,2.0,5.0,0.0,3.0,10.0,JehangirChowk,j1,j1_16.csv,MEDIUM,13.5,19
1900-01-01 10:50:00,DOWN,55.0,68.0,5.0,13.0,141.0,JehangirChowk,j1,j1_16.csv,HIGH,140.5,56
1900-01-01 10:50:00,LEFT,28.0,7.0,0.0,4.0,39.0,JehangirChowk,j1,j1_16.csv,MEDIUM,43.5,28
1900-01-01 10:50:00,RIGHT,16.0,23.0,3.0,6.0,48.0,JehangirChowk,j1,j1_16.csv,MEDIUM,53.0,30
1900-01-01 10:50:00,UP,1.0,4.0,1.0,0.0,6.0,JehangirChowk,j1,j1_16.csv,MEDIUM,5.5,17
1900-01-01 10:55:00,DOWN,58.0,50.0,6.0,18.0,132.0,JehangirChowk,j1,j1_16.csv,HIGH,152.0,59
1900-01-01 10:55:00,LEFT,27.0,1.0,1.0,5.0,34.0,JehangirChowk,j1,j1_16.csv,MEDIUM,45.0,28
1900-01-01 10:55:00,RIGHT,15.0,21.0,1.0,8.0,45.0,JehangirChowk,j1,j1_16.csv,MEDIUM,52.0,30
1900-01-01 10:55:00,UP,9.0,8.0,0.0,14.0,31.0,JehangirChowk,j1,j1_16.csv,MEDIUM,55.0,31
1900-01-01 11:00:00,DOWN,56.0,63.0,10.0,11.0,140.0,JehangirChowk,j1,j1_16.csv,HIGH,145.5,57
1900-01-01 11:00:00,LEFT,35.0,1.0,0.0,2.0,38.0,JehangirChowk,j1,j1_16.csv,MEDIUM,41.5,27
1900-01-01 11:00:00,RIGHT,20.0,20.0,1.0,3.0,44.0,JehangirChowk,j1,j1_16.csv,MEDIUM,41.5,27
1900-01-01 11:00:00,UP,1.0,2.0,0.0,0.0,3.0,JehangirChowk,j1,j1_16.csv,LOW,2.0,16
1900-01-01 11:05:00,DOWN,59.0,51.0,1.0,9.0,120.0,JehangirChowk,j1,j1_16.csv,HIGH,114.0,48
1900-01-01 11:05:00,LEFT,23.0,2.0,0.0,6.0,31.0,JehangirChowk,j1,j1_16.csv,MEDIUM,42.0,27
1900-01-01 11:05:00,RIGHT,21.0,14.0,1.0,9.0,45.0,JehangirChowk,j1,j1_16.csv,MEDIUM,57.5,32
1900-01-01 11:05:00,UP,1.0,6.0,0.0,1.0,8.0,JehangirChowk,j1,j1_16.csv,MEDIUM,7.0,17
1900-01-01 11:10:00,DOWN,70.0,60.0,5.0,8.0,143.0,JehangirChowk,j1,j1_16.csv,HIGH,136.5,55
1900-01-01 11:10:00,LEFT,28.0,1.0,1.0,3.0,33.0,JehangirChowk,j1,j1_16.csv,MEDIUM,40.0,27
1900-01-01 11:10:00,RIGHT,25.0,19.0,0.0,9.0,53.0,JehangirChowk,j1,j1_16.csv,MEDIUM,61.5,33
1900-01-01 11:10:00,UP,12.0,6.0,3.0,2.0,23.0,JehangirChowk,j1,j1_16.csv,MEDIUM,28.5,23
1900-01-01 11:15:00,DOWN,50.0,59.0,9.0,14.0,132.0,JehangirChowk,j1,j1_16.csv,HIGH,144.0,57
1900-01-01 11:15:00,LEFT,25.0,0.0,0.0,2.0,27.0,JehangirChowk,j1,j1_16.csv,MEDIUM,31.0,24
1900-01-01 11:15:00,RIGHT,18.0,18.0,0.0,5.0,41.0,JehangirChowk,j1,j1_16.csv,MEDIUM,42.0,27
1900-01-01 11:15:00,UP,4.0,1.0,2.0,1.0,8.0,JehangirChowk,j1,j1_16.csv,MEDIUM,12.5,19
1900-01-01 11:20:00,DOWN,70.0,65.0,5.0,12.0,152.0,JehangirChowk,j1,j1_16.csv,HIGH,151.0,59
1900-01-01 11:20:00,LEFT,31.0,4.0,0.0,4.0,39.0,JehangirChowk,j1,j1_16.csv,MEDIUM,45.0,28
1900-01-01 11:20:00,RIGHT,23.0,14.0,2.0,10.0,49.0,JehangirChowk,j1,j1_16.csv,MEDIUM,65.0,34
1900-01-01 11:20:00,UP,6.0,7.0,3.0,1.0,17.0,JehangirChowk,j1,j1_16.csv,MEDIUM,20.0,21
1900-01-01 11:25:00,DOWN,20.0,10.0,3.0,0.0,33.0,JehangirChowk,j1,j1_16.csv,MEDIUM,32.5,24
1900-01-01 11:25:00,LEFT,6.0,0.0,1.0,2.0,9.0,JehangirChowk,j1,j1_16.csv,MEDIUM,14.5,19
1900-01-01 11:25:00,RIGHT,5.0,4.0,0.0,3.0,12.0,JehangirChowk,j1,j1_16.csv,MEDIUM,16.0,20
1900-01-01 11:25:00,UP,6.0,0.0,0.0,0.0,6.0,JehangirChowk,j1,j1_16.csv,MEDIUM,6.0,17
1900-01-01 11:25:00,DOWN,51.0,50.0,2.0,6.0,109.0,JehangirChowk,j1,j1_11_one.csv,HIGH,99.0,44
1900-01-01 11:25:00,LEFT,29.0,0.0,1.0,3.0,33.0,JehangirChowk,j1,j1_11_one.csv,MEDIUM,40.5,27
1900-01-01 11:25:00,RIGHT,13.0,15.0,0.0,12.0,40.0,JehangirChowk,j1,j1_11_one.csv,MEDIUM,56.5,31
1900-01-01 11:25:00,UP,9.0,3.0,3.0,2.0,17.0,JehangirChowk,j1,j1_11_one.csv,MEDIUM,24.0,22
1900-01-01 11:30:00,DOWN,42.0,51.0,2.0,9.0,104.0,JehangirChowk,j1,j1_11_one.csv,HIGH,99.5,44
1900-01-01 11:30:00,LEFT,29.0,17.0,0.0,2.0,48.0,JehangirChowk,j1,j1_11_one.csv,MEDIUM,43.5,28
1900-01-01 11:30:00,RIGHT,12.0,11.0,0.0,7.0,30.0,JehangirChowk,j1,j1_11_one.csv,MEDIUM,38.5,26
1900-01-01 11:30:00,UP,0.0,1.0,0.0,1.0,2.0,JehangirChowk,j1,j1_11_one.csv,LOW,3.5,16
1900-01-01 11:35:00,DOWN,51.0,44.0,3.0,21.0,119.0,JehangirChowk,j1,j1_11_one.csv,HIGH,143.5,57
1900-01-01 11:35:00,LEFT,19.0,0.0,0.0,1.0,20.0,JehangirChowk,j1,j1_11_one.csv,MEDIUM,22.0,21
1900-01-01 11:35:00,RIGHT,11.0,12.0,0.0,14.0,37.0,JehangirChowk,j1,j1_11_one.csv,MEDIUM,59.0,32
1900-01-01 11:35:00,UP,0.0,4.0,0.0,1.0,5.0,JehangirChowk,j1,j1_11_one.csv,MEDIUM,5.0,16
1900-01-01 11:40:00,DOWN,52.0,48.0,4.0,12.0,116.0,JehangirChowk,j1,j1_11_one.csv,HIGH,122.0,50
1900-01-01 11:40:00,LEFT,37.0,1.0,0.0,0.0,38.0,JehangirChowk,j1,j1_11_one.csv,MEDIUM,37.5,26
1900-01-01 11:40:00,RIGHT,16.0,12.0,0.0,9.0,37.0,JehangirChowk,j1,j1_11_one.csv,MEDIUM,49.0,29
1900-01-01 11:40:00,UP,2.0,6.0,0.0,2.0,10.0,JehangirChowk,j1,j1_11_one.csv,MEDIUM,11.0,18
1900-01-01 11:45:00,DOWN,45.0,50.0,1.0,13.0,109.0,JehangirChowk,j1,j1_11_one.csv,HIGH,111.5,47
1900-01-01 11:45:00,LEFT,40.0,0.0,0.0,0.0,40.0,JehangirChowk,j1,j1_11_one.csv,MEDIUM,40.0,27
1900-01-01 11:45:00,RIGHT,13.0,4.0,4.0,6.0,27.0,JehangirChowk,j1,j1_11_one.csv,MEDIUM,43.0,27
1900-01-01 11:45:00,UP,7.0,1.0,0.0,1.0,9.0,JehangirChowk,j1,j1_11_one.csv,MEDIUM,10.5,18
1900-01-01 11:50:00,DOWN,47.0,61.0,3.0,19.0,130.0,JehangirChowk,j1,j1_11_one.csv,HIGH,142.0,56
1900-01-01 11:50:00,LEFT,29.0,0.0,0.0,2.0,31.0,JehangirChowk,j1,j1_11_one.csv,MEDIUM,35.0,25
1900-01-01 11:50:00,RIGHT,11.0,13.0,0.0,11.0,35.0,JehangirChowk,j1,j1_11_one.csv,MEDIUM,50.5,30
1900-01-01 11:50:00,UP,0.0,2.0,0.0,0.0,2.0,JehangirChowk,j1,j1_11_one.csv,LOW,1.0,15
1900-01-01 11:55:00,DOWN,44.0,45.0,2.0,9.0,100.0,JehangirChowk,j1,j1_11_one.csv,HIGH,98.5,44
1900-01-01 11:55:00,LEFT,26.0,0.0,0.0,0.0,26.0,JehangirChowk,j1,j1_11_one.csv,MEDIUM,26.0,23
1900-01-01 11:55:00,RIGHT,8.0,12.0,1.0,5.0,26.0,JehangirChowk,j1,j1_11_one.csv,MEDIUM,31.5,24
1900-01-01 11:55:00,UP,2.0,4.0,0.0,1.0,7.0,JehangirChowk,j1,j1_11_one.csv,MEDIUM,7.0,17
1900-01-01 11:25:00,DOWN,26.0,50.0,3.0,1.0,80.0,JehangirChowk,j1,j1_13_one.csv,HIGH,61.5,33
1900-01-01 11:25:00,LEFT,18.0,1.0,0.0,0.0,19.0,JehangirChowk,j1,j1_13_one.csv,MEDIUM,18.5,20
1900-01-01 11:25:00,RIGHT,13.0,15.0,2.0,1.0,31.0,JehangirChowk,j1,j1_13_one.csv,MEDIUM,28.5,23
1900-01-01 11:25:00,UP,0.0,2.0,0.0,0.0,2.0,JehangirChowk,j1,j1_13_one.csv,LOW,1.0,15
1900-01-01 11:30:00,DOWN,45.0,78.0,2.0,3.0,128.0,JehangirChowk,j1,j1_13_one.csv,HIGH,98.0,43
1900-01-01 11:30:00,LEFT,39.0,23.0,0.0,2.0,64.0,JehangirChowk,j1,j1_13_one.csv,MEDIUM,56.5,31
1900-01-01 11:30:00,RIGHT,12.0,34.0,1.0,4.0,51.0,JehangirChowk,j1,j1_13_one.csv,MEDIUM,43.5,28
1900-01-01 11:30:00,UP,2.0,4.0,0.0,1.0,7.0,JehangirChowk,j1,j1_13_one.csv,MEDIUM,7.0,17
1900-01-01 11:35:00,DOWN,38.0,95.0,2.0,1.0,136.0,JehangirChowk,j1,j1_13_one.csv,HIGH,93.5,42
1900-01-01 11:35:00,LEFT,30.0,1.0,0.0,1.0,32.0,JehangirChowk,j1,j1_13_one.csv,MEDIUM,33.5,25
1900-01-01 11:35:00,RIGHT,13.0,29.0,0.0,5.0,47.0,JehangirChowk,j1,j1_13_one.csv,MEDIUM,42.5,27
1900-01-01 11:35:00,UP,0.0,1.0,0.0,0.0,1.0,JehangirChowk,j1,j1_13_one.csv,LOW,0.5,15
1900-01-01 11:40:00,DOWN,37.0,81.0,3.0,5.0,126.0,JehangirChowk,j1,j1_13_one.csv,HIGH,100.0,44
1900-01-01 11:40:00,LEFT,36.0,3.0,0.0,6.0,45.0,JehangirChowk,j1,j1_13_one.csv,MEDIUM,55.5,31
1900-01-01 11:40:00,RIGHT,13.0,16.0,0.0,3.0,32.0,JehangirChowk,j1,j1_13_one.csv,MEDIUM,30.0,24
1900-01-01 11:40:00,UP,0.0,3.0,0.0,0.0,3.0,JehangirChowk,j1,j1_13_one.csv,LOW,1.5,15
1900-01-01 11:45:00,DOWN,40.0,99.0,2.0,7.0,148.0,JehangirChowk,j1,j1_13_one.csv,HIGH,115.5,48
1900-01-01 11:45:00,LEFT,28.0,3.0,1.0,0.0,32.0,JehangirChowk,j1,j1_13_one.csv,MEDIUM,32.0,24
1900-01-01 11:45:00,RIGHT,12.0,23.0,0.0,3.0,38.0,JehangirChowk,j1,j1_13_one.csv,MEDIUM,32.5,24
1900-01-01 11:45:00,UP,1.0,2.0,0.0,0.0,3.0,JehangirChowk,j1,j1_13_one.csv,LOW,2.0,16
1900-01-01 11:50:00,DOWN,41.0,90.0,0.0,5.0,136.0,JehangirChowk,j1,j1_13_one.csv,HIGH,101.0,44
1900-01-01 11:50:00,LEFT,29.0,2.0,0.0,0.0,31.0,JehangirChowk,j1,j1_13_one.csv,MEDIUM,30.0,24
1900-01-01 11:50:00,RIGHT,14.0,28.0,1.0,3.0,46.0,JehangirChowk,j1,j1_13_one.csv,MEDIUM,39.5,26
1900-01-01 11:50:00,UP,1.0,6.0,0.0,1.0,8.0,JehangirChowk,j1,j1_13_one.csv,MEDIUM,7.0,17
1900-01-01 11:55:00,DOWN,41.0,77.0,3.0,2.0,123.0,JehangirChowk,j1,j1_13_one.csv,HIGH,93.0,42
1900-01-01 11:55:00,LEFT,23.0,0.0,0.0,1.0,24.0,JehangirChowk,j1,j1_13_one.csv,MEDIUM,26.0,23
1900-01-01 11:55:00,RIGHT,13.0,15.0,2.0,2.0,32.0,JehangirChowk,j1,j1_13_one.csv,MEDIUM,31.5,24
1900-01-01 11:55:00,UP,1.0,4.0,0.0,1.0,6.0,JehangirChowk,j1,j1_13_one.csv,MEDIUM,6.0,17
1900-01-01 11:25:00,DOWN,38.0,76.0,0.0,5.0,119.0,JehangirChowk,j1,j1_12_one.csv,HIGH,91.0,41
1900-01-01 11:25:00,LEFT,34.0,4.0,1.0,1.0,40.0,JehangirChowk,j1,j1_12_one.csv,MEDIUM,41.5,27
1900-01-01 11:25:00,RIGHT,19.0,22.0,1.0,1.0,43.0,JehangirChowk,j1,j1_12_one.csv,MEDIUM,35.5,25
1900-01-01 11:25:00,UP,1.0,1.0,0.0,0.0,2.0,JehangirChowk,j1,j1_12_one.csv,LOW,1.5,15
1900-01-01 11:30:00,DOWN,44.0,130.0,0.0,7.0,181.0,JehangirChowk,j1,j1_12_one.csv,VERY_HIGH,130.0,53
1900-01-01 11:30:00,LEFT,53.0,4.0,0.0,2.0,59.0,JehangirChowk,j1,j1_12_one.csv,MEDIUM,61.0,33
1900-01-01 11:30:00,RIGHT,25.0,29.0,0.0,5.0,59.0,JehangirChowk,j1,j1_12_one.csv,MEDIUM,54.5,31
1900-01-01 11:30:00,UP,4.0,7.0,0.0,0.0,11.0,JehangirChowk,j1,j1_12_one.csv,MEDIUM,7.5,17
1900-01-01 11:35:00,DOWN,35.0,117.0,4.0,3.0,159.0,JehangirChowk,j1,j1_12_one.csv,VERY_HIGH,112.5,48
1900-01-01 11:35:00,LEFT,44.0,0.0,0.0,0.0,44.0,JehangirChowk,j1,j1_12_one.csv,MEDIUM,44.0,28
1900-01-01 11:35:00,RIGHT,23.0,30.0,2.0,1.0,56.0,JehangirChowk,j1,j1_12_one.csv,MEDIUM,46.0,28
1900-01-01 11:35:00,UP,2.0,3.0,0.0,0.0,5.0,JehangirChowk,j1,j1_12_one.csv,MEDIUM,3.5,16
1900-01-01 11:40:00,DOWN,45.0,85.0,0.0,2.0,132.0,JehangirChowk,j1,j1_12_one.csv,HIGH,93.5,42
1900-01-01 11:40:00,LEFT,47.0,0.0,0.0,1.0,48.0,JehangirChowk,j1,j1_12_one.csv,MEDIUM,50.0,29
1900-01-01 11:40:00,RIGHT,18.0,21.0,0.0,3.0,42.0,JehangirChowk,j1,j1_12_one.csv,MEDIUM,37.5,26
1900-01-01 11:40:00,UP,3.0,9.0,0.0,0.0,12.0,JehangirChowk,j1,j1_12_one.csv,MEDIUM,7.5,17
1900-01-01 11:45:00,DOWN,38.0,106.0,0.0,7.0,151.0,JehangirChowk,j1,j1_12_one.csv,HIGH,112.0,47
1900-01-01 11:45:00,LEFT,54.0,3.0,0.0,1.0,58.0,JehangirChowk,j1,j1_12_one.csv,MEDIUM,58.5,32
1900-01-01 11:45:00,RIGHT,19.0,24.0,0.0,2.0,45.0,JehangirChowk,j1,j1_12_one.csv,MEDIUM,37.0,26
1900-01-01 11:45:00,UP,5.0,2.0,0.0,0.0,7.0,JehangirChowk,j1,j1_12_one.csv,MEDIUM,6.0,17
1900-01-01 11:50:00,DOWN,47.0,55.0,3.0,5.0,110.0,JehangirChowk,j1,j1_12_one.csv,HIGH,97.0,43
1900-01-01 11:50:00,LEFT,51.0,1.0,1.0,2.0,55.0,JehangirChowk,j1,j1_12_one.csv,MEDIUM,60.0,32
1900-01-01 11:50:00,RIGHT,21.0,25.0,1.0,4.0,51.0,JehangirChowk,j1,j1_12_one.csv,MEDIUM,48.0,29
1900-01-01 11:50:00,UP,4.0,1.0,0.0,0.0,5.0,JehangirChowk,j1,j1_12_one.csv,MEDIUM,4.5,16
1900-01-01 11:55:00,DOWN,20.0,48.0,2.0,8.0,78.0,JehangirChowk,j1,j1_12_one.csv,HIGH,73.0,36
1900-01-01 11:55:00,LEFT,49.0,0.0,0.0,1.0,50.0,JehangirChowk,j1,j1_12_one.csv,MEDIUM,52.0,30
1900-01-01 11:55:00,RIGHT,22.0,13.0,2.0,6.0,43.0,JehangirChowk,j1,j1_12_one.csv,MEDIUM,51.5,30
1900-01-01 11:55:00,UP,6.0,1.0,0.0,0.0,7.0,JehangirChowk,j1,j1_12_one.csv,MEDIUM,6.5,17
1900-01-01 11:25:00,DOWN,37.0,52.0,2.0,3.0,94.0,JehangirChowk,j1,j1_17_one.csv,HIGH,77.0,37
1900-01-01 11:25:00,LEFT,35.0,1.0,1.0,0.0,37.0,JehangirChowk,j1,j1_17_one.csv,MEDIUM,38.0,26
1900-01-01 11:25:00,RIGHT,13.0,5.0,0.0,3.0,21.0,JehangirChowk,j1,j1_17_one.csv,MEDIUM,24.5,22
1900-01-01 11:25:00,UP,6.0,2.0,0.0,1.0,9.0,JehangirChowk,j1,j1_17_one.csv,MEDIUM,10.0,18
1900-01-01 11:30:00,DOWN,64.0,77.0,6.0,12.0,159.0,JehangirChowk,j1,j1_17_one.csv,VERY_HIGH,153.5,59
1900-01-01 11:30:00,LEFT,42.0,14.0,0.0,1.0,57.0,JehangirChowk,j1,j1_17_one.csv,MEDIUM,52.0,30
1900-01-01 11:30:00,RIGHT,13.0,24.0,3.0,14.0,54.0,JehangirChowk,j1,j1_17_one.csv,MEDIUM,74.5,37
1900-01-01 11:30:00,UP,1.0,4.0,0.0,0.0,5.0,JehangirChowk,j1,j1_17_one.csv,MEDIUM,3.0,16
1900-01-01 11:35:00,DOWN,47.0,77.0,4.0,20.0,148.0,JehangirChowk,j1,j1_17_one.csv,HIGH,155.5,60
1900-01-01 11:35:00,LEFT,22.0,2.0,0.0,1.0,25.0,JehangirChowk,j1,j1_17_one.csv,MEDIUM,26.0,23
1900-01-01 11:35:00,RIGHT,19.0,15.0,1.0,7.0,42.0,JehangirChowk,j1,j1_17_one.csv,MEDIUM,50.0,29
1900-01-01 11:35:00,UP,8.0,5.0,0.0,3.0,16.0,JehangirChowk,j1,j1_17_one.csv,MEDIUM,19.5,21
1900-01-01 11:40:00,DOWN,58.0,58.0,1.0,11.0,128.0,JehangirChowk,j1,j1_17_one.csv,HIGH,122.5,50
1900-01-01 11:40:00,LEFT,35.0,0.0,0.0,5.0,40.0,JehangirChowk,j1,j1_17_one.csv,MEDIUM,50.0,29
1900-01-01 11:40:00,RIGHT,15.0,27.0,0.0,9.0,51.0,JehangirChowk,j1,j1_17_one.csv,MEDIUM,55.5,31
1900-01-01 11:40:00,UP,3.0,7.0,0.0,0.0,10.0,JehangirChowk,j1,j1_17_one.csv,MEDIUM,6.5,17
1900-01-01 11:45:00,DOWN,61.0,73.0,5.0,19.0,158.0,JehangirChowk,j1,j1_17_one.csv,VERY_HIGH,167.0,60
1900-01-01 11:45:00,LEFT,18.0,2.0,0.0,2.0,22.0,JehangirChowk,j1,j1_17_one.csv,MEDIUM,25.0,22
1900-01-01 11:45:00,RIGHT,12.0,18.0,0.0,11.0,41.0,JehangirChowk,j1,j1_17_one.csv,MEDIUM,54.0,31
1900-01-01 11:45:00,UP,3.0,8.0,1.0,0.0,12.0,JehangirChowk,j1,j1_17_one.csv,MEDIUM,9.5,18
1900-01-01 11:50:00,DOWN,66.0,82.0,4.0,9.0,161.0,JehangirChowk,j1,j1_17_one.csv,VERY_HIGH,144.0,57
1900-01-01 11:50:00,LEFT,30.0,3.0,0.0,3.0,36.0,JehangirChowk,j1,j1_17_one.csv,MEDIUM,40.5,27
1900-01-01 11:50:00,RIGHT,26.0,17.0,2.0,6.0,51.0,JehangirChowk,j1,j1_17_one.csv,MEDIUM,57.5,32
1900-01-01 11:50:00,UP,1.0,1.0,1.0,0.0,3.0,JehangirChowk,j1,j1_17_one.csv,LOW,4.0,16
1900-01-01 11:55:00,DOWN,66.0,94.0,5.0,11.0,176.0,JehangirChowk,j1,j1_17_one.csv,VERY_HIGH,158.5,60
1900-01-01 11:55:00,LEFT,40.0,1.0,0.0,1.0,42.0,JehangirChowk,j1,j1_17_one.csv,MEDIUM,43.5,28
1900-01-01 11:55:00,RIGHT,12.0,20.0,1.0,15.0,48.0,JehangirChowk,j1,j1_17_one.csv,MEDIUM,69.5,35
1900-01-01 11:55:00,UP,6.0,8.0,0.0,1.0,15.0,JehangirChowk,j1,j1_17_one.csv,MEDIUM,13.0,19
1900-01-01 11:25:00,DOWN,45.0,39.0,3.0,12.0,99.0,JehangirChowk,j1,j1_16_one.csv,HIGH,108.0,46
1900-01-01 11:25:00,LEFT,15.0,2.0,1.0,0.0,18.0,JehangirChowk,j1,j1_16_one.csv,MEDIUM,18.5,20
1900-01-01 11:25:00,RIGHT,10.0,7.0,0.0,7.0,24.0,JehangirChowk,j1,j1_16_one.csv,MEDIUM,34.5,25
1900-01-01 11:25:00,UP,14.0,2.0,2.0,1.0,19.0,JehangirChowk,j1,j1_16_one.csv,MEDIUM,23.0,22
1900-01-01 11:30:00,DOWN,57.0,44.0,8.0,10.0,119.0,JehangirChowk,j1,j1_16_one.csv,HIGH,129.0,52
1900-01-01 11:30:00,LEFT,24.0,0.0,0.0,2.0,26.0,JehangirChowk,j1,j1_16_one.csv,MEDIUM,30.0,24
1900-01-01 11:30:00,RIGHT,16.0,12.0,2.0,6.0,36.0,JehangirChowk,j1,j1_16_one.csv,MEDIUM,45.0,28
1900-01-01 11:30:00,UP,7.0,5.0,3.0,1.0,16.0,JehangirChowk,j1,j1_16_one.csv,MEDIUM,20.0,21
1900-01-01 11:35:00,DOWN,85.0,51.0,6.0,7.0,149.0,JehangirChowk,j1,j1_16_one.csv,HIGH,146.5,57
1900-01-01 11:35:00,LEFT,23.0,1.0,0.0,3.0,27.0,JehangirChowk,j1,j1_16_one.csv,MEDIUM,32.5,24
1900-01-01 11:35:00,RIGHT,12.0,17.0,1.0,4.0,34.0,JehangirChowk,j1,j1_16_one.csv,MEDIUM,35.0,25
1900-01-01 11:35:00,UP,5.0,7.0,1.0,1.0,14.0,JehangirChowk,j1,j1_16_one.csv,MEDIUM,14.0,19
1900-01-01 11:40:00,DOWN,71.0,73.0,7.0,13.0,164.0,JehangirChowk,j1,j1_16_one.csv,VERY_HIGH,164.0,60
1900-01-01 11:40:00,LEFT,24.0,1.0,0.0,1.0,26.0,JehangirChowk,j1,j1_16_one.csv,MEDIUM,27.5,23
1900-01-01 11:40:00,RIGHT,16.0,10.0,3.0,15.0,44.0,JehangirChowk,j1,j1_16_one.csv,MEDIUM,73.5,36
1900-01-01 11:40:00,UP,1.0,5.0,1.0,1.0,8.0,JehangirChowk,j1,j1_16_one.csv,MEDIUM,9.0,18
1900-01-01 11:45:00,DOWN,63.0,54.0,6.0,6.0,129.0,JehangirChowk,j1,j1_16_one.csv,HIGH,123.0,51
1900-01-01 11:45:00,LEFT,16.0,2.0,0.0,4.0,22.0,JehangirChowk,j1,j1_16_one.csv,MEDIUM,29.0,23
1900-01-01 11:45:00,RIGHT,20.0,13.0,0.0,5.0,38.0,JehangirChowk,j1,j1_16_one.csv,MEDIUM,41.5,27
1900-01-01 11:45:00,UP,5.0,4.0,26.0,1.0,36.0,JehangirChowk,j1,j1_16_one.csv,MEDIUM,75.0,37
1900-01-01 11:50:00,DOWN,70.0,81.0,5.0,16.0,172.0,JehangirChowk,j1,j1_16_one.csv,VERY_HIGH,171.0,60
1900-01-01 11:50:00,LEFT,31.0,2.0,0.0,2.0,35.0,JehangirChowk,j1,j1_16_one.csv,MEDIUM,38.0,26
1900-01-01 11:50:00,RIGHT,16.0,14.0,1.0,4.0,35.0,JehangirChowk,j1,j1_16_one.csv,MEDIUM,37.5,26
1900-01-01 11:50:00,UP,4.0,5.0,7.0,1.0,17.0,JehangirChowk,j1,j1_16_one.csv,MEDIUM,27.0,23
1900-01-01 11:55:00,DOWN,49.0,64.0,3.0,9.0,125.0,JehangirChowk,j1,j1_16_one.csv,HIGH,115.5,48
1900-01-01 11:55:00,LEFT,45.0,2.0,0.0,1.0,48.0,JehangirChowk,j1,j1_16_one.csv,MEDIUM,49.0,29
1900-01-01 11:55:00,RIGHT,18.0,11.0,3.0,5.0,37.0,JehangirChowk,j1,j1_16_one.csv,MEDIUM,46.0,28
1900-01-01 11:55:00,UP,7.0,2.0,2.0,0.0,11.0,JehangirChowk,j1,j1_16_one.csv,MEDIUM,13.0,19
1900-01-01 11:20:00,DOWN,0.0,1.0,0.0,1.0,2.0,JehangirChowk,j1,j1_14_one.csv,LOW,3.5,16
1900-01-01 11:20:00,LEFT,3.0,0.0,0.0,0.0,3.0,JehangirChowk,j1,j1_14_one.csv,LOW,3.0,16
1900-01-01 11:20:00,RIGHT,0.0,0.0,0.0,0.0,0.0,JehangirChowk,j1,j1_14_one.csv,LOW,0.0,15
1900-01-01 11:20:00,UP,0.0,0.0,0.0,0.0,0.0,JehangirChowk,j1,j1_14_one.csv,LOW,0.0,15
1900-01-01 11:25:00,DOWN,77.0,95.0,6.0,6.0,184.0,JehangirChowk,j1,j1_14_one.csv,VERY_HIGH,157.5,60
1900-01-01 11:25:00,LEFT,18.0,0.0,0.0,4.0,22.0,JehangirChowk,j1,j1_14_one.csv,MEDIUM,30.0,24
1900-01-01 11:25:00,RIGHT,17.0,15.0,1.0,7.0,40.0,JehangirChowk,j1,j1_14_one.csv,MEDIUM,48.0,29
1900-01-01 11:25:00,UP,10.0,2.0,0.0,0.0,12.0,JehangirChowk,j1,j1_14_one.csv,MEDIUM,11.0,18
1900-01-01 11:30:00,DOWN,70.0,74.0,1.0,10.0,155.0,JehangirChowk,j1,j1_14_one.csv,VERY_HIGH,139.5,55
1900-01-01 11:30:00,LEFT,36.0,0.0,0.0,2.0,38.0,JehangirChowk,j1,j1_14_one.csv,MEDIUM,42.0,27
1900-01-01 11:30:00,RIGHT,21.0,12.0,0.0,5.0,38.0,JehangirChowk,j1,j1_14_one.csv,MEDIUM,42.0,27
1900-01-01 11:30:00,UP,7.0,6.0,1.0,2.0,16.0,JehangirChowk,j1,j1_14_one.csv,MEDIUM,18.5,20
1900-01-01 11:35:00,DOWN,63.0,72.0,1.0,9.0,145.0,JehangirChowk,j1,j1_14_one.csv,HIGH,128.5,52
1900-01-01 11:35:00,LEFT,28.0,1.0,0.0,6.0,35.0,JehangirChowk,j1,j1_14_one.csv,MEDIUM,46.5,28
1900-01-01 11:35:00,RIGHT,17.0,15.0,3.0,12.0,47.0,JehangirChowk,j1,j1_14_one.csv,MEDIUM,68.0,35
1900-01-01 11:35:00,UP,6.0,5.0,1.0,2.0,14.0,JehangirChowk,j1,j1_14_one.csv,MEDIUM,17.0,20
1900-01-01 11:40:00,DOWN,62.0,61.0,5.0,10.0,138.0,JehangirChowk,j1,j1_14_one.csv,HIGH,135.0,54
1900-01-01 11:40:00,LEFT,34.0,0.0,0.0,4.0,38.0,JehangirChowk,j1,j1_14_one.csv,MEDIUM,46.0,28
1900-01-01 11:40:00,RIGHT,19.0,18.0,1.0,5.0,43.0,JehangirChowk,j1,j1_14_one.csv,MEDIUM,45.5,28
1900-01-01 11:40:00,UP,11.0,7.0,1.0,0.0,19.0,JehangirChowk,j1,j1_14_one.csv,MEDIUM,17.0,20
1900-01-01 11:45:00,DOWN,85.0,85.0,2.0,10.0,182.0,JehangirChowk,j1,j1_14_one.csv,VERY_HIGH,162.5,60
1900-01-01 11:45:00,LEFT,33.0,0.0,0.0,2.0,35.0,JehangirChowk,j1,j1_14_one.csv,MEDIUM,39.0,26
1900-01-01 11:45:00,RIGHT,13.0,21.0,2.0,9.0,45.0,JehangirChowk,j1,j1_14_one.csv,MEDIUM,55.5,31
1900-01-01 11:45:00,UP,12.0,5.0,22.0,0.0,39.0,JehangirChowk,j1,j1_14_one.csv,MEDIUM,69.5,35
1900-01-01 11:50:00,DOWN,68.0,74.0,5.0,9.0,156.0,JehangirChowk,j1,j1_14_one.csv,VERY_HIGH,144.5,57
1900-01-01 11:50:00,LEFT,32.0,0.0,0.0,5.0,37.0,JehangirChowk,j1,j1_14_one.csv,MEDIUM,47.0,29
1900-01-01 11:50:00,RIGHT,19.0,23.0,4.0,7.0,53.0,JehangirChowk,j1,j1_14_one.csv,MEDIUM,61.5,33
1900-01-01 11:50:00,UP,13.0,7.0,0.0,2.0,22.0,JehangirChowk,j1,j1_14_one.csv,MEDIUM,22.5,22
1900-01-01 11:55:00,DOWN,66.0,84.0,3.0,15.0,168.0,JehangirChowk,j1,j1_14_one.csv,VERY_HIGH,160.5,60
1900-01-01 11:55:00,LEFT,35.0,0.0,0.0,3.0,38.0,JehangirChowk,j1,j1_14_one.csv,MEDIUM,44.0,28
1900-01-01 11:55:00,RIGHT,33.0,8.0,0.0,2.0,43.0,JehangirChowk,j1,j1_14_one.csv,MEDIUM,43.0,27
1900-01-01 11:55:00,UP,8.0,3.0,0.0,1.0,12.0,JehangirChowk,j1,j1_14_one.csv,MEDIUM,12.5,19
1900-01-01 08:55:00,DOWN,0.0,3.0,0.0,2.0,5.0,JehangirChowk,j1,j1_18.csv,MEDIUM,7.5,17
1900-01-01 08:55:00,LEFT,1.0,0.0,0.0,0.0,1.0,JehangirChowk,j1,j1_18.csv,LOW,1.0,15
1900-01-01 08:55:00,RIGHT,2.0,0.0,0.0,1.0,3.0,JehangirChowk,j1,j1_18.csv,LOW,5.0,16
1900-01-01 08:55:00,UP,0.0,0.0,0.0,0.0,0.0,JehangirChowk,j1,j1_18.csv,LOW,0.0,15
1900-01-01 09:00:00,DOWN,10.0,27.0,5.0,11.0,53.0,JehangirChowk,j1,j1_18.csv,MEDIUM,69.0,35
1900-01-01 09:00:00,LEFT,21.0,1.0,0.0,1.0,23.0,JehangirChowk,j1,j1_18.csv,MEDIUM,24.5,22
1900-01-01 09:00:00,RIGHT,8.0,18.0,0.0,4.0,30.0,JehangirChowk,j1,j1_18.csv,MEDIUM,29.0,23
1900-01-01 09:00:00,UP,1.0,1.0,0.0,0.0,2.0,JehangirChowk,j1,j1_18.csv,LOW,1.5,15
1900-01-01 09:05:00,DOWN,27.0,24.0,3.0,8.0,62.0,JehangirChowk,j1,j1_18.csv,MEDIUM,70.5,35
1900-01-01 09:05:00,LEFT,23.0,0.0,0.0,0.0,23.0,JehangirChowk,j1,j1_18.csv,MEDIUM,23.0,22
1900-01-01 09:05:00,RIGHT,16.0,12.0,0.0,8.0,36.0,JehangirChowk,j1,j1_18.csv,MEDIUM,46.0,28
1900-01-01 09:05:00,UP,4.0,2.0,2.0,0.0,8.0,JehangirChowk,j1,j1_18.csv,MEDIUM,10.0,18
1900-01-01 09:10:00,DOWN,26.0,24.0,2.0,15.0,67.0,JehangirChowk,j1,j1_18.csv,MEDIUM,88.0,40
1900-01-01 09:10:00,LEFT,22.0,1.0,0.0,3.0,26.0,JehangirChowk,j1,j1_18.csv,MEDIUM,31.5,24
1900-01-01 09:10:00,RIGHT,12.0,12.0,0.0,14.0,38.0,JehangirChowk,j1,j1_18.csv,MEDIUM,60.0,32
1900-01-01 09:10:00,UP,2.0,1.0,1.0,1.0,5.0,JehangirChowk,j1,j1_18.csv,MEDIUM,8.0,17
1900-01-01 09:15:00,DOWN,27.0,33.0,5.0,15.0,80.0,JehangirChowk,j1,j1_18.csv,HIGH,101.0,44
1900-01-01 09:15:00,LEFT,20.0,2.0,0.0,1.0,23.0,JehangirChowk,j1,j1_18.csv,MEDIUM,24.0,22
1900-01-01 09:15:00,RIGHT,8.0,15.0,0.0,10.0,33.0,JehangirChowk,j1,j1_18.csv,MEDIUM,45.5,28
1900-01-01 09:15:00,UP,0.0,3.0,1.0,1.0,5.0,JehangirChowk,j1,j1_18.csv,MEDIUM,7.0,17
1900-01-01 09:20:00,DOWN,39.0,25.0,3.0,20.0,87.0,JehangirChowk,j1,j1_18.csv,HIGH,119.0,49
1900-01-01 09:20:00,LEFT,28.0,0.0,0.0,3.0,31.0,JehangirChowk,j1,j1_18.csv,MEDIUM,37.0,26
1900-01-01 09:20:00,RIGHT,19.0,9.0,2.0,15.0,45.0,JehangirChowk,j1,j1_18.csv,MEDIUM,73.5,36
1900-01-01 09:20:00,UP,2.0,0.0,0.0,1.0,3.0,JehangirChowk,j1,j1_18.csv,LOW,5.0,16
1900-01-01 09:25:00,DOWN,34.0,42.0,2.0,14.0,92.0,JehangirChowk,j1,j1_18.csv,HIGH,102.0,45
1900-01-01 09:25:00,LEFT,34.0,1.0,0.0,1.0,36.0,JehangirChowk,j1,j1_18.csv,MEDIUM,37.5,26
1900-01-01 09:25:00,RIGHT,18.0,14.0,0.0,4.0,36.0,JehangirChowk,j1,j1_18.csv,MEDIUM,37.0,26
1900-01-01 09:25:00,UP,1.0,1.0,1.0,0.0,3.0,JehangirChowk,j1,j1_18.csv,LOW,4.0,16
1900-01-01 09:30:00,DOWN,42.0,39.0,4.0,7.0,92.0,JehangirChowk,j1,j1_18.csv,HIGH,92.5,42
1900-01-01 09:30:00,LEFT,41.0,0.0,0.0,3.0,44.0,JehangirChowk,j1,j1_18.csv,MEDIUM,50.0,29
1900-01-01 09:30:00,RIGHT,25.0,17.0,0.0,5.0,47.0,JehangirChowk,j1,j1_18.csv,MEDIUM,48.5,29
1900-01-01 09:30:00,UP,3.0,8.0,0.0,0.0,11.0,JehangirChowk,j1,j1_18.csv,MEDIUM,7.0,17
1900-01-01 09:35:00,DOWN,33.0,32.0,2.0,11.0,78.0,JehangirChowk,j1,j1_18.csv,HIGH,87.0,40
1900-01-01 09:35:00,LEFT,24.0,1.0,0.0,1.0,26.0,JehangirChowk,j1,j1_18.csv,MEDIUM,27.5,23
1900-01-01 09:35:00,RIGHT,14.0,19.0,1.0,7.0,41.0,JehangirChowk,j1,j1_18.csv,MEDIUM,47.0,29
1900-01-01 09:35:00,UP,0.0,1.0,2.0,0.0,3.0,JehangirChowk,j1,j1_18.csv,LOW,5.5,17
1900-01-01 09:40:00,DOWN,39.0,42.0,7.0,11.0,99.0,JehangirChowk,j1,j1_18.csv,HIGH,110.5,47
1900-01-01 09:40:00,LEFT,27.0,2.0,0.0,3.0,32.0,JehangirChowk,j1,j1_18.csv,MEDIUM,37.0,26
1900-01-01 09:40:00,RIGHT,19.0,6.0,1.0,14.0,40.0,JehangirChowk,j1,j1_18.csv,MEDIUM,66.5,34
1900-01-01 09:40:00,UP,0.0,27.0,1.0,0.0,28.0,JehangirChowk,j1,j1_18.csv,MEDIUM,16.0,20
1900-01-01 09:45:00,DOWN,30.0,30.0,4.0,9.0,73.0,JehangirChowk,j1,j1_18.csv,MEDIUM,82.0,39
1900-01-01 09:45:00,LEFT,30.0,0.0,0.0,5.0,35.0,JehangirChowk,j1,j1_18.csv,MEDIUM,45.0,28
1900-01-01 09:45:00,RIGHT,12.0,14.0,1.0,10.0,37.0,JehangirChowk,j1,j1_18.csv,MEDIUM,51.5,30
1900-01-01 09:45:00,UP,2.0,2.0,0.0,0.0,4.0,JehangirChowk,j1,j1_18.csv,LOW,3.0,16
1900-01-01 09:50:00,DOWN,39.0,39.0,0.0,12.0,90.0,JehangirChowk,j1,j1_18.csv,HIGH,94.5,42
1900-01-01 09:50:00,LEFT,21.0,1.0,0.0,1.0,23.0,JehangirChowk,j1,j1_18.csv,MEDIUM,24.5,22
1900-01-01 09:50:00,RIGHT,11.0,16.0,0.0,10.0,37.0,JehangirChowk,j1,j1_18.csv,MEDIUM,49.0,29
1900-01-01 09:50:00,UP,2.0,28.0,0.0,0.0,30.0,JehangirChowk,j1,j1_18.csv,MEDIUM,16.0,20
1900-01-01 09:55:00,DOWN,47.0,43.0,6.0,6.0,102.0,JehangirChowk,j1,j1_18.csv,HIGH,101.5,44
1900-01-01 09:55:00,LEFT,32.0,2.0,0.0,3.0,37.0,JehangirChowk,j1,j1_18.csv,MEDIUM,42.0,27
1900-01-01 09:55:00,RIGHT,11.0,15.0,3.0,7.0,36.0,JehangirChowk,j1,j1_18.csv,MEDIUM,47.0,29
1900-01-01 09:55:00,UP,1.0,2.0,1.0,3.0,7.0,JehangirChowk,j1,j1_18.csv,MEDIUM,13.5,19
1900-01-01 10:00:00,DOWN,21.0,49.0,3.0,16.0,89.0,JehangirChowk,j1,j1_18.csv,HIGH,101.0,44
1900-01-01 10:00:00,LEFT,41.0,3.0,0.0,0.0,44.0,JehangirChowk,j1,j1_18.csv,MEDIUM,42.5,27
1900-01-01 10:00:00,RIGHT,13.0,12.0,1.0,7.0,33.0,JehangirChowk,j1,j1_18.csv,MEDIUM,42.5,27
1900-01-01 10:00:00,UP,1.0,1.0,1.0,2.0,5.0,JehangirChowk,j1,j1_18.csv,MEDIUM,10.0,18
1900-01-01 10:05:00,DOWN,30.0,29.0,3.0,13.0,75.0,JehangirChowk,j1,j1_18.csv,HIGH,91.0,41
1900-01-01 10:05:00,LEFT,28.0,0.0,0.0,1.0,29.0,JehangirChowk,j1,j1_18.csv,MEDIUM,31.0,24
1900-01-01 10:05:00,RIGHT,11.0,7.0,0.0,6.0,24.0,JehangirChowk,j1,j1_18.csv,MEDIUM,32.5,24
1900-01-01 10:05:00,UP,1.0,0.0,0.0,2.0,3.0,JehangirChowk,j1,j1_18.csv,LOW,7.0,17
1900-01-01 10:10:00,DOWN,38.0,35.0,4.0,11.0,88.0,JehangirChowk,j1,j1_18.csv,HIGH,98.5,44
1900-01-01 10:10:00,LEFT,35.0,1.0,0.0,4.0,40.0,JehangirChowk,j1,j1_18.csv,MEDIUM,47.5,29
1900-01-01 10:10:00,RIGHT,9.0,19.0,0.0,4.0,32.0,JehangirChowk,j1,j1_18.csv,MEDIUM,30.5,24
1900-01-01 10:10:00,UP,0.0,2.0,0.0,0.0,2.0,JehangirChowk,j1,j1_18.csv,LOW,1.0,15
1900-01-01 10:15:00,DOWN,52.0,39.0,7.0,8.0,106.0,JehangirChowk,j1,j1_18.csv,HIGH,113.0,48
1900-01-01 10:15:00,LEFT,30.0,0.0,0.0,3.0,33.0,JehangirChowk,j1,j1_18.csv,MEDIUM,39.0,26
1900-01-01 10:15:00,RIGHT,11.0,14.0,2.0,10.0,37.0,JehangirChowk,j1,j1_18.csv,MEDIUM,53.0,30
1900-01-01 10:15:00,UP,3.0,1.0,0.0,0.0,4.0,JehangirChowk,j1,j1_18.csv,LOW,3.5,16
1900-01-01 10:20:00,DOWN,30.0,66.0,7.0,9.0,112.0,JehangirChowk,j1,j1_18.csv,HIGH,107.5,46
1900-01-01 10:20:00,LEFT,13.0,0.0,0.0,3.0,16.0,JehangirChowk,j1,j1_18.csv,MEDIUM,22.0,21
1900-01-01 10:20:00,RIGHT,8.0,13.0,1.0,9.0,31.0,JehangirChowk,j1,j1_18.csv,MEDIUM,44.0,28
1900-01-01 10:20:00,UP,4.0,6.0,1.0,0.0,11.0,JehangirChowk,j1,j1_18.csv,MEDIUM,9.5,18
1900-01-01 10:25:00,DOWN,36.0,35.0,2.0,13.0,86.0,JehangirChowk,j1,j1_18.csv,HIGH,97.5,43
1900-01-01 10:25:00,LEFT,38.0,0.0,0.0,6.0,44.0,JehangirChowk,j1,j1_18.csv,MEDIUM,56.0,31
1900-01-01 10:25:00,RIGHT,9.0,24.0,1.0,8.0,42.0,JehangirChowk,j1,j1_18.csv,MEDIUM,47.5,29
1900-01-01 10:25:00,UP,5.0,1.0,0.0,1.0,7.0,JehangirChowk,j1,j1_18.csv,MEDIUM,8.5,17
1900-01-01 10:30:00,DOWN,30.0,25.0,1.0,2.0,58.0,JehangirChowk,j1,j1_18.csv,MEDIUM,51.0,30
1900-01-01 10:30:00,LEFT,26.0,1.0,0.0,2.0,29.0,JehangirChowk,j1,j1_18.csv,MEDIUM,32.5,24
1900-01-01 10:30:00,RIGHT,9.0,21.0,0.0,2.0,32.0,JehangirChowk,j1,j1_18.csv,MEDIUM,25.5,22
1900-01-01 10:30:00,UP,0.0,3.0,0.0,1.0,4.0,JehangirChowk,j1,j1_18.csv,LOW,4.5,16
1900-01-01 10:35:00,DOWN,29.0,28.0,2.0,22.0,81.0,JehangirChowk,j1,j1_18.csv,HIGH,114.0,48
1900-01-01 10:35:00,LEFT,32.0,2.0,0.0,4.0,38.0,JehangirChowk,j1,j1_18.csv,MEDIUM,45.0,28
1900-01-01 10:35:00,RIGHT,18.0,14.0,2.0,6.0,40.0,JehangirChowk,j1,j1_18.csv,MEDIUM,48.0,29
1900-01-01 10:35:00,UP,0.0,5.0,1.0,0.0,6.0,JehangirChowk,j1,j1_18.csv,MEDIUM,5.0,16
1900-01-01 10:40:00,DOWN,45.0,59.0,3.0,5.0,112.0,JehangirChowk,j1,j1_18.csv,HIGH,97.0,43
1900-01-01 10:40:00,LEFT,43.0,1.0,0.0,2.0,46.0,JehangirChowk,j1,j1_18.csv,MEDIUM,49.5,29
1900-01-01 10:40:00,RIGHT,20.0,9.0,2.0,3.0,34.0,JehangirChowk,j1,j1_18.csv,MEDIUM,38.5,26
1900-01-01 10:40:00,UP,3.0,5.0,0.0,0.0,8.0,JehangirChowk,j1,j1_18.csv,MEDIUM,5.5,17
1900-01-01 10:45:00,DOWN,42.0,50.0,2.0,8.0,102.0,JehangirChowk,j1,j1_18.csv,HIGH,96.0,43
1900-01-01 10:45:00,LEFT,40.0,0.0,0.0,1.0,41.0,JehangirChowk,j1,j1_18.csv,MEDIUM,43.0,27
1900-01-01 10:45:00,RIGHT,15.0,17.0,0.0,10.0,42.0,JehangirChowk,j1,j1_18.csv,MEDIUM,53.5,30
1900-01-01 10:45:00,UP,1.0,3.0,0.0,1.0,5.0,JehangirChowk,j1,j1_18.csv,MEDIUM,5.5,17
1900-01-01 10:50:00,DOWN,54.0,63.0,0.0,8.0,125.0,JehangirChowk,j1,j1_18.csv,HIGH,109.5,47
1900-01-01 10:50:00,LEFT,33.0,0.0,0.0,3.0,36.0,JehangirChowk,j1,j1_18.csv,MEDIUM,42.0,27
1900-01-01 10:50:00,RIGHT,11.0,10.0,1.0,14.0,36.0,JehangirChowk,j1,j1_18.csv,MEDIUM,60.5,33
1900-01-01 10:50:00,UP,3.0,3.0,0.0,0.0,6.0,JehangirChowk,j1,j1_18.csv,MEDIUM,4.5,16
1900-01-01 10:55:00,DOWN,48.0,44.0,3.0,14.0,109.0,JehangirChowk,j1,j1_18.csv,HIGH,119.5,50
1900-01-01 10:55:00,LEFT,30.0,0.0,0.0,2.0,32.0,JehangirChowk,j1,j1_18.csv,MEDIUM,36.0,25
1900-01-01 10:55:00,RIGHT,14.0,26.0,0.0,14.0,54.0,JehangirChowk,j1,j1_18.csv,MEDIUM,69.0,35
1900-01-01 10:55:00,UP,1.0,3.0,1.0,0.0,5.0,JehangirChowk,j1,j1_18.csv,MEDIUM,5.0,16
1900-01-01 11:00:00,DOWN,54.0,57.0,4.0,15.0,130.0,JehangirChowk,j1,j1_18.csv,HIGH,137.5,55
1900-01-01 11:00:00,LEFT,30.0,0.0,0.0,3.0,33.0,JehangirChowk,j1,j1_18.csv,MEDIUM,39.0,26
1900-01-01 11:00:00,RIGHT,17.0,19.0,0.0,10.0,46.0,JehangirChowk,j1,j1_18.csv,MEDIUM,56.5,31
1900-01-01 11:00:00,UP,1.0,4.0,1.0,3.0,9.0,JehangirChowk,j1,j1_18.csv,MEDIUM,14.5,19
1900-01-01 11:05:00,DOWN,41.0,43.0,1.0,14.0,99.0,JehangirChowk,j1,j1_18.csv,HIGH,107.0,46
1900-01-01 11:05:00,LEFT,41.0,10.0,0.0,1.0,52.0,JehangirChowk,j1,j1_18.csv,MEDIUM,49.0,29
1900-01-01 11:05:00,RIGHT,18.0,16.0,1.0,15.0,50.0,JehangirChowk,j1,j1_18.csv,MEDIUM,73.5,36
1900-01-01 11:05:00,UP,3.0,6.0,2.0,3.0,14.0,JehangirChowk,j1,j1_18.csv,MEDIUM,20.0,21
1900-01-01 11:10:00,DOWN,44.0,38.0,4.0,14.0,100.0,JehangirChowk,j1,j1_18.csv,HIGH,115.0,48
1900-01-01 11:10:00,LEFT,34.0,0.0,0.0,5.0,39.0,JehangirChowk,j1,j1_18.csv,MEDIUM,49.0,29
1900-01-01 11:10:00,RIGHT,14.0,12.0,1.0,11.0,38.0,JehangirChowk,j1,j1_18.csv,MEDIUM,55.5,31
1900-01-01 11:10:00,UP,3.0,3.0,2.0,0.0,8.0,JehangirChowk,j1,j1_18.csv,MEDIUM,9.5,18
1900-01-01 11:15:00,DOWN,52.0,41.0,4.0,11.0,108.0,JehangirChowk,j1,j1_18.csv,HIGH,115.5,48
1900-01-01 11:15:00,LEFT,26.0,0.0,0.0,2.0,28.0,JehangirChowk,j1,j1_18.csv,MEDIUM,32.0,24
1900-01-01 11:15:00,RIGHT,14.0,9.0,3.0,9.0,35.0,JehangirChowk,j1,j1_18.csv,MEDIUM,53.0,30
1900-01-01 11:15:00,UP,4.0,4.0,0.0,1.0,9.0,JehangirChowk,j1,j1_18.csv,MEDIUM,9.0,18
1900-01-01 11:20:00,DOWN,26.0,18.0,0.0,8.0,52.0,JehangirChowk,j1,j1_18.csv,MEDIUM,59.0,32
1900-01-01 11:20:00,LEFT,9.0,0.0,0.0,1.0,10.0,JehangirChowk,j1,j1_18.csv,MEDIUM,12.0,18
1900-01-01 11:20:00,RIGHT,10.0,6.0,0.0,2.0,18.0,JehangirChowk,j1,j1_18.csv,MEDIUM,19.0,20
1900-01-01 11:20:00,UP,0.0,1.0,0.0,0.0,1.0,JehangirChowk,j1,j1_18.csv,LOW,0.5,15
1900-01-01 11:25:00,DOWN,36.0,49.0,2.0,8.0,95.0,JehangirChowk,j1,j1_15_one.csv,HIGH,89.5,41
1900-01-01 11:25:00,LEFT,34.0,0.0,1.0,4.0,39.0,JehangirChowk,j1,j1_15_one.csv,MEDIUM,48.5,29
1900-01-01 11:25:00,RIGHT,8.0,10.0,0.0,6.0,24.0,JehangirChowk,j1,j1_15_one.csv,MEDIUM,31.0,24
1900-01-01 11:25:00,UP,3.0,1.0,0.0,1.0,5.0,JehangirChowk,j1,j1_15_one.csv,MEDIUM,6.5,17
1900-01-01 11:30:00,DOWN,62.0,105.0,8.0,18.0,193.0,JehangirChowk,j1,j1_15_one.csv,VERY_HIGH,188.5,60
1900-01-01 11:30:00,LEFT,29.0,1.0,0.0,4.0,34.0,JehangirChowk,j1,j1_15_one.csv,MEDIUM,41.5,27
1900-01-01 11:30:00,RIGHT,23.0,28.0,1.0,11.0,63.0,JehangirChowk,j1,j1_15_one.csv,MEDIUM,72.5,36
1900-01-01 11:30:00,UP,1.0,5.0,1.0,1.0,8.0,JehangirChowk,j1,j1_15_one.csv,MEDIUM,9.0,18
1900-01-01 11:35:00,DOWN,59.0,79.0,5.0,13.0,156.0,JehangirChowk,j1,j1_15_one.csv,VERY_HIGH,150.0,58
1900-01-01 11:35:00,LEFT,44.0,0.0,0.0,8.0,52.0,JehangirChowk,j1,j1_15_one.csv,MEDIUM,68.0,35
1900-01-01 11:35:00,RIGHT,28.0,10.0,0.0,5.0,43.0,JehangirChowk,j1,j1_15_one.csv,MEDIUM,48.0,29
1900-01-01 11:35:00,UP,6.0,2.0,1.0,1.0,10.0,JehangirChowk,j1,j1_15_one.csv,MEDIUM,12.5,19
1900-01-01 11:40:00,DOWN,63.0,69.0,3.0,10.0,145.0,JehangirChowk,j1,j1_15_one.csv,HIGH,135.0,54
1900-01-01 11:40:00,LEFT,26.0,1.0,1.0,2.0,30.0,JehangirChowk,j1,j1_15_one.csv,MEDIUM,35.0,25
1900-01-01 11:40:00,RIGHT,22.0,9.0,1.0,8.0,40.0,JehangirChowk,j1,j1_15_one.csv,MEDIUM,53.0,30
1900-01-01 11:40:00,UP,10.0,0.0,4.0,2.0,16.0,JehangirChowk,j1,j1_15_one.csv,MEDIUM,26.0,23
1900-01-01 11:45:00,DOWN,69.0,66.0,6.0,17.0,158.0,JehangirChowk,j1,j1_15_one.csv,VERY_HIGH,168.0,60
1900-01-01 11:45:00,LEFT,18.0,1.0,0.0,3.0,22.0,JehangirChowk,j1,j1_15_one.csv,MEDIUM,27.5,23
1900-01-01 11:45:00,RIGHT,25.0,17.0,1.0,9.0,52.0,JehangirChowk,j1,j1_15_one.csv,MEDIUM,63.0,33
1900-01-01 11:45:00,UP,3.0,3.0,1.0,3.0,10.0,JehangirChowk,j1,j1_15_one.csv,MEDIUM,16.0,20
1900-01-01 11:50:00,DOWN,68.0,83.0,4.0,14.0,169.0,JehangirChowk,j1,j1_15_one.csv,VERY_HIGH,161.5,60
1900-01-01 11:50:00,LEFT,23.0,1.0,2.0,5.0,31.0,JehangirChowk,j1,j1_15_one.csv,MEDIUM,43.5,28
1900-01-01 11:50:00,RIGHT,21.0,18.0,3.0,11.0,53.0,JehangirChowk,j1,j1_15_one.csv,MEDIUM,70.5,35
1900-01-01 11:50:00,UP,9.0,6.0,0.0,0.0,15.0,JehangirChowk,j1,j1_15_one.csv,MEDIUM,12.0,18
1900-01-01 11:55:00,DOWN,57.0,92.0,8.0,15.0,172.0,JehangirChowk,j1,j1_15_one.csv,VERY_HIGH,168.0,60
1900-01-01 11:55:00,LEFT,19.0,0.0,0.0,2.0,21.0,JehangirChowk,j1,j1_15_one.csv,MEDIUM,25.0,22
1900-01-01 11:55:00,RIGHT,23.0,23.0,2.0,6.0,54.0,JehangirChowk,j1,j1_15_one.csv,MEDIUM,57.5,32
1900-01-01 11:55:00,UP,4.0,9.0,0.0,2.0,15.0,JehangirChowk,j1,j1_15_one.csv,MEDIUM,14.5,19
1900-01-01 11:25:00,DOWN,21.0,48.0,3.0,4.0,76.0,JehangirChowk,j2,j2_15_one.csv,HIGH,64.5,34
1900-01-01 11:25:00,LEFT,34.0,14.0,2.0,6.0,56.0,JehangirChowk,j2,j2_15_one.csv,MEDIUM,64.0,34
1900-01-01 11:25:00,RIGHT,0.0,1.0,0.0,0.0,1.0,JehangirChowk,j2,j2_15_one.csv,LOW,0.5,15
1900-01-01 11:25:00,UP,0.0,12.0,0.0,0.0,12.0,JehangirChowk,j2,j2_15_one.csv,MEDIUM,6.0,17
1900-01-01 11:30:00,DOWN,27.0,40.0,1.0,6.0,74.0,JehangirChowk,j2,j2_15_one.csv,MEDIUM,67.5,35
1900-01-01 11:30:00,LEFT,39.0,17.0,1.0,6.0,63.0,JehangirChowk,j2,j2_15_one.csv,MEDIUM,68.0,35
1900-01-01 11:30:00,RIGHT,0.0,3.0,0.0,0.0,3.0,JehangirChowk,j2,j2_15_one.csv,LOW,1.5,15
1900-01-01 11:30:00,UP,7.0,20.0,1.0,0.0,28.0,JehangirChowk,j2,j2_15_one.csv,MEDIUM,19.5,21
1900-01-01 11:35:00,DOWN,20.0,40.0,5.0,3.0,68.0,JehangirChowk,j2,j2_15_one.csv,MEDIUM,61.5,33
1900-01-01 11:35:00,LEFT,42.0,16.0,3.0,7.0,68.0,JehangirChowk,j2,j2_15_one.csv,MEDIUM,78.5,38
1900-01-01 11:35:00,RIGHT,0.0,1.0,0.0,0.0,1.0,JehangirChowk,j2,j2_15_one.csv,LOW,0.5,15
1900-01-01 11:35:00,UP,0.0,24.0,0.0,1.0,25.0,JehangirChowk,j2,j2_15_one.csv,MEDIUM,15.0,19
1900-01-01 11:40:00,DOWN,29.0,33.0,4.0,2.0,68.0,JehangirChowk,j2,j2_15_one.csv,MEDIUM,61.5,33
1900-01-01 11:40:00,LEFT,42.0,6.0,0.0,6.0,54.0,JehangirChowk,j2,j2_15_one.csv,MEDIUM,63.0,33
1900-01-01 11:40:00,RIGHT,0.0,1.0,0.0,0.0,1.0,JehangirChowk,j2,j2_15_one.csv,LOW,0.5,15
1900-01-01 11:40:00,UP,6.0,5.0,2.0,0.0,13.0,JehangirChowk,j2,j2_15_one.csv,MEDIUM,13.5,19
1900-01-01 11:45:00,DOWN,23.0,34.0,5.0,1.0,63.0,JehangirChowk,j2,j2_15_one.csv,MEDIUM,55.5,31
1900-01-01 11:45:00,LEFT,33.0,8.0,4.0,9.0,54.0,JehangirChowk,j2,j2_15_one.csv,MEDIUM,74.0,36
1900-01-01 11:45:00,RIGHT,1.0,0.0,1.0,0.0,2.0,JehangirChowk,j2,j2_15_one.csv,LOW,3.5,16
1900-01-01 11:45:00,UP,2.0,6.0,0.0,1.0,9.0,JehangirChowk,j2,j2_15_one.csv,MEDIUM,8.0,17
1900-01-01 11:50:00,DOWN,21.0,43.0,1.0,2.0,67.0,JehangirChowk,j2,j2_15_one.csv,MEDIUM,51.0,30
1900-01-01 11:50:00,LEFT,21.0,5.0,1.0,9.0,36.0,JehangirChowk,j2,j2_15_one.csv,MEDIUM,53.0,30
1900-01-01 11:50:00,RIGHT,0.0,1.0,0.0,0.0,1.0,JehangirChowk,j2,j2_15_one.csv,LOW,0.5,15
1900-01-01 11:50:00,UP,3.0,13.0,0.0,0.0,16.0,JehangirChowk,j2,j2_15_one.csv,MEDIUM,9.5,18
1900-01-01 11:55:00,DOWN,22.0,18.0,6.0,4.0,50.0,JehangirChowk,j2,j2_15_one.csv,MEDIUM,58.0,32
1900-01-01 11:55:00,LEFT,18.0,9.0,4.0,2.0,33.0,JehangirChowk,j2,j2_15_one.csv,MEDIUM,38.5,26
1900-01-01 11:55:00,RIGHT,2.0,0.0,0.0,1.0,3.0,JehangirChowk,j2,j2_15_one.csv,LOW,5.0,16
1900-01-01 11:55:00,UP,0.0,14.0,1.0,0.0,15.0,JehangirChowk,j2,j2_15_one.csv,MEDIUM,9.5,18
1900-01-01 11:20:00,DOWN,3.0,1.0,1.0,0.0,5.0,JehangirChowk,j2,j2_14_one.csv,MEDIUM,6.0,17
1900-01-01 11:20:00,LEFT,2.0,5.0,0.0,0.0,7.0,JehangirChowk,j2,j2_14_one.csv,MEDIUM,4.5,16
1900-01-01 11:20:00,RIGHT,0.0,1.0,0.0,0.0,1.0,JehangirChowk,j2,j2_14_one.csv,LOW,0.5,15
1900-01-01 11:20:00,UP,0.0,1.0,0.0,0.0,1.0,JehangirChowk,j2,j2_14_one.csv,LOW,0.5,15
1900-01-01 11:25:00,DOWN,36.0,32.0,5.0,1.0,74.0,JehangirChowk,j2,j2_14_one.csv,MEDIUM,67.5,35
1900-01-01 11:25:00,LEFT,22.0,6.0,1.0,9.0,38.0,JehangirChowk,j2,j2_14_one.csv,MEDIUM,54.5,31
1900-01-01 11:25:00,RIGHT,0.0,4.0,0.0,1.0,5.0,JehangirChowk,j2,j2_14_one.csv,MEDIUM,5.0,16
1900-01-01 11:25:00,UP,1.0,2.0,0.0,0.0,3.0,JehangirChowk,j2,j2_14_one.csv,LOW,2.0,16
1900-01-01 11:30:00,DOWN,37.0,47.0,4.0,2.0,90.0,JehangirChowk,j2,j2_14_one.csv,HIGH,76.5,37
1900-01-01 11:30:00,LEFT,35.0,5.0,1.0,7.0,48.0,JehangirChowk,j2,j2_14_one.csv,MEDIUM,61.0,33
1900-01-01 11:30:00,RIGHT,2.0,1.0,0.0,0.0,3.0,JehangirChowk,j2,j2_14_one.csv,LOW,2.5,16
1900-01-01 11:30:00,UP,4.0,13.0,0.0,0.0,17.0,JehangirChowk,j2,j2_14_one.csv,MEDIUM,10.5,18
1900-01-01 11:35:00,DOWN,20.0,36.0,0.0,1.0,57.0,JehangirChowk,j2,j2_14_one.csv,MEDIUM,41.0,27
1900-01-01 11:35:00,LEFT,32.0,6.0,1.0,6.0,45.0,JehangirChowk,j2,j2_14_one.csv,MEDIUM,55.5,31
1900-01-01 11:35:00,RIGHT,2.0,1.0,0.0,0.0,3.0,JehangirChowk,j2,j2_14_one.csv,LOW,2.5,16
1900-01-01 11:35:00,UP,0.0,3.0,0.0,0.0,3.0,JehangirChowk,j2,j2_14_one.csv,LOW,1.5,15
1900-01-01 11:40:00,DOWN,22.0,31.0,0.0,2.0,55.0,JehangirChowk,j2,j2_14_one.csv,MEDIUM,43.5,28
1900-01-01 11:40:00,LEFT,28.0,14.0,1.0,2.0,45.0,JehangirChowk,j2,j2_14_one.csv,MEDIUM,43.5,28
1900-01-01 11:40:00,RIGHT,2.0,1.0,0.0,0.0,3.0,JehangirChowk,j2,j2_14_one.csv,LOW,2.5,16
1900-01-01 11:40:00,UP,7.0,11.0,0.0,0.0,18.0,JehangirChowk,j2,j2_14_one.csv,MEDIUM,12.5,19
1900-01-01 11:45:00,DOWN,18.0,27.0,3.0,1.0,49.0,JehangirChowk,j2,j2_14_one.csv,MEDIUM,42.0,27
1900-01-01 11:45:00,LEFT,29.0,12.0,0.0,4.0,45.0,JehangirChowk,j2,j2_14_one.csv,MEDIUM,47.0,29
1900-01-01 11:45:00,RIGHT,0.0,0.0,0.0,0.0,0.0,JehangirChowk,j2,j2_14_one.csv,LOW,0.0,15
1900-01-01 11:45:00,UP,0.0,4.0,0.0,3.0,7.0,JehangirChowk,j2,j2_14_one.csv,MEDIUM,11.0,18
1900-01-01 11:50:00,DOWN,42.0,35.0,3.0,2.0,82.0,JehangirChowk,j2,j2_14_one.csv,HIGH,73.0,36
1900-01-01 11:50:00,LEFT,36.0,11.0,0.0,3.0,50.0,JehangirChowk,j2,j2_14_one.csv,MEDIUM,50.5,30
1900-01-01 11:50:00,RIGHT,1.0,6.0,0.0,0.0,7.0,JehangirChowk,j2,j2_14_one.csv,MEDIUM,4.0,16
1900-01-01 11:50:00,UP,1.0,14.0,0.0,0.0,15.0,JehangirChowk,j2,j2_14_one.csv,MEDIUM,8.0,17
1900-01-01 11:55:00,DOWN,18.0,47.0,3.0,1.0,69.0,JehangirChowk,j2,j2_14_one.csv,MEDIUM,52.0,30
1900-01-01 11:55:00,LEFT,28.0,18.0,0.0,4.0,50.0,JehangirChowk,j2,j2_14_one.csv,MEDIUM,49.0,29
1900-01-01 11:55:00,RIGHT,2.0,3.0,0.0,0.0,5.0,JehangirChowk,j2,j2_14_one.csv,MEDIUM,3.5,16
1900-01-01 11:55:00,UP,1.0,10.0,1.0,0.0,12.0,JehangirChowk,j2,j2_14_one.csv,MEDIUM,8.5,17
1900-01-01 11:25:00,DOWN,28.0,29.0,2.0,2.0,61.0,JehangirChowk,j2,j2_16_one.csv,MEDIUM,53.5,30
1900-01-01 11:25:00,LEFT,27.0,3.0,1.0,4.0,35.0,JehangirChowk,j2,j2_16_one.csv,MEDIUM,43.0,27
1900-01-01 11:25:00,RIGHT,1.0,0.0,0.0,0.0,1.0,JehangirChowk,j2,j2_16_one.csv,LOW,1.0,15
1900-01-01 11:25:00,UP,1.0,35.0,0.0,0.0,36.0,JehangirChowk,j2,j2_16_one.csv,MEDIUM,18.5,20
1900-01-01 11:30:00,DOWN,17.0,25.0,3.0,3.0,48.0,JehangirChowk,j2,j2_16_one.csv,MEDIUM,46.0,28
1900-01-01 11:30:00,LEFT,33.0,14.0,1.0,2.0,50.0,JehangirChowk,j2,j2_16_one.csv,MEDIUM,48.5,29
1900-01-01 11:30:00,RIGHT,1.0,0.0,0.0,0.0,1.0,JehangirChowk,j2,j2_16_one.csv,LOW,1.0,15
1900-01-01 11:30:00,UP,4.0,7.0,0.0,0.0,11.0,JehangirChowk,j2,j2_16_one.csv,MEDIUM,7.5,17
1900-01-01 11:35:00,DOWN,24.0,17.0,10.0,0.0,51.0,JehangirChowk,j2,j2_16_one.csv,MEDIUM,57.5,32
1900-01-01 11:35:00,LEFT,26.0,14.0,2.0,0.0,42.0,JehangirChowk,j2,j2_16_one.csv,MEDIUM,38.0,26
1900-01-01 11:35:00,RIGHT,3.0,4.0,0.0,0.0,7.0,JehangirChowk,j2,j2_16_one.csv,MEDIUM,5.0,16
1900-01-01 11:35:00,UP,7.0,29.0,0.0,1.0,37.0,JehangirChowk,j2,j2_16_one.csv,MEDIUM,24.5,22
1900-01-01 11:40:00,DOWN,22.0,18.0,1.0,3.0,44.0,JehangirChowk,j2,j2_16_one.csv,MEDIUM,42.5,27
1900-01-01 11:40:00,LEFT,33.0,6.0,1.0,4.0,44.0,JehangirChowk,j2,j2_16_one.csv,MEDIUM,50.5,30
1900-01-01 11:40:00,RIGHT,1.0,0.0,0.0,0.0,1.0,JehangirChowk,j2,j2_16_one.csv,LOW,1.0,15
1900-01-01 11:40:00,UP,2.0,9.0,0.0,0.0,11.0,JehangirChowk,j2,j2_16_one.csv,MEDIUM,6.5,17
1900-01-01 11:45:00,DOWN,25.0,19.0,2.0,3.0,49.0,JehangirChowk,j2,j2_16_one.csv,MEDIUM,48.5,29
1900-01-01 11:45:00,LEFT,19.0,4.0,2.0,2.0,27.0,JehangirChowk,j2,j2_16_one.csv,MEDIUM,32.0,24
1900-01-01 11:45:00,RIGHT,0.0,3.0,0.0,0.0,3.0,JehangirChowk,j2,j2_16_one.csv,LOW,1.5,15
1900-01-01 11:45:00,UP,1.0,15.0,0.0,0.0,16.0,JehangirChowk,j2,j2_16_one.csv,MEDIUM,8.5,17
1900-01-01 11:50:00,DOWN,31.0,19.0,0.0,4.0,54.0,JehangirChowk,j2,j2_16_one.csv,MEDIUM,52.5,30
1900-01-01 11:50:00,LEFT,17.0,8.0,1.0,6.0,32.0,JehangirChowk,j2,j2_16_one.csv,MEDIUM,41.5,27
1900-01-01 11:50:00,RIGHT,1.0,1.0,0.0,0.0,2.0,JehangirChowk,j2,j2_16_one.csv,LOW,1.5,15
1900-01-01 11:50:00,UP,0.0,11.0,0.0,0.0,11.0,JehangirChowk,j2,j2_16_one.csv,MEDIUM,5.5,17
1900-01-01 11:55:00,DOWN,28.0,34.0,5.0,1.0,68.0,JehangirChowk,j2,j2_16_one.csv,MEDIUM,60.5,33
1900-01-01 11:55:00,LEFT,22.0,2.0,1.0,6.0,31.0,JehangirChowk,j2,j2_16_one.csv,MEDIUM,43.5,28
1900-01-01 11:55:00,RIGHT,0.0,1.0,0.0,0.0,1.0,JehangirChowk,j2,j2_16_one.csv,LOW,0.5,15
1900-01-01 11:55:00,UP,1.0,25.0,1.0,0.0,27.0,JehangirChowk,j2,j2_16_one.csv,MEDIUM,16.0,20
1900-01-01 08:55:00,DOWN,2.0,3.0,0.0,0.0,5.0,JehangirChowk,j2,j2_18.csv,MEDIUM,3.5,16
1900-01-01 08:55:00,LEFT,3.0,2.0,0.0,0.0,5.0,JehangirChowk,j2,j2_18.csv,MEDIUM,4.0,16
1900-01-01 08:55:00,RIGHT,0.0,0.0,0.0,0.0,0.0,JehangirChowk,j2,j2_18.csv,LOW,0.0,15
1900-01-01 08:55:00,UP,0.0,0.0,0.0,0.0,0.0,JehangirChowk,j2,j2_18.csv,LOW,0.0,15
1900-01-01 09:00:00,DOWN,16.0,20.0,0.0,1.0,37.0,JehangirChowk,j2,j2_18.csv,MEDIUM,29.0,23
1900-01-01 09:00:00,LEFT,17.0,5.0,0.0,8.0,30.0,JehangirChowk,j2,j2_18.csv,MEDIUM,43.5,28
1900-01-01 09:00:00,RIGHT,0.0,1.0,0.0,0.0,1.0,JehangirChowk,j2,j2_18.csv,LOW,0.5,15
1900-01-01 09:00:00,UP,2.0,6.0,1.0,0.0,9.0,JehangirChowk,j2,j2_18.csv,MEDIUM,7.5,17
1900-01-01 09:05:00,DOWN,14.0,30.0,2.0,3.0,49.0,JehangirChowk,j2,j2_18.csv,MEDIUM,43.0,27
1900-01-01 09:05:00,LEFT,27.0,4.0,0.0,7.0,38.0,JehangirChowk,j2,j2_18.csv,MEDIUM,50.0,29
1900-01-01 09:05:00,RIGHT,0.0,1.0,0.0,0.0,1.0,JehangirChowk,j2,j2_18.csv,LOW,0.5,15
1900-01-01 09:05:00,UP,0.0,16.0,0.0,0.0,16.0,JehangirChowk,j2,j2_18.csv,MEDIUM,8.0,17
1900-01-01 09:10:00,DOWN,13.0,18.0,1.0,2.0,34.0,JehangirChowk,j2,j2_18.csv,MEDIUM,30.5,24
1900-01-01 09:10:00,LEFT,23.0,5.0,0.0,6.0,34.0,JehangirChowk,j2,j2_18.csv,MEDIUM,43.5,28
1900-01-01 09:10:00,RIGHT,0.0,2.0,0.0,0.0,2.0,JehangirChowk,j2,j2_18.csv,LOW,1.0,15
1900-01-01 09:10:00,UP,3.0,4.0,0.0,1.0,8.0,JehangirChowk,j2,j2_18.csv,MEDIUM,8.0,17
1900-01-01 09:15:00,DOWN,13.0,26.0,4.0,4.0,47.0,JehangirChowk,j2,j2_18.csv,MEDIUM,48.0,29
1900-01-01 09:15:00,LEFT,19.0,3.0,0.0,4.0,26.0,JehangirChowk,j2,j2_18.csv,MEDIUM,32.5,24
1900-01-01 09:15:00,RIGHT,0.0,2.0,0.0,0.0,2.0,JehangirChowk,j2,j2_18.csv,LOW,1.0,15
1900-01-01 09:15:00,UP,0.0,0.0,0.0,0.0,0.0,JehangirChowk,j2,j2_18.csv,LOW,0.0,15
1900-01-01 09:20:00,DOWN,19.0,23.0,1.0,7.0,50.0,JehangirChowk,j2,j2_18.csv,MEDIUM,54.0,31
1900-01-01 09:20:00,LEFT,19.0,10.0,0.0,9.0,38.0,JehangirChowk,j2,j2_18.csv,MEDIUM,51.0,30
1900-01-01 09:20:00,RIGHT,1.0,1.0,0.0,0.0,2.0,JehangirChowk,j2,j2_18.csv,LOW,1.5,15
1900-01-01 09:20:00,UP,2.0,5.0,0.0,0.0,7.0,JehangirChowk,j2,j2_18.csv,MEDIUM,4.5,16
1900-01-01 09:25:00,DOWN,16.0,18.0,3.0,2.0,39.0,JehangirChowk,j2,j2_18.csv,MEDIUM,38.5,26
1900-01-01 09:25:00,LEFT,26.0,4.0,3.0,8.0,41.0,JehangirChowk,j2,j2_18.csv,MEDIUM,59.5,32
1900-01-01 09:25:00,RIGHT,1.0,1.0,0.0,0.0,2.0,JehangirChowk,j2,j2_18.csv,LOW,1.5,15
1900-01-01 09:25:00,UP,0.0,11.0,0.0,0.0,11.0,JehangirChowk,j2,j2_18.csv,MEDIUM,5.5,17
1900-01-01 09:30:00,DOWN,22.0,26.0,1.0,4.0,53.0,JehangirChowk,j2,j2_18.csv,MEDIUM,49.5,29
1900-01-01 09:30:00,LEFT,24.0,6.0,0.0,9.0,39.0,JehangirChowk,j2,j2_18.csv,MEDIUM,54.0,31
1900-01-01 09:30:00,RIGHT,3.0,1.0,0.0,0.0,4.0,JehangirChowk,j2,j2_18.csv,LOW,3.5,16
1900-01-01 09:30:00,UP,1.0,2.0,0.0,0.0,3.0,JehangirChowk,j2,j2_18.csv,LOW,2.0,16
1900-01-01 09:35:00,DOWN,22.0,26.0,3.0,2.0,53.0,JehangirChowk,j2,j2_18.csv,MEDIUM,48.5,29
1900-01-01 09:35:00,LEFT,32.0,7.0,2.0,4.0,45.0,JehangirChowk,j2,j2_18.csv,MEDIUM,52.5,30
1900-01-01 09:35:00,RIGHT,2.0,1.0,0.0,0.0,3.0,JehangirChowk,j2,j2_18.csv,LOW,2.5,16
1900-01-01 09:35:00,UP,0.0,6.0,0.0,1.0,7.0,JehangirChowk,j2,j2_18.csv,MEDIUM,6.0,17
1900-01-01 09:40:00,DOWN,24.0,29.0,7.0,2.0,62.0,JehangirChowk,j2,j2_18.csv,MEDIUM,62.0,33
1900-01-01 09:40:00,LEFT,36.0,8.0,1.0,14.0,59.0,JehangirChowk,j2,j2_18.csv,MEDIUM,84.5,39
1900-01-01 09:40:00,RIGHT,1.0,0.0,1.0,0.0,2.0,JehangirChowk,j2,j2_18.csv,LOW,3.5,16
1900-01-01 09:40:00,UP,1.0,7.0,1.0,1.0,10.0,JehangirChowk,j2,j2_18.csv,MEDIUM,10.0,18
1900-01-01 09:45:00,DOWN,14.0,29.0,4.0,2.0,49.0,JehangirChowk,j2,j2_18.csv,MEDIUM,44.5,28
1900-01-01 09:45:00,LEFT,54.0,7.0,0.0,9.0,70.0,JehangirChowk,j2,j2_18.csv,MEDIUM,84.5,39
1900-01-01 09:45:00,RIGHT,2.0,1.0,0.0,0.0,3.0,JehangirChowk,j2,j2_18.csv,LOW,2.5,16
1900-01-01 09:45:00,UP,0.0,6.0,0.0,0.0,6.0,JehangirChowk,j2,j2_18.csv,MEDIUM,3.0,16
1900-01-01 09:50:00,DOWN,20.0,24.0,4.0,8.0,56.0,JehangirChowk,j2,j2_18.csv,MEDIUM,66.0,34
1900-01-01 09:50:00,LEFT,31.0,3.0,0.0,12.0,46.0,JehangirChowk,j2,j2_18.csv,MEDIUM,68.5,35
1900-01-01 09:50:00,RIGHT,1.0,1.0,0.0,0.0,2.0,JehangirChowk,j2,j2_18.csv,LOW,1.5,15
1900-01-01 09:50:00,UP,0.0,3.0,0.0,0.0,3.0,JehangirChowk,j2,j2_18.csv,LOW,1.5,15
1900-01-01 09:55:00,DOWN,16.0,17.0,3.0,4.0,40.0,JehangirChowk,j2,j2_18.csv,MEDIUM,44.0,28
1900-01-01 09:55:00,LEFT,34.0,1.0,1.0,10.0,46.0,JehangirChowk,j2,j2_18.csv,MEDIUM,67.0,34
1900-01-01 09:55:00,RIGHT,2.0,0.0,0.0,0.0,2.0,JehangirChowk,j2,j2_18.csv,LOW,2.0,16
1900-01-01 09:55:00,UP,0.0,2.0,0.0,2.0,4.0,JehangirChowk,j2,j2_18.csv,LOW,7.0,17
1900-01-01 10:00:00,DOWN,17.0,23.0,1.0,2.0,43.0,JehangirChowk,j2,j2_18.csv,MEDIUM,37.0,26
1900-01-01 10:00:00,LEFT,37.0,15.0,0.0,5.0,57.0,JehangirChowk,j2,j2_18.csv,MEDIUM,59.5,32
1900-01-01 10:00:00,RIGHT,1.0,1.0,0.0,0.0,2.0,JehangirChowk,j2,j2_18.csv,LOW,1.5,15
1900-01-01 10:00:00,UP,1.0,14.0,0.0,0.0,15.0,JehangirChowk,j2,j2_18.csv,MEDIUM,8.0,17
1900-01-01 10:05:00,DOWN,20.0,24.0,1.0,2.0,47.0,JehangirChowk,j2,j2_18.csv,MEDIUM,40.5,27
1900-01-01 10:05:00,LEFT,33.0,4.0,0.0,6.0,43.0,JehangirChowk,j2,j2_18.csv,MEDIUM,53.0,30
1900-01-01 10:05:00,RIGHT,0.0,1.0,0.0,0.0,1.0,JehangirChowk,j2,j2_18.csv,LOW,0.5,15
1900-01-01 10:05:00,UP,1.0,0.0,0.0,0.0,1.0,JehangirChowk,j2,j2_18.csv,LOW,1.0,15
1900-01-01 10:10:00,DOWN,18.0,18.0,1.0,0.0,37.0,JehangirChowk,j2,j2_18.csv,MEDIUM,29.5,24
1900-01-01 10:10:00,LEFT,32.0,4.0,0.0,10.0,46.0,JehangirChowk,j2,j2_18.csv,MEDIUM,64.0,34
1900-01-01 10:10:00,RIGHT,0.0,1.0,0.0,0.0,1.0,JehangirChowk,j2,j2_18.csv,LOW,0.5,15
1900-01-01 10:10:00,UP,1.0,2.0,0.0,0.0,3.0,JehangirChowk,j2,j2_18.csv,LOW,2.0,16
1900-01-01 10:15:00,DOWN,22.0,20.0,9.0,4.0,55.0,JehangirChowk,j2,j2_18.csv,MEDIUM,66.5,34
1900-01-01 10:15:00,LEFT,33.0,8.0,0.0,7.0,48.0,JehangirChowk,j2,j2_18.csv,MEDIUM,58.0,32
1900-01-01 10:15:00,RIGHT,1.0,0.0,0.0,0.0,1.0,JehangirChowk,j2,j2_18.csv,LOW,1.0,15
1900-01-01 10:15:00,UP,0.0,3.0,0.0,0.0,3.0,JehangirChowk,j2,j2_18.csv,LOW,1.5,15
1900-01-01 10:20:00,DOWN,23.0,16.0,2.0,6.0,47.0,JehangirChowk,j2,j2_18.csv,MEDIUM,54.0,31
1900-01-01 10:20:00,LEFT,28.0,4.0,1.0,4.0,37.0,JehangirChowk,j2,j2_18.csv,MEDIUM,44.5,28
1900-01-01 10:20:00,RIGHT,2.0,0.0,0.0,0.0,2.0,JehangirChowk,j2,j2_18.csv,LOW,2.0,16
1900-01-01 10:20:00,UP,11.0,3.0,0.0,0.0,14.0,JehangirChowk,j2,j2_18.csv,MEDIUM,12.5,19
1900-01-01 10:25:00,DOWN,22.0,28.0,2.0,5.0,57.0,JehangirChowk,j2,j2_18.csv,MEDIUM,56.0,31
1900-01-01 10:25:00,LEFT,27.0,2.0,1.0,11.0,41.0,JehangirChowk,j2,j2_18.csv,MEDIUM,63.5,33
1900-01-01 10:25:00,RIGHT,1.0,1.0,0.0,0.0,2.0,JehangirChowk,j2,j2_18.csv,LOW,1.5,15
1900-01-01 10:25:00,UP,5.0,5.0,0.0,4.0,14.0,JehangirChowk,j2,j2_18.csv,MEDIUM,19.5,21
1900-01-01 10:30:00,DOWN,25.0,26.0,3.0,2.0,56.0,JehangirChowk,j2,j2_18.csv,MEDIUM,51.5,30
1900-01-01 10:30:00,LEFT,35.0,6.0,1.0,10.0,52.0,JehangirChowk,j2,j2_18.csv,MEDIUM,70.5,35
1900-01-01 10:30:00,RIGHT,0.0,0.0,0.0,0.0,0.0,JehangirChowk,j2,j2_18.csv,LOW,0.0,15
1900-01-01 10:30:00,UP,0.0,14.0,0.0,0.0,14.0,JehangirChowk,j2,j2_18.csv,MEDIUM,7.0,17
1900-01-01 10:35:00,DOWN,28.0,18.0,3.0,5.0,54.0,JehangirChowk,j2,j2_18.csv,MEDIUM,59.5,32
1900-01-01 10:35:00,LEFT,17.0,3.0,1.0,11.0,32.0,JehangirChowk,j2,j2_18.csv,MEDIUM,54.0,31
1900-01-01 10:35:00,RIGHT,1.0,1.0,0.0,1.0,3.0,JehangirChowk,j2,j2_18.csv,LOW,4.5,16
1900-01-01 10:35:00,UP,3.0,13.0,1.0,0.0,17.0,JehangirChowk,j2,j2_18.csv,MEDIUM,12.0,18
1900-01-01 10:40:00,DOWN,26.0,24.0,3.0,2.0,55.0,JehangirChowk,j2,j2_18.csv,MEDIUM,51.5,30
1900-01-01 10:40:00,LEFT,27.0,2.0,1.0,17.0,47.0,JehangirChowk,j2,j2_18.csv,MEDIUM,81.5,39
1900-01-01 10:40:00,RIGHT,2.0,4.0,0.0,0.0,6.0,JehangirChowk,j2,j2_18.csv,MEDIUM,4.0,16
1900-01-01 10:40:00,UP,3.0,12.0,0.0,0.0,15.0,JehangirChowk,j2,j2_18.csv,MEDIUM,9.0,18
1900-01-01 10:45:00,DOWN,24.0,18.0,9.0,6.0,57.0,JehangirChowk,j2,j2_18.csv,MEDIUM,73.5,36
1900-01-01 10:45:00,LEFT,28.0,2.0,0.0,10.0,40.0,JehangirChowk,j2,j2_18.csv,MEDIUM,59.0,32
1900-01-01 10:45:00,RIGHT,0.0,7.0,0.0,0.0,7.0,JehangirChowk,j2,j2_18.csv,MEDIUM,3.5,16
1900-01-01 10:45:00,UP,0.0,2.0,0.0,0.0,2.0,JehangirChowk,j2,j2_18.csv,LOW,1.0,15
1900-01-01 10:50:00,DOWN,47.0,25.0,5.0,2.0,79.0,JehangirChowk,j2,j2_18.csv,HIGH,78.0,38
1900-01-01 10:50:00,LEFT,29.0,5.0,2.0,11.0,47.0,JehangirChowk,j2,j2_18.csv,MEDIUM,69.5,35
1900-01-01 10:50:00,RIGHT,0.0,0.0,0.0,0.0,0.0,JehangirChowk,j2,j2_18.csv,LOW,0.0,15
1900-01-01 10:50:00,UP,4.0,1.0,0.0,0.0,5.0,JehangirChowk,j2,j2_18.csv,MEDIUM,4.5,16
1900-01-01 10:55:00,DOWN,31.0,24.0,2.0,1.0,58.0,JehangirChowk,j2,j2_18.csv,MEDIUM,51.0,30
1900-01-01 10:55:00,LEFT,34.0,3.0,1.0,12.0,50.0,JehangirChowk,j2,j2_18.csv,MEDIUM,74.0,36
1900-01-01 10:55:00,RIGHT,0.0,1.0,0.0,0.0,1.0,JehangirChowk,j2,j2_18.csv,LOW,0.5,15
1900-01-01 10:55:00,UP,8.0,11.0,0.0,0.0,19.0,JehangirChowk,j2,j2_18.csv,MEDIUM,13.5,19
1900-01-01 11:00:00,DOWN,19.0,23.0,1.0,2.0,45.0,JehangirChowk,j2,j2_18.csv,MEDIUM,39.0,26
1900-01-01 11:00:00,LEFT,23.0,98.0,0.0,12.0,133.0,JehangirChowk,j2,j2_18.csv,HIGH,108.0,46
1900-01-01 11:00:00,RIGHT,1.0,1.0,0.0,0.0,2.0,JehangirChowk,j2,j2_18.csv,LOW,1.5,15
1900-01-01 11:00:00,UP,0.0,8.0,0.0,1.0,9.0,JehangirChowk,j2,j2_18.csv,MEDIUM,7.0,17
1900-01-01 11:05:00,DOWN,20.0,20.0,3.0,1.0,44.0,JehangirChowk,j2,j2_18.csv,MEDIUM,40.5,27
1900-01-01 11:05:00,LEFT,34.0,5.0,1.0,7.0,47.0,JehangirChowk,j2,j2_18.csv,MEDIUM,60.0,32
1900-01-01 11:05:00,RIGHT,0.0,0.0,0.0,0.0,0.0,JehangirChowk,j2,j2_18.csv,LOW,0.0,15
1900-01-01 11:05:00,UP,0.0,3.0,7.0,4.0,14.0,JehangirChowk,j2,j2_18.csv,MEDIUM,31.0,24
1900-01-01 11:10:00,DOWN,21.0,26.0,4.0,3.0,54.0,JehangirChowk,j2,j2_18.csv,MEDIUM,53.0,30
1900-01-01 11:10:00,LEFT,35.0,7.0,0.0,6.0,48.0,JehangirChowk,j2,j2_18.csv,MEDIUM,56.5,31
1900-01-01 11:10:00,RIGHT,0.0,0.0,1.0,0.0,1.0,JehangirChowk,j2,j2_18.csv,LOW,2.5,16
1900-01-01 11:10:00,UP,1.0,9.0,0.0,0.0,10.0,JehangirChowk,j2,j2_18.csv,MEDIUM,5.5,17
1900-01-01 11:15:00,DOWN,21.0,23.0,0.0,1.0,45.0,JehangirChowk,j2,j2_18.csv,MEDIUM,35.5,25
1900-01-01 11:15:00,LEFT,24.0,6.0,0.0,3.0,33.0,JehangirChowk,j2,j2_18.csv,MEDIUM,36.0,25
1900-01-01 11:15:00,RIGHT,0.0,0.0,0.0,0.0,0.0,JehangirChowk,j2,j2_18.csv,LOW,0.0,15
1900-01-01 11:15:00,UP,0.0,4.0,0.0,0.0,4.0,JehangirChowk,j2,j2_18.csv,LOW,2.0,16
1900-01-01 11:20:00,DOWN,28.0,28.0,3.0,1.0,60.0,JehangirChowk,j2,j2_18.csv,MEDIUM,52.5,30
1900-01-01 11:20:00,LEFT,23.0,2.0,1.0,5.0,31.0,JehangirChowk,j2,j2_18.csv,MEDIUM,41.5,27
1900-01-01 11:20:00,RIGHT,2.0,1.0,0.0,0.0,3.0,JehangirChowk,j2,j2_18.csv,LOW,2.5,16
1900-01-01 11:20:00,UP,6.0,3.0,1.0,0.0,10.0,JehangirChowk,j2,j2_18.csv,MEDIUM,10.0,18
1900-01-01 11:25:00,DOWN,10.0,8.0,0.0,3.0,21.0,JehangirChowk,j2,j2_18.csv,MEDIUM,23.0,22
1900-01-01 11:25:00,LEFT,9.0,4.0,0.0,2.0,15.0,JehangirChowk,j2,j2_18.csv,MEDIUM,17.0,20
1900-01-01 11:25:00,RIGHT,0.0,1.0,0.0,0.0,1.0,JehangirChowk,j2,j2_18.csv,LOW,0.5,15
1900-01-01 11:25:00,UP,1.0,9.0,0.0,1.0,11.0,JehangirChowk,j2,j2_18.csv,MEDIUM,8.5,17
1900-01-01 11:25:00,DOWN,19.0,25.0,2.0,1.0,47.0,JehangirChowk,j2,j2_17_one.csv,MEDIUM,39.5,26
1900-01-01 11:25:00,LEFT,26.0,10.0,0.0,8.0,44.0,JehangirChowk,j2,j2_17_one.csv,MEDIUM,55.0,31
1900-01-01 11:25:00,RIGHT,0.0,3.0,0.0,0.0,3.0,JehangirChowk,j2,j2_17_one.csv,LOW,1.5,15
1900-01-01 11:25:00,UP,0.0,8.0,0.0,0.0,8.0,JehangirChowk,j2,j2_17_one.csv,MEDIUM,4.0,16
1900-01-01 11:30:00,DOWN,35.0,54.0,2.0,6.0,97.0,JehangirChowk,j2,j2_17_one.csv,HIGH,85.0,40
1900-01-01 11:30:00,LEFT,31.0,8.0,1.0,6.0,46.0,JehangirChowk,j2,j2_17_one.csv,MEDIUM,55.5,31
1900-01-01 11:30:00,RIGHT,0.0,1.0,0.0,0.0,1.0,JehangirChowk,j2,j2_17_one.csv,LOW,0.5,15
1900-01-01 11:30:00,UP,0.0,66.0,0.0,0.0,66.0,JehangirChowk,j2,j2_17_one.csv,MEDIUM,33.0,25
1900-01-01 11:35:00,DOWN,31.0,36.0,3.0,5.0,75.0,JehangirChowk,j2,j2_17_one.csv,HIGH,71.5,36
1900-01-01 11:35:00,LEFT,28.0,8.0,2.0,4.0,42.0,JehangirChowk,j2,j2_17_one.csv,MEDIUM,49.0,29
1900-01-01 11:35:00,RIGHT,0.0,0.0,0.0,0.0,0.0,JehangirChowk,j2,j2_17_one.csv,LOW,0.0,15
1900-01-01 11:35:00,UP,0.0,1.0,0.0,0.0,1.0,JehangirChowk,j2,j2_17_one.csv,LOW,0.5,15
1900-01-01 11:40:00,DOWN,25.0,31.0,8.0,6.0,70.0,JehangirChowk,j2,j2_17_one.csv,MEDIUM,78.5,38
1900-01-01 11:40:00,LEFT,25.0,11.0,1.0,7.0,44.0,JehangirChowk,j2,j2_17_one.csv,MEDIUM,54.0,31
1900-01-01 11:40:00,RIGHT,0.0,1.0,0.0,0.0,1.0,JehangirChowk,j2,j2_17_one.csv,LOW,0.5,15
1900-01-01 11:40:00,UP,0.0,1.0,0.0,1.0,2.0,JehangirChowk,j2,j2_17_one.csv,LOW,3.5,16
1900-01-01 11:45:00,DOWN,26.0,44.0,8.0,3.0,81.0,JehangirChowk,j2,j2_17_one.csv,HIGH,77.0,37
1900-01-01 11:45:00,LEFT,22.0,35.0,0.0,6.0,63.0,JehangirChowk,j2,j2_17_one.csv,MEDIUM,57.5,32
1900-01-01 11:45:00,RIGHT,0.0,1.0,0.0,0.0,1.0,JehangirChowk,j2,j2_17_one.csv,LOW,0.5,15
1900-01-01 11:45:00,UP,0.0,19.0,0.0,0.0,19.0,JehangirChowk,j2,j2_17_one.csv,MEDIUM,9.5,18
1900-01-01 11:50:00,DOWN,30.0,34.0,2.0,3.0,69.0,JehangirChowk,j2,j2_17_one.csv,MEDIUM,61.0,33
1900-01-01 11:50:00,LEFT,36.0,13.0,0.0,8.0,57.0,JehangirChowk,j2,j2_17_one.csv,MEDIUM,66.5,34
1900-01-01 11:50:00,RIGHT,1.0,2.0,0.0,0.0,3.0,JehangirChowk,j2,j2_17_one.csv,LOW,2.0,16
1900-01-01 11:50:00,UP,3.0,11.0,1.0,0.0,15.0,JehangirChowk,j2,j2_17_one.csv,MEDIUM,11.0,18
1900-01-01 11:55:00,DOWN,27.0,16.0,3.0,3.0,49.0,JehangirChowk,j2,j2_17_one.csv,MEDIUM,51.5,30
1900-01-01 11:55:00,LEFT,17.0,2.0,2.0,3.0,24.0,JehangirChowk,j2,j2_17_one.csv,MEDIUM,32.0,24
1900-01-01 11:55:00,RIGHT,0.0,0.0,0.0,0.0,0.0,JehangirChowk,j2,j2_17_one.csv,LOW,0.0,15
1900-01-01 11:55:00,UP,0.0,2.0,0.0,0.0,2.0,JehangirChowk,j2,j2_17_one.csv,LOW,1.0,15
1900-01-01 08:55:00,DOWN,5.0,3.0,2.0,0.0,10.0,JehangirChowk,j2,j2_15.csv,MEDIUM,11.5,18
1900-01-01 08:55:00,LEFT,0.0,0.0,0.0,2.0,2.0,JehangirChowk,j2,j2_15.csv,LOW,6.0,17
1900-01-01 08:55:00,RIGHT,0.0,0.0,0.0,1.0,1.0,JehangirChowk,j2,j2_15.csv,LOW,3.0,16
1900-01-01 08:55:00,UP,0.0,0.0,0.0,0.0,0.0,JehangirChowk,j2,j2_15.csv,LOW,0.0,15
1900-01-01 09:00:00,DOWN,13.0,41.0,1.0,0.0,55.0,JehangirChowk,j2,j2_15.csv,MEDIUM,36.0,25
1900-01-01 09:00:00,LEFT,36.0,17.0,0.0,10.0,63.0,JehangirChowk,j2,j2_15.csv,MEDIUM,74.5,37
1900-01-01 09:00:00,RIGHT,0.0,4.0,0.0,0.0,4.0,JehangirChowk,j2,j2_15.csv,LOW,2.0,16
1900-01-01 09:00:00,UP,0.0,1.0,0.0,0.0,1.0,JehangirChowk,j2,j2_15.csv,LOW,0.5,15
1900-01-01 09:05:00,DOWN,19.0,41.0,3.0,4.0,67.0,JehangirChowk,j2,j2_15.csv,MEDIUM,59.0,32
1900-01-01 09:05:00,LEFT,44.0,11.0,2.0,3.0,60.0,JehangirChowk,j2,j2_15.csv,MEDIUM,63.5,33
1900-01-01 09:05:00,RIGHT,1.0,2.0,0.0,0.0,3.0,JehangirChowk,j2,j2_15.csv,LOW,2.0,16
1900-01-01 09:05:00,UP,2.0,2.0,0.0,1.0,5.0,JehangirChowk,j2,j2_15.csv,MEDIUM,6.0,17
1900-01-01 09:10:00,DOWN,30.0,36.0,3.0,5.0,74.0,JehangirChowk,j2,j2_15.csv,MEDIUM,70.5,35
1900-01-01 09:10:00,LEFT,41.0,31.0,1.0,3.0,76.0,JehangirChowk,j2,j2_15.csv,HIGH,68.0,35
1900-01-01 09:10:00,RIGHT,1.0,2.0,0.0,0.0,3.0,JehangirChowk,j2,j2_15.csv,LOW,2.0,16
1900-01-01 09:10:00,UP,2.0,15.0,1.0,0.0,18.0,JehangirChowk,j2,j2_15.csv,MEDIUM,12.0,18
1900-01-01 09:15:00,DOWN,27.0,41.0,3.0,1.0,72.0,JehangirChowk,j2,j2_15.csv,MEDIUM,58.0,32
1900-01-01 09:15:00,LEFT,34.0,20.0,2.0,3.0,59.0,JehangirChowk,j2,j2_15.csv,MEDIUM,58.0,32
1900-01-01 09:15:00,RIGHT,1.0,1.0,0.0,0.0,2.0,JehangirChowk,j2,j2_15.csv,LOW,1.5,15
1900-01-01 09:15:00,UP,1.0,4.0,0.0,0.0,5.0,JehangirChowk,j2,j2_15.csv,MEDIUM,3.0,16
1900-01-01 09:20:00,DOWN,31.0,64.0,5.0,1.0,101.0,JehangirChowk,j2,j2_15.csv,HIGH,78.5,38
1900-01-01 09:20:00,LEFT,52.0,26.0,2.0,4.0,84.0,JehangirChowk,j2,j2_15.csv,HIGH,82.0,39
1900-01-01 09:20:00,RIGHT,0.0,1.0,0.0,0.0,1.0,JehangirChowk,j2,j2_15.csv,LOW,0.5,15
1900-01-01 09:20:00,UP,1.0,32.0,0.0,1.0,34.0,JehangirChowk,j2,j2_15.csv,MEDIUM,20.0,21
1900-01-01 09:25:00,DOWN,33.0,40.0,5.0,0.0,78.0,JehangirChowk,j2,j2_15.csv,HIGH,65.5,34
1900-01-01 09:25:00,LEFT,47.0,20.0,0.0,3.0,70.0,JehangirChowk,j2,j2_15.csv,MEDIUM,66.0,34
1900-01-01 09:25:00,RIGHT,2.0,1.0,0.0,0.0,3.0,JehangirChowk,j2,j2_15.csv,LOW,2.5,16
1900-01-01 09:25:00,UP,0.0,5.0,0.0,0.0,5.0,JehangirChowk,j2,j2_15.csv,MEDIUM,2.5,16
1900-01-01 09:30:00,DOWN,19.0,40.0,4.0,8.0,71.0,JehangirChowk,j2,j2_15.csv,MEDIUM,73.0,36
1900-01-01 09:30:00,LEFT,52.0,29.0,0.0,5.0,86.0,JehangirChowk,j2,j2_15.csv,HIGH,81.5,39
1900-01-01 09:30:00,RIGHT,1.0,2.0,0.0,0.0,3.0,JehangirChowk,j2,j2_15.csv,LOW,2.0,16
1900-01-01 09:30:00,UP,0.0,32.0,0.0,2.0,34.0,JehangirChowk,j2,j2_15.csv,MEDIUM,22.0,21
1900-01-01 09:35:00,DOWN,29.0,49.0,3.0,1.0,82.0,JehangirChowk,j2,j2_15.csv,HIGH,64.0,34
1900-01-01 09:35:00,LEFT,43.0,26.0,2.0,3.0,74.0,JehangirChowk,j2,j2_15.csv,MEDIUM,70.0,35
1900-01-01 09:35:00,RIGHT,1.0,2.0,0.0,0.0,3.0,JehangirChowk,j2,j2_15.csv,LOW,2.0,16
1900-01-01 09:35:00,UP,0.0,9.0,0.0,0.0,9.0,JehangirChowk,j2,j2_15.csv,MEDIUM,4.5,16
1900-01-01 09:40:00,DOWN,32.0,43.0,5.0,0.0,80.0,JehangirChowk,j2,j2_15.csv,HIGH,66.0,34
1900-01-01 09:40:00,LEFT,47.0,21.0,0.0,5.0,73.0,JehangirChowk,j2,j2_15.csv,MEDIUM,72.5,36
1900-01-01 09:40:00,RIGHT,0.0,0.0,0.0,0.0,0.0,JehangirChowk,j2,j2_15.csv,LOW,0.0,15
1900-01-01 09:40:00,UP,2.0,13.0,0.0,0.0,15.0,JehangirChowk,j2,j2_15.csv,MEDIUM,8.5,17
1900-01-01 09:45:00,DOWN,34.0,42.0,1.0,4.0,81.0,JehangirChowk,j2,j2_15.csv,HIGH,69.5,35
1900-01-01 09:45:00,LEFT,36.0,20.0,0.0,3.0,59.0,JehangirChowk,j2,j2_15.csv,MEDIUM,55.0,31
1900-01-01 09:45:00,RIGHT,0.0,3.0,0.0,0.0,3.0,JehangirChowk,j2,j2_15.csv,LOW,1.5,15
1900-01-01 09:45:00,UP,0.0,21.0,0.0,0.0,21.0,JehangirChowk,j2,j2_15.csv,MEDIUM,10.5,18
1900-01-01 09:50:00,DOWN,44.0,54.0,3.0,1.0,102.0,JehangirChowk,j2,j2_15.csv,HIGH,81.5,39
1900-01-01 09:50:00,LEFT,47.0,22.0,0.0,8.0,77.0,JehangirChowk,j2,j2_15.csv,HIGH,82.0,39
1900-01-01 09:50:00,RIGHT,4.0,2.0,0.0,0.0,6.0,JehangirChowk,j2,j2_15.csv,MEDIUM,5.0,16
1900-01-01 09:50:00,UP,1.0,17.0,0.0,0.0,18.0,JehangirChowk,j2,j2_15.csv,MEDIUM,9.5,18
1900-01-01 09:55:00,DOWN,30.0,51.0,2.0,1.0,84.0,JehangirChowk,j2,j2_15.csv,HIGH,63.5,33
1900-01-01 09:55:00,LEFT,31.0,44.0,0.0,1.0,76.0,JehangirChowk,j2,j2_15.csv,HIGH,56.0,31
1900-01-01 09:55:00,RIGHT,2.0,5.0,0.0,0.0,7.0,JehangirChowk,j2,j2_15.csv,MEDIUM,4.5,16
1900-01-01 09:55:00,UP,2.0,17.0,0.0,0.0,19.0,JehangirChowk,j2,j2_15.csv,MEDIUM,10.5,18
1900-01-01 10:00:00,DOWN,13.0,44.0,0.0,3.0,60.0,JehangirChowk,j2,j2_15.csv,MEDIUM,44.0,28
1900-01-01 10:00:00,LEFT,44.0,14.0,1.0,3.0,62.0,JehangirChowk,j2,j2_15.csv,MEDIUM,62.5,33
1900-01-01 10:00:00,RIGHT,1.0,1.0,0.0,0.0,2.0,JehangirChowk,j2,j2_15.csv,LOW,1.5,15
1900-01-01 10:00:00,UP,0.0,1.0,2.0,0.0,3.0,JehangirChowk,j2,j2_15.csv,LOW,5.5,17
1900-01-01 10:05:00,DOWN,27.0,66.0,1.0,3.0,97.0,JehangirChowk,j2,j2_15.csv,HIGH,71.5,36
1900-01-01 10:05:00,LEFT,45.0,15.0,1.0,9.0,70.0,JehangirChowk,j2,j2_15.csv,MEDIUM,82.0,39
1900-01-01 10:05:00,RIGHT,0.0,2.0,0.0,0.0,2.0,JehangirChowk,j2,j2_15.csv,LOW,1.0,15
1900-01-01 10:05:00,UP,2.0,11.0,1.0,0.0,14.0,JehangirChowk,j2,j2_15.csv,MEDIUM,10.0,18
1900-01-01 10:10:00,DOWN,25.0,37.0,2.0,4.0,68.0,JehangirChowk,j2,j2_15.csv,MEDIUM,60.5,33
1900-01-01 10:10:00,LEFT,49.0,23.0,1.0,3.0,76.0,JehangirChowk,j2,j2_15.csv,HIGH,72.0,36
1900-01-01 10:10:00,RIGHT,0.0,1.0,0.0,0.0,1.0,JehangirChowk,j2,j2_15.csv,LOW,0.5,15
1900-01-01 10:10:00,UP,2.0,7.0,1.0,1.0,11.0,JehangirChowk,j2,j2_15.csv,MEDIUM,11.0,18
1900-01-01 10:15:00,DOWN,32.0,34.0,1.0,3.0,70.0,JehangirChowk,j2,j2_15.csv,MEDIUM,60.5,33
1900-01-01 10:15:00,LEFT,44.0,24.0,0.0,3.0,71.0,JehangirChowk,j2,j2_15.csv,MEDIUM,65.0,34
1900-01-01 10:15:00,RIGHT,1.0,2.0,0.0,0.0,3.0,JehangirChowk,j2,j2_15.csv,LOW,2.0,16
1900-01-01 10:15:00,UP,2.0,5.0,1.0,0.0,8.0,JehangirChowk,j2,j2_15.csv,MEDIUM,7.0,17
1900-01-01 10:20:00,DOWN,24.0,29.0,6.0,2.0,61.0,JehangirChowk,j2,j2_15.csv,MEDIUM,59.5,32
1900-01-01 10:20:00,LEFT,40.0,9.0,1.0,6.0,56.0,JehangirChowk,j2,j2_15.csv,MEDIUM,65.0,34
1900-01-01 10:20:00,RIGHT,1.0,1.0,0.0,0.0,2.0,JehangirChowk,j2,j2_15.csv,LOW,1.5,15
1900-01-01 10:20:00,UP,0.0,4.0,0.0,0.0,4.0,JehangirChowk,j2,j2_15.csv,LOW,2.0,16
1900-01-01 10:25:00,DOWN,37.0,65.0,3.0,2.0,107.0,JehangirChowk,j2,j2_15.csv,HIGH,83.0,39
1900-01-01 10:25:00,LEFT,61.0,15.0,0.0,3.0,79.0,JehangirChowk,j2,j2_15.csv,HIGH,77.5,37
1900-01-01 10:25:00,RIGHT,4.0,1.0,0.0,0.0,5.0,JehangirChowk,j2,j2_15.csv,MEDIUM,4.5,16
1900-01-01 10:25:00,UP,2.0,18.0,0.0,0.0,20.0,JehangirChowk,j2,j2_15.csv,MEDIUM,11.0,18
1900-01-01 10:30:00,DOWN,26.0,54.0,3.0,6.0,89.0,JehangirChowk,j2,j2_15.csv,HIGH,78.5,38
1900-01-01 10:30:00,LEFT,52.0,19.0,1.0,7.0,79.0,JehangirChowk,j2,j2_15.csv,HIGH,85.0,40
1900-01-01 10:30:00,RIGHT,0.0,4.0,0.0,0.0,4.0,JehangirChowk,j2,j2_15.csv,LOW,2.0,16
1900-01-01 10:30:00,UP,0.0,11.0,0.0,1.0,12.0,JehangirChowk,j2,j2_15.csv,MEDIUM,8.5,17
1900-01-01 10:35:00,DOWN,31.0,41.0,1.0,3.0,76.0,JehangirChowk,j2,j2_15.csv,HIGH,63.0,33
1900-01-01 10:35:00,LEFT,43.0,9.0,0.0,9.0,61.0,JehangirChowk,j2,j2_15.csv,MEDIUM,74.5,37
1900-01-01 10:35:00,RIGHT,1.0,1.0,0.0,0.0,2.0,JehangirChowk,j2,j2_15.csv,LOW,1.5,15
1900-01-01 10:35:00,UP,2.0,7.0,1.0,0.0,10.0,JehangirChowk,j2,j2_15.csv,MEDIUM,8.0,17
1900-01-01 10:40:00,DOWN,40.0,43.0,4.0,4.0,91.0,JehangirChowk,j2,j2_15.csv,HIGH,83.5,39
1900-01-01 10:40:00,LEFT,31.0,15.0,6.0,5.0,57.0,JehangirChowk,j2,j2_15.csv,MEDIUM,68.5,35
1900-01-01 10:40:00,RIGHT,1.0,3.0,0.0,0.0,4.0,JehangirChowk,j2,j2_15.csv,LOW,2.5,16
1900-01-01 10:40:00,UP,1.0,10.0,5.0,0.0,16.0,JehangirChowk,j2,j2_15.csv,MEDIUM,18.5,20
1900-01-01 10:45:00,DOWN,31.0,29.0,7.0,3.0,70.0,JehangirChowk,j2,j2_15.csv,MEDIUM,72.0,36
1900-01-01 10:45:00,LEFT,46.0,11.0,1.0,3.0,61.0,JehangirChowk,j2,j2_15.csv,MEDIUM,63.0,33
1900-01-01 10:45:00,RIGHT,1.0,0.0,0.0,0.0,1.0,JehangirChowk,j2,j2_15.csv,LOW,1.0,15
1900-01-01 10:45:00,UP,1.0,7.0,0.0,0.0,8.0,JehangirChowk,j2,j2_15.csv,MEDIUM,4.5,16
1900-01-01 10:50:00,DOWN,37.0,29.0,5.0,4.0,75.0,JehangirChowk,j2,j2_15.csv,HIGH,76.0,37
1900-01-01 10:50:00,LEFT,33.0,5.0,1.0,4.0,43.0,JehangirChowk,j2,j2_15.csv,MEDIUM,50.0,29
1900-01-01 10:50:00,RIGHT,0.0,1.0,0.0,0.0,1.0,JehangirChowk,j2,j2_15.csv,LOW,0.5,15
1900-01-01 10:50:00,UP,3.0,19.0,1.0,4.0,27.0,JehangirChowk,j2,j2_15.csv,MEDIUM,27.0,23
1900-01-01 10:55:00,DOWN,28.0,46.0,6.0,3.0,83.0,JehangirChowk,j2,j2_15.csv,HIGH,75.0,37
1900-01-01 10:55:00,LEFT,30.0,9.0,1.0,4.0,44.0,JehangirChowk,j2,j2_15.csv,MEDIUM,49.0,29
1900-01-01 10:55:00,RIGHT,0.0,2.0,0.0,0.0,2.0,JehangirChowk,j2,j2_15.csv,LOW,1.0,15
1900-01-01 10:55:00,UP,0.0,31.0,2.0,0.0,33.0,JehangirChowk,j2,j2_15.csv,MEDIUM,20.5,21
1900-01-01 11:00:00,DOWN,38.0,35.0,6.0,2.0,81.0,JehangirChowk,j2,j2_15.csv,HIGH,76.5,37
1900-01-01 11:00:00,LEFT,29.0,15.0,2.0,6.0,52.0,JehangirChowk,j2,j2_15.csv,MEDIUM,59.5,32
1900-01-01 11:00:00,RIGHT,3.0,1.0,0.0,0.0,4.0,JehangirChowk,j2,j2_15.csv,LOW,3.5,16
1900-01-01 11:00:00,UP,0.0,7.0,1.0,0.0,8.0,JehangirChowk,j2,j2_15.csv,MEDIUM,6.0,17
1900-01-01 11:05:00,DOWN,20.0,42.0,1.0,4.0,67.0,JehangirChowk,j2,j2_15.csv,MEDIUM,55.5,31
1900-01-01 11:05:00,LEFT,50.0,14.0,1.0,9.0,74.0,JehangirChowk,j2,j2_15.csv,MEDIUM,86.5,40
1900-01-01 11:05:00,RIGHT,1.0,2.0,0.0,0.0,3.0,JehangirChowk,j2,j2_15.csv,LOW,2.0,16
1900-01-01 11:05:00,UP,0.0,1.0,0.0,1.0,2.0,JehangirChowk,j2,j2_15.csv,LOW,3.5,16
1900-01-01 11:10:00,DOWN,28.0,41.0,2.0,3.0,74.0,JehangirChowk,j2,j2_15.csv,MEDIUM,62.5,33
1900-01-01 11:10:00,LEFT,29.0,16.0,1.0,8.0,54.0,JehangirChowk,j2,j2_15.csv,MEDIUM,63.5,33
1900-01-01 11:10:00,RIGHT,0.0,0.0,0.0,0.0,0.0,JehangirChowk,j2,j2_15.csv,LOW,0.0,15
1900-01-01 11:10:00,UP,1.0,16.0,1.0,0.0,18.0,JehangirChowk,j2,j2_15.csv,MEDIUM,11.5,18
1900-01-01 11:15:00,DOWN,23.0,40.0,1.0,5.0,69.0,JehangirChowk,j2,j2_15.csv,MEDIUM,60.5,33
1900-01-01 11:15:00,LEFT,19.0,8.0,0.0,4.0,31.0,JehangirChowk,j2,j2_15.csv,MEDIUM,35.0,25
1900-01-01 11:15:00,RIGHT,1.0,0.0,0.0,1.0,2.0,JehangirChowk,j2,j2_15.csv,LOW,4.0,16
1900-01-01 11:15:00,UP,3.0,24.0,0.0,0.0,27.0,JehangirChowk,j2,j2_15.csv,MEDIUM,15.0,19
1900-01-01 11:20:00,DOWN,42.0,31.0,7.0,4.0,84.0,JehangirChowk,j2,j2_15.csv,HIGH,87.0,40
1900-01-01 11:20:00,LEFT,32.0,22.0,0.0,6.0,60.0,JehangirChowk,j2,j2_15.csv,MEDIUM,61.0,33
1900-01-01 11:20:00,RIGHT,0.0,1.0,0.0,0.0,1.0,JehangirChowk,j2,j2_15.csv,LOW,0.5,15
1900-01-01 11:20:00,UP,0.0,6.0,0.0,0.0,6.0,JehangirChowk,j2,j2_15.csv,MEDIUM,3.0,16
1900-01-01 11:25:00,DOWN,8.0,9.0,0.0,0.0,17.0,JehangirChowk,j2,j2_15.csv,MEDIUM,12.5,19
1900-01-01 11:25:00,LEFT,8.0,4.0,0.0,8.0,20.0,JehangirChowk,j2,j2_15.csv,MEDIUM,34.0,25
1900-01-01 11:25:00,RIGHT,0.0,0.0,0.0,0.0,0.0,JehangirChowk,j2,j2_15.csv,LOW,0.0,15
1900-01-01 11:25:00,UP,0.0,0.0,0.0,0.0,0.0,JehangirChowk,j2,j2_15.csv,LOW,0.0,15
1900-01-01 11:25:00,DOWN,8.0,24.0,0.0,0.0,32.0,JehangirChowk,j2,j2_12_one.csv,MEDIUM,20.0,21
1900-01-01 11:25:00,LEFT,18.0,3.0,0.0,2.0,23.0,JehangirChowk,j2,j2_12_one.csv,MEDIUM,25.5,22
1900-01-01 11:25:00,RIGHT,2.0,2.0,0.0,0.0,4.0,JehangirChowk,j2,j2_12_one.csv,LOW,3.0,16
1900-01-01 11:25:00,UP,6.0,1.0,0.0,0.0,7.0,JehangirChowk,j2,j2_12_one.csv,MEDIUM,6.5,17
1900-01-01 11:30:00,DOWN,17.0,48.0,1.0,2.0,68.0,JehangirChowk,j2,j2_12_one.csv,MEDIUM,49.5,29
1900-01-01 11:30:00,LEFT,43.0,36.0,0.0,0.0,79.0,JehangirChowk,j2,j2_12_one.csv,HIGH,61.0,33
1900-01-01 11:30:00,RIGHT,1.0,3.0,0.0,0.0,4.0,JehangirChowk,j2,j2_12_one.csv,LOW,2.5,16
1900-01-01 11:30:00,UP,3.0,9.0,0.0,0.0,12.0,JehangirChowk,j2,j2_12_one.csv,MEDIUM,7.5,17
1900-01-01 11:35:00,DOWN,28.0,46.0,0.0,1.0,75.0,JehangirChowk,j2,j2_12_one.csv,HIGH,54.0,31
1900-01-01 11:35:00,LEFT,33.0,21.0,0.0,0.0,54.0,JehangirChowk,j2,j2_12_one.csv,MEDIUM,43.5,28
1900-01-01 11:35:00,RIGHT,0.0,1.0,0.0,0.0,1.0,JehangirChowk,j2,j2_12_one.csv,LOW,0.5,15
1900-01-01 11:35:00,UP,0.0,21.0,0.0,0.0,21.0,JehangirChowk,j2,j2_12_one.csv,MEDIUM,10.5,18
1900-01-01 11:40:00,DOWN,36.0,56.0,1.0,2.0,95.0,JehangirChowk,j2,j2_12_one.csv,HIGH,72.5,36
1900-01-01 11:40:00,LEFT,37.0,14.0,0.0,3.0,54.0,JehangirChowk,j2,j2_12_one.csv,MEDIUM,53.0,30
1900-01-01 11:40:00,RIGHT,0.0,2.0,0.0,0.0,2.0,JehangirChowk,j2,j2_12_one.csv,LOW,1.0,15
1900-01-01 11:40:00,UP,0.0,4.0,0.0,0.0,4.0,JehangirChowk,j2,j2_12_one.csv,LOW,2.0,16
1900-01-01 11:45:00,DOWN,28.0,56.0,2.0,2.0,88.0,JehangirChowk,j2,j2_12_one.csv,HIGH,67.0,34
1900-01-01 11:45:00,LEFT,43.0,24.0,0.0,3.0,70.0,JehangirChowk,j2,j2_12_one.csv,MEDIUM,64.0,34
1900-01-01 11:45:00,RIGHT,0.0,2.0,0.0,0.0,2.0,JehangirChowk,j2,j2_12_one.csv,LOW,1.0,15
1900-01-01 11:45:00,UP,2.0,5.0,0.0,0.0,7.0,JehangirChowk,j2,j2_12_one.csv,MEDIUM,4.5,16
1900-01-01 11:50:00,DOWN,33.0,65.0,0.0,1.0,99.0,JehangirChowk,j2,j2_12_one.csv,HIGH,68.5,35
1900-01-01 11:50:00,LEFT,40.0,38.0,0.0,3.0,81.0,JehangirChowk,j2,j2_12_one.csv,HIGH,68.0,35
1900-01-01 11:50:00,RIGHT,0.0,1.0,0.0,0.0,1.0,JehangirChowk,j2,j2_12_one.csv,LOW,0.5,15
1900-01-01 11:50:00,UP,0.0,10.0,0.0,1.0,11.0,JehangirChowk,j2,j2_12_one.csv,MEDIUM,8.0,17
1900-01-01 11:55:00,DOWN,26.0,64.0,0.0,4.0,94.0,JehangirChowk,j2,j2_12_one.csv,HIGH,70.0,35
1900-01-01 11:55:00,LEFT,58.0,30.0,0.0,7.0,95.0,JehangirChowk,j2,j2_12_one.csv,HIGH,94.0,42
1900-01-01 11:55:00,RIGHT,1.0,1.0,0.0,0.0,2.0,JehangirChowk,j2,j2_12_one.csv,LOW,1.5,15
1900-01-01 11:55:00,UP,2.0,1.0,1.0,0.0,4.0,JehangirChowk,j2,j2_12_one.csv,LOW,5.0,16
1900-01-01 08:55:00,DOWN,0.0,9.0,0.0,0.0,9.0,JehangirChowk,j2,j2_14.csv,MEDIUM,4.5,16
1900-01-01 08:55:00,LEFT,2.0,0.0,0.0,0.0,2.0,JehangirChowk,j2,j2_14.csv,LOW,2.0,16
1900-01-01 08:55:00,RIGHT,0.0,0.0,0.0,0.0,0.0,JehangirChowk,j2,j2_14.csv,LOW,0.0,15
1900-01-01 08:55:00,UP,0.0,9.0,0.0,0.0,9.0,JehangirChowk,j2,j2_14.csv,MEDIUM,4.5,16
1900-01-01 09:00:00,DOWN,26.0,48.0,4.0,2.0,80.0,JehangirChowk,j2,j2_14.csv,HIGH,66.0,34
1900-01-01 09:00:00,LEFT,31.0,10.0,1.0,2.0,44.0,JehangirChowk,j2,j2_14.csv,MEDIUM,44.5,28
1900-01-01 09:00:00,RIGHT,0.0,3.0,0.0,0.0,3.0,JehangirChowk,j2,j2_14.csv,LOW,1.5,15
1900-01-01 09:00:00,UP,1.0,7.0,1.0,0.0,9.0,JehangirChowk,j2,j2_14.csv,MEDIUM,7.0,17
1900-01-01 09:05:00,DOWN,19.0,40.0,3.0,2.0,64.0,JehangirChowk,j2,j2_14.csv,MEDIUM,52.5,30
1900-01-01 09:05:00,LEFT,35.0,26.0,0.0,3.0,64.0,JehangirChowk,j2,j2_14.csv,MEDIUM,57.0,31
1900-01-01 09:05:00,RIGHT,0.0,5.0,0.0,0.0,5.0,JehangirChowk,j2,j2_14.csv,MEDIUM,2.5,16
1900-01-01 09:05:00,UP,0.0,20.0,0.0,1.0,21.0,JehangirChowk,j2,j2_14.csv,MEDIUM,13.0,19
1900-01-01 09:10:00,DOWN,24.0,38.0,0.0,0.0,62.0,JehangirChowk,j2,j2_14.csv,MEDIUM,43.0,27
1900-01-01 09:10:00,LEFT,60.0,12.0,1.0,2.0,75.0,JehangirChowk,j2,j2_14.csv,HIGH,74.5,37
1900-01-01 09:10:00,RIGHT,2.0,1.0,0.0,0.0,3.0,JehangirChowk,j2,j2_14.csv,LOW,2.5,16
1900-01-01 09:10:00,UP,3.0,12.0,0.0,1.0,16.0,JehangirChowk,j2,j2_14.csv,MEDIUM,12.0,18
1900-01-01 09:15:00,DOWN,19.0,57.0,2.0,2.0,80.0,JehangirChowk,j2,j2_14.csv,HIGH,58.5,32
1900-01-01 09:15:00,LEFT,45.0,32.0,0.0,6.0,83.0,JehangirChowk,j2,j2_14.csv,HIGH,79.0,38
1900-01-01 09:15:00,RIGHT,1.0,3.0,0.0,0.0,4.0,JehangirChowk,j2,j2_14.csv,LOW,2.5,16
1900-01-01 09:15:00,UP,0.0,6.0,0.0,0.0,6.0,JehangirChowk,j2,j2_14.csv,MEDIUM,3.0,16
1900-01-01 09:20:00,DOWN,23.0,47.0,3.0,2.0,75.0,JehangirChowk,j2,j2_14.csv,HIGH,60.0,32
1900-01-01 09:20:00,LEFT,48.0,23.0,0.0,2.0,73.0,JehangirChowk,j2,j2_14.csv,MEDIUM,65.5,34
1900-01-01 09:20:00,RIGHT,3.0,1.0,0.0,0.0,4.0,JehangirChowk,j2,j2_14.csv,LOW,3.5,16
1900-01-01 09:20:00,UP,4.0,8.0,2.0,3.0,17.0,JehangirChowk,j2,j2_14.csv,MEDIUM,22.0,21
1900-01-01 09:25:00,DOWN,23.0,35.0,4.0,7.0,69.0,JehangirChowk,j2,j2_14.csv,MEDIUM,71.5,36
1900-01-01 09:25:00,LEFT,49.0,18.0,1.0,7.0,75.0,JehangirChowk,j2,j2_14.csv,HIGH,81.5,39
1900-01-01 09:25:00,RIGHT,2.0,3.0,1.0,0.0,6.0,JehangirChowk,j2,j2_14.csv,MEDIUM,6.0,17
1900-01-01 09:25:00,UP,1.0,11.0,0.0,0.0,12.0,JehangirChowk,j2,j2_14.csv,MEDIUM,6.5,17
1900-01-01 09:30:00,DOWN,20.0,41.0,2.0,1.0,64.0,JehangirChowk,j2,j2_14.csv,MEDIUM,48.5,29
1900-01-01 09:30:00,LEFT,39.0,29.0,0.0,1.0,69.0,JehangirChowk,j2,j2_14.csv,MEDIUM,56.5,31
1900-01-01 09:30:00,RIGHT,1.0,0.0,0.0,0.0,1.0,JehangirChowk,j2,j2_14.csv,LOW,1.0,15
1900-01-01 09:30:00,UP,0.0,16.0,1.0,1.0,18.0,JehangirChowk,j2,j2_14.csv,MEDIUM,13.5,19
1900-01-01 09:35:00,DOWN,26.0,46.0,1.0,5.0,78.0,JehangirChowk,j2,j2_14.csv,HIGH,66.5,34
1900-01-01 09:35:00,LEFT,40.0,20.0,0.0,4.0,64.0,JehangirChowk,j2,j2_14.csv,MEDIUM,62.0,33
1900-01-01 09:35:00,RIGHT,1.0,2.0,0.0,0.0,3.0,JehangirChowk,j2,j2_14.csv,LOW,2.0,16
1900-01-01 09:35:00,UP,2.0,18.0,2.0,0.0,22.0,JehangirChowk,j2,j2_14.csv,MEDIUM,16.0,20
1900-01-01 09:40:00,DOWN,27.0,58.0,1.0,2.0,88.0,JehangirChowk,j2,j2_14.csv,HIGH,64.5,34
1900-01-01 09:40:00,LEFT,46.0,32.0,0.0,6.0,84.0,JehangirChowk,j2,j2_14.csv,HIGH,80.0,38
1900-01-01 09:40:00,RIGHT,1.0,2.0,0.0,0.0,3.0,JehangirChowk,j2,j2_14.csv,LOW,2.0,16
1900-01-01 09:40:00,UP,1.0,11.0,0.0,1.0,13.0,JehangirChowk,j2,j2_14.csv,MEDIUM,9.5,18
1900-01-01 09:45:00,DOWN,33.0,50.0,2.0,2.0,87.0,JehangirChowk,j2,j2_14.csv,HIGH,69.0,35
1900-01-01 09:45:00,LEFT,51.0,49.0,0.0,5.0,105.0,JehangirChowk,j2,j2_14.csv,HIGH,90.5,41
1900-01-01 09:45:00,RIGHT,0.0,4.0,0.0,0.0,4.0,JehangirChowk,j2,j2_14.csv,LOW,2.0,16
1900-01-01 09:45:00,UP,2.0,16.0,0.0,1.0,19.0,JehangirChowk,j2,j2_14.csv,MEDIUM,13.0,19
1900-01-01 09:50:00,DOWN,28.0,40.0,2.0,1.0,71.0,JehangirChowk,j2,j2_14.csv,MEDIUM,56.0,31
1900-01-01 09:50:00,LEFT,38.0,39.0,0.0,6.0,83.0,JehangirChowk,j2,j2_14.csv,HIGH,75.5,37
1900-01-01 09:50:00,RIGHT,0.0,4.0,0.0,0.0,4.0,JehangirChowk,j2,j2_14.csv,LOW,2.0,16
1900-01-01 09:50:00,UP,2.0,3.0,0.0,0.0,5.0,JehangirChowk,j2,j2_14.csv,MEDIUM,3.5,16
1900-01-01 09:55:00,DOWN,33.0,52.0,3.0,6.0,94.0,JehangirChowk,j2,j2_14.csv,HIGH,84.5,39
1900-01-01 09:55:00,LEFT,53.0,27.0,0.0,3.0,83.0,JehangirChowk,j2,j2_14.csv,HIGH,75.5,37
1900-01-01 09:55:00,RIGHT,0.0,1.0,0.0,0.0,1.0,JehangirChowk,j2,j2_14.csv,LOW,0.5,15
1900-01-01 09:55:00,UP,6.0,8.0,0.0,1.0,15.0,JehangirChowk,j2,j2_14.csv,MEDIUM,13.0,19
1900-01-01 10:00:00,DOWN,21.0,42.0,1.0,3.0,67.0,JehangirChowk,j2,j2_14.csv,MEDIUM,53.5,30
1900-01-01 10:00:00,LEFT,55.0,12.0,1.0,5.0,73.0,JehangirChowk,j2,j2_14.csv,MEDIUM,78.5,38
1900-01-01 10:00:00,RIGHT,1.0,2.0,0.0,0.0,3.0,JehangirChowk,j2,j2_14.csv,LOW,2.0,16
1900-01-01 10:00:00,UP,1.0,42.0,0.0,1.0,44.0,JehangirChowk,j2,j2_14.csv,MEDIUM,25.0,22
1900-01-01 10:05:00,DOWN,26.0,41.0,4.0,5.0,76.0,JehangirChowk,j2,j2_14.csv,HIGH,71.5,36
1900-01-01 10:05:00,LEFT,29.0,4.0,0.0,5.0,38.0,JehangirChowk,j2,j2_14.csv,MEDIUM,46.0,28
1900-01-01 10:05:00,RIGHT,0.0,1.0,0.0,0.0,1.0,JehangirChowk,j2,j2_14.csv,LOW,0.5,15
1900-01-01 10:05:00,UP,0.0,5.0,0.0,0.0,5.0,JehangirChowk,j2,j2_14.csv,MEDIUM,2.5,16
1900-01-01 10:10:00,DOWN,34.0,51.0,7.0,4.0,96.0,JehangirChowk,j2,j2_14.csv,HIGH,89.0,41
1900-01-01 10:10:00,LEFT,51.0,24.0,1.0,0.0,76.0,JehangirChowk,j2,j2_14.csv,HIGH,65.5,34
1900-01-01 10:10:00,RIGHT,2.0,0.0,0.0,0.0,2.0,JehangirChowk,j2,j2_14.csv,LOW,2.0,16
1900-01-01 10:10:00,UP,1.0,24.0,0.0,0.0,25.0,JehangirChowk,j2,j2_14.csv,MEDIUM,13.0,19
1900-01-01 10:15:00,DOWN,35.0,42.0,7.0,4.0,88.0,JehangirChowk,j2,j2_14.csv,HIGH,85.5,40
1900-01-01 10:15:00,LEFT,49.0,7.0,2.0,4.0,62.0,JehangirChowk,j2,j2_14.csv,MEDIUM,69.5,35
1900-01-01 10:15:00,RIGHT,0.0,2.0,0.0,0.0,2.0,JehangirChowk,j2,j2_14.csv,LOW,1.0,15
1900-01-01 10:15:00,UP,0.0,15.0,1.0,0.0,16.0,JehangirChowk,j2,j2_14.csv,MEDIUM,10.0,18
1900-01-01 10:20:00,DOWN,23.0,37.0,3.0,1.0,64.0,JehangirChowk,j2,j2_14.csv,MEDIUM,52.0,30
1900-01-01 10:20:00,LEFT,33.0,22.0,0.0,1.0,56.0,JehangirChowk,j2,j2_14.csv,MEDIUM,47.0,29
1900-01-01 10:20:00,RIGHT,0.0,4.0,0.0,0.0,4.0,JehangirChowk,j2,j2_14.csv,LOW,2.0,16
1900-01-01 10:20:00,UP,1.0,10.0,0.0,0.0,11.0,JehangirChowk,j2,j2_14.csv,MEDIUM,6.0,17
1900-01-01 10:25:00,DOWN,23.0,34.0,4.0,4.0,65.0,JehangirChowk,j2,j2_14.csv,MEDIUM,62.0,33
1900-01-01 10:25:00,LEFT,34.0,19.0,0.0,0.0,53.0,JehangirChowk,j2,j2_14.csv,MEDIUM,43.5,28
1900-01-01 10:25:00,RIGHT,2.0,0.0,0.0,0.0,2.0,JehangirChowk,j2,j2_14.csv,LOW,2.0,16
1900-01-01 10:25:00,UP,0.0,6.0,0.0,1.0,7.0,JehangirChowk,j2,j2_14.csv,MEDIUM,6.0,17
1900-01-01 10:30:00,DOWN,30.0,29.0,1.0,3.0,63.0,JehangirChowk,j2,j2_14.csv,MEDIUM,56.0,31
1900-01-01 10:30:00,LEFT,35.0,9.0,0.0,6.0,50.0,JehangirChowk,j2,j2_14.csv,MEDIUM,57.5,32
1900-01-01 10:30:00,RIGHT,0.0,4.0,0.0,0.0,4.0,JehangirChowk,j2,j2_14.csv,LOW,2.0,16
1900-01-01 10:30:00,UP,1.0,15.0,0.0,1.0,17.0,JehangirChowk,j2,j2_14.csv,MEDIUM,11.5,18
1900-01-01 10:35:00,DOWN,25.0,40.0,2.0,2.0,69.0,JehangirChowk,j2,j2_14.csv,MEDIUM,56.0,31
1900-01-01 10:35:00,LEFT,39.0,14.0,0.0,7.0,60.0,JehangirChowk,j2,j2_14.csv,MEDIUM,67.0,34
1900-01-01 10:35:00,RIGHT,1.0,0.0,0.0,0.0,1.0,JehangirChowk,j2,j2_14.csv,LOW,1.0,15
1900-01-01 10:35:00,UP,1.0,2.0,0.0,0.0,3.0,JehangirChowk,j2,j2_14.csv,LOW,2.0,16
1900-01-01 10:40:00,DOWN,36.0,52.0,1.0,1.0,90.0,JehangirChowk,j2,j2_14.csv,HIGH,67.5,35
1900-01-01 10:40:00,LEFT,35.0,88.0,0.0,2.0,125.0,JehangirChowk,j2,j2_14.csv,HIGH,85.0,40
1900-01-01 10:40:00,RIGHT,0.0,1.0,0.0,0.0,1.0,JehangirChowk,j2,j2_14.csv,LOW,0.5,15
1900-01-01 10:40:00,UP,7.0,22.0,0.0,2.0,31.0,JehangirChowk,j2,j2_14.csv,MEDIUM,24.0,22
1900-01-01 10:45:00,DOWN,26.0,51.0,2.0,2.0,81.0,JehangirChowk,j2,j2_14.csv,HIGH,62.5,33
1900-01-01 10:45:00,LEFT,32.0,22.0,1.0,3.0,58.0,JehangirChowk,j2,j2_14.csv,MEDIUM,54.5,31
1900-01-01 10:45:00,RIGHT,2.0,5.0,0.0,0.0,7.0,JehangirChowk,j2,j2_14.csv,MEDIUM,4.5,16
1900-01-01 10:45:00,UP,5.0,35.0,0.0,0.0,40.0,JehangirChowk,j2,j2_14.csv,MEDIUM,22.5,22
1900-01-01 10:50:00,DOWN,31.0,28.0,5.0,3.0,67.0,JehangirChowk,j2,j2_14.csv,MEDIUM,66.5,34
1900-01-01 10:50:00,LEFT,53.0,13.0,2.0,2.0,70.0,JehangirChowk,j2,j2_14.csv,MEDIUM,70.5,35
1900-01-01 10:50:00,RIGHT,0.0,1.0,0.0,0.0,1.0,JehangirChowk,j2,j2_14.csv,LOW,0.5,15
1900-01-01 10:50:00,UP,3.0,2.0,0.0,1.0,6.0,JehangirChowk,j2,j2_14.csv,MEDIUM,7.0,17
1900-01-01 10:55:00,DOWN,33.0,36.0,4.0,1.0,74.0,JehangirChowk,j2,j2_14.csv,MEDIUM,64.0,34
1900-01-01 10:55:00,LEFT,40.0,15.0,0.0,4.0,59.0,JehangirChowk,j2,j2_14.csv,MEDIUM,59.5,32
1900-01-01 10:55:00,RIGHT,0.0,2.0,0.0,0.0,2.0,JehangirChowk,j2,j2_14.csv,LOW,1.0,15
1900-01-01 10:55:00,UP,3.0,8.0,0.0,3.0,14.0,JehangirChowk,j2,j2_14.csv,MEDIUM,16.0,20
1900-01-01 11:00:00,DOWN,27.0,45.0,4.0,3.0,79.0,JehangirChowk,j2,j2_14.csv,HIGH,68.5,35
1900-01-01 11:00:00,LEFT,34.0,7.0,3.0,4.0,48.0,JehangirChowk,j2,j2_14.csv,MEDIUM,57.0,31
1900-01-01 11:00:00,RIGHT,1.0,1.0,0.0,0.0,2.0,JehangirChowk,j2,j2_14.csv,LOW,1.5,15
1900-01-01 11:00:00,UP,0.0,6.0,2.0,0.0,8.0,JehangirChowk,j2,j2_14.csv,MEDIUM,8.0,17
1900-01-01 11:05:00,DOWN,22.0,45.0,4.0,0.0,71.0,JehangirChowk,j2,j2_14.csv,MEDIUM,54.5,31
1900-01-01 11:05:00,LEFT,25.0,20.0,1.0,2.0,48.0,JehangirChowk,j2,j2_14.csv,MEDIUM,43.5,28
1900-01-01 11:05:00,RIGHT,0.0,4.0,0.0,0.0,4.0,JehangirChowk,j2,j2_14.csv,LOW,2.0,16
1900-01-01 11:05:00,UP,0.0,10.0,0.0,1.0,11.0,JehangirChowk,j2,j2_14.csv,MEDIUM,8.0,17
1900-01-01 11:10:00,DOWN,32.0,31.0,3.0,2.0,68.0,JehangirChowk,j2,j2_14.csv,MEDIUM,61.0,33
1900-01-01 11:10:00,LEFT,36.0,9.0,0.0,5.0,50.0,JehangirChowk,j2,j2_14.csv,MEDIUM,55.5,31
1900-01-01 11:10:00,RIGHT,0.0,1.0,0.0,0.0,1.0,JehangirChowk,j2,j2_14.csv,LOW,0.5,15
1900-01-01 11:10:00,UP,2.0,1.0,0.0,1.0,4.0,JehangirChowk,j2,j2_14.csv,LOW,5.5,17
1900-01-01 11:15:00,DOWN,24.0,50.0,0.0,3.0,77.0,JehangirChowk,j2,j2_14.csv,HIGH,58.0,32
1900-01-01 11:15:00,LEFT,42.0,14.0,0.0,2.0,58.0,JehangirChowk,j2,j2_14.csv,MEDIUM,55.0,31
1900-01-01 11:15:00,RIGHT,0.0,0.0,0.0,0.0,0.0,JehangirChowk,j2,j2_14.csv,LOW,0.0,15
1900-01-01 11:15:00,UP,0.0,8.0,0.0,0.0,8.0,JehangirChowk,j2,j2_14.csv,MEDIUM,4.0,16
1900-01-01 11:20:00,DOWN,25.0,37.0,2.0,1.0,65.0,JehangirChowk,j2,j2_14.csv,MEDIUM,51.5,30
1900-01-01 11:20:00,LEFT,31.0,20.0,1.0,3.0,55.0,JehangirChowk,j2,j2_14.csv,MEDIUM,52.5,30
1900-01-01 11:20:00,RIGHT,0.0,1.0,0.0,0.0,1.0,JehangirChowk,j2,j2_14.csv,LOW,0.5,15
1900-01-01 11:20:00,UP,1.0,19.0,0.0,0.0,20.0,JehangirChowk,j2,j2_14.csv,MEDIUM,10.5,18
1900-01-01 08:55:00,DOWN,0.0,1.0,0.0,0.0,1.0,JehangirChowk,j2,j2_16.csv,LOW,0.5,15
1900-01-01 08:55:00,LEFT,3.0,1.0,0.0,3.0,7.0,JehangirChowk,j2,j2_16.csv,MEDIUM,12.5,19
1900-01-01 08:55:00,RIGHT,0.0,0.0,0.0,0.0,0.0,JehangirChowk,j2,j2_16.csv,LOW,0.0,15
1900-01-01 08:55:00,UP,0.0,1.0,0.0,0.0,1.0,JehangirChowk,j2,j2_16.csv,LOW,0.5,15
1900-01-01 09:00:00,DOWN,24.0,28.0,2.0,1.0,55.0,JehangirChowk,j2,j2_16.csv,MEDIUM,46.0,28
1900-01-01 09:00:00,LEFT,25.0,5.0,0.0,6.0,36.0,JehangirChowk,j2,j2_16.csv,MEDIUM,45.5,28
1900-01-01 09:00:00,RIGHT,1.0,0.0,0.0,0.0,1.0,JehangirChowk,j2,j2_16.csv,LOW,1.0,15
1900-01-01 09:00:00,UP,5.0,10.0,0.0,0.0,15.0,JehangirChowk,j2,j2_16.csv,MEDIUM,10.0,18
1900-01-01 09:05:00,DOWN,27.0,37.0,3.0,4.0,71.0,JehangirChowk,j2,j2_16.csv,MEDIUM,65.0,34
1900-01-01 09:05:00,LEFT,31.0,29.0,1.0,4.0,65.0,JehangirChowk,j2,j2_16.csv,MEDIUM,60.0,32
1900-01-01 09:05:00,RIGHT,1.0,0.0,0.0,0.0,1.0,JehangirChowk,j2,j2_16.csv,LOW,1.0,15
1900-01-01 09:05:00,UP,1.0,18.0,0.0,0.0,19.0,JehangirChowk,j2,j2_16.csv,MEDIUM,10.0,18
1900-01-01 09:10:00,DOWN,27.0,37.0,3.0,2.0,69.0,JehangirChowk,j2,j2_16.csv,MEDIUM,59.0,32
1900-01-01 09:10:00,LEFT,38.0,14.0,1.0,4.0,57.0,JehangirChowk,j2,j2_16.csv,MEDIUM,59.5,32
1900-01-01 09:10:00,RIGHT,0.0,2.0,0.0,0.0,2.0,JehangirChowk,j2,j2_16.csv,LOW,1.0,15
1900-01-01 09:10:00,UP,0.0,11.0,0.0,0.0,11.0,JehangirChowk,j2,j2_16.csv,MEDIUM,5.5,17
1900-01-01 09:15:00,DOWN,19.0,48.0,1.0,4.0,72.0,JehangirChowk,j2,j2_16.csv,MEDIUM,57.5,32
1900-01-01 09:15:00,LEFT,23.0,17.0,1.0,5.0,46.0,JehangirChowk,j2,j2_16.csv,MEDIUM,49.0,29
1900-01-01 09:15:00,RIGHT,0.0,1.0,0.0,0.0,1.0,JehangirChowk,j2,j2_16.csv,LOW,0.5,15
1900-01-01 09:15:00,UP,0.0,10.0,0.0,0.0,10.0,JehangirChowk,j2,j2_16.csv,MEDIUM,5.0,16
1900-01-01 09:20:00,DOWN,24.0,42.0,4.0,2.0,72.0,JehangirChowk,j2,j2_16.csv,MEDIUM,61.0,33
1900-01-01 09:20:00,LEFT,23.0,15.0,1.0,3.0,42.0,JehangirChowk,j2,j2_16.csv,MEDIUM,42.0,27
1900-01-01 09:20:00,RIGHT,0.0,2.0,0.0,0.0,2.0,JehangirChowk,j2,j2_16.csv,LOW,1.0,15
1900-01-01 09:20:00,UP,0.0,9.0,0.0,0.0,9.0,JehangirChowk,j2,j2_16.csv,MEDIUM,4.5,16
1900-01-01 09:25:00,DOWN,24.0,38.0,6.0,2.0,70.0,JehangirChowk,j2,j2_16.csv,MEDIUM,64.0,34
1900-01-01 09:25:00,LEFT,36.0,18.0,0.0,5.0,59.0,JehangirChowk,j2,j2_16.csv,MEDIUM,60.0,32
1900-01-01 09:25:00,RIGHT,0.0,2.0,0.0,0.0,2.0,JehangirChowk,j2,j2_16.csv,LOW,1.0,15
1900-01-01 09:25:00,UP,0.0,30.0,0.0,1.0,31.0,JehangirChowk,j2,j2_16.csv,MEDIUM,18.0,20
1900-01-01 09:30:00,DOWN,25.0,40.0,7.0,3.0,75.0,JehangirChowk,j2,j2_16.csv,HIGH,71.5,36
1900-01-01 09:30:00,LEFT,34.0,33.0,5.0,3.0,75.0,JehangirChowk,j2,j2_16.csv,HIGH,72.0,36
1900-01-01 09:30:00,RIGHT,0.0,5.0,0.0,0.0,5.0,JehangirChowk,j2,j2_16.csv,MEDIUM,2.5,16
1900-01-01 09:30:00,UP,0.0,9.0,0.0,1.0,10.0,JehangirChowk,j2,j2_16.csv,MEDIUM,7.5,17
1900-01-01 09:35:00,DOWN,33.0,43.0,1.0,3.0,80.0,JehangirChowk,j2,j2_16.csv,HIGH,66.0,34
1900-01-01 09:35:00,LEFT,46.0,11.0,0.0,7.0,64.0,JehangirChowk,j2,j2_16.csv,MEDIUM,72.5,36
1900-01-01 09:35:00,RIGHT,0.0,2.0,0.0,0.0,2.0,JehangirChowk,j2,j2_16.csv,LOW,1.0,15
1900-01-01 09:35:00,UP,1.0,16.0,0.0,0.0,17.0,JehangirChowk,j2,j2_16.csv,MEDIUM,9.0,18
1900-01-01 09:40:00,DOWN,29.0,35.0,2.0,1.0,67.0,JehangirChowk,j2,j2_16.csv,MEDIUM,54.5,31
1900-01-01 09:40:00,LEFT,48.0,9.0,1.0,8.0,66.0,JehangirChowk,j2,j2_16.csv,MEDIUM,79.0,38
1900-01-01 09:40:00,RIGHT,3.0,1.0,0.0,1.0,5.0,JehangirChowk,j2,j2_16.csv,MEDIUM,6.5,17
1900-01-01 09:40:00,UP,1.0,0.0,0.0,0.0,1.0,JehangirChowk,j2,j2_16.csv,LOW,1.0,15
1900-01-01 09:45:00,DOWN,30.0,32.0,7.0,3.0,72.0,JehangirChowk,j2,j2_16.csv,MEDIUM,72.5,36
1900-01-01 09:45:00,LEFT,34.0,9.0,1.0,6.0,50.0,JehangirChowk,j2,j2_16.csv,MEDIUM,59.0,32
1900-01-01 09:45:00,RIGHT,0.0,2.0,0.0,0.0,2.0,JehangirChowk,j2,j2_16.csv,LOW,1.0,15
1900-01-01 09:45:00,UP,4.0,4.0,0.0,0.0,8.0,JehangirChowk,j2,j2_16.csv,MEDIUM,6.0,17
1900-01-01 09:50:00,DOWN,29.0,34.0,4.0,2.0,69.0,JehangirChowk,j2,j2_16.csv,MEDIUM,62.0,33
1900-01-01 09:50:00,LEFT,46.0,16.0,0.0,0.0,62.0,JehangirChowk,j2,j2_16.csv,MEDIUM,54.0,31
1900-01-01 09:50:00,RIGHT,0.0,3.0,0.0,0.0,3.0,JehangirChowk,j2,j2_16.csv,LOW,1.5,15
1900-01-01 09:50:00,UP,0.0,11.0,0.0,0.0,11.0,JehangirChowk,j2,j2_16.csv,MEDIUM,5.5,17
1900-01-01 09:55:00,DOWN,30.0,38.0,6.0,10.0,84.0,JehangirChowk,j2,j2_16.csv,HIGH,94.0,42
1900-01-01 09:55:00,LEFT,53.0,22.0,1.0,6.0,82.0,JehangirChowk,j2,j2_16.csv,HIGH,84.5,39
1900-01-01 09:55:00,RIGHT,1.0,1.0,0.0,0.0,2.0,JehangirChowk,j2,j2_16.csv,LOW,1.5,15
1900-01-01 09:55:00,UP,5.0,6.0,0.0,0.0,11.0,JehangirChowk,j2,j2_16.csv,MEDIUM,8.0,17
1900-01-01 10:00:00,DOWN,26.0,38.0,9.0,4.0,77.0,JehangirChowk,j2,j2_16.csv,HIGH,79.5,38
1900-01-01 10:00:00,LEFT,43.0,15.0,0.0,3.0,61.0,JehangirChowk,j2,j2_16.csv,MEDIUM,59.5,32
1900-01-01 10:00:00,RIGHT,2.0,3.0,0.0,0.0,5.0,JehangirChowk,j2,j2_16.csv,MEDIUM,3.5,16
1900-01-01 10:00:00,UP,1.0,13.0,3.0,0.0,17.0,JehangirChowk,j2,j2_16.csv,MEDIUM,15.0,19
1900-01-01 10:05:00,DOWN,28.0,50.0,4.0,3.0,85.0,JehangirChowk,j2,j2_16.csv,HIGH,72.0,36
1900-01-01 10:05:00,LEFT,45.0,9.0,0.0,3.0,57.0,JehangirChowk,j2,j2_16.csv,MEDIUM,58.5,32
1900-01-01 10:05:00,RIGHT,1.0,3.0,0.0,0.0,4.0,JehangirChowk,j2,j2_16.csv,LOW,2.5,16
1900-01-01 10:05:00,UP,2.0,12.0,0.0,0.0,14.0,JehangirChowk,j2,j2_16.csv,MEDIUM,8.0,17
1900-01-01 10:10:00,DOWN,20.0,54.0,3.0,1.0,78.0,JehangirChowk,j2,j2_16.csv,HIGH,57.5,32
1900-01-01 10:10:00,LEFT,38.0,19.0,0.0,0.0,57.0,JehangirChowk,j2,j2_16.csv,MEDIUM,47.5,29
1900-01-01 10:10:00,RIGHT,0.0,3.0,0.0,0.0,3.0,JehangirChowk,j2,j2_16.csv,LOW,1.5,15
1900-01-01 10:10:00,UP,7.0,19.0,0.0,0.0,26.0,JehangirChowk,j2,j2_16.csv,MEDIUM,16.5,20
1900-01-01 10:15:00,DOWN,40.0,50.0,1.0,4.0,95.0,JehangirChowk,j2,j2_16.csv,HIGH,79.5,38
1900-01-01 10:15:00,LEFT,36.0,21.0,1.0,2.0,60.0,JehangirChowk,j2,j2_16.csv,MEDIUM,55.0,31
1900-01-01 10:15:00,RIGHT,1.0,7.0,0.0,0.0,8.0,JehangirChowk,j2,j2_16.csv,MEDIUM,4.5,16
1900-01-01 10:15:00,UP,5.0,15.0,0.0,0.0,20.0,JehangirChowk,j2,j2_16.csv,MEDIUM,12.5,19
1900-01-01 10:20:00,DOWN,19.0,22.0,2.0,1.0,44.0,JehangirChowk,j2,j2_16.csv,MEDIUM,38.0,26
1900-01-01 10:20:00,LEFT,36.0,11.0,0.0,3.0,50.0,JehangirChowk,j2,j2_16.csv,MEDIUM,50.5,30
1900-01-01 10:20:00,RIGHT,1.0,3.0,0.0,0.0,4.0,JehangirChowk,j2,j2_16.csv,LOW,2.5,16
1900-01-01 10:20:00,UP,1.0,7.0,0.0,0.0,8.0,JehangirChowk,j2,j2_16.csv,MEDIUM,4.5,16
1900-01-01 10:25:00,DOWN,29.0,44.0,1.0,2.0,76.0,JehangirChowk,j2,j2_16.csv,HIGH,59.5,32
1900-01-01 10:25:00,LEFT,47.0,14.0,0.0,9.0,70.0,JehangirChowk,j2,j2_16.csv,MEDIUM,81.0,38
1900-01-01 10:25:00,RIGHT,0.0,0.0,0.0,0.0,0.0,JehangirChowk,j2,j2_16.csv,LOW,0.0,15
1900-01-01 10:25:00,UP,0.0,27.0,0.0,0.0,27.0,JehangirChowk,j2,j2_16.csv,MEDIUM,13.5,19
1900-01-01 10:30:00,DOWN,23.0,33.0,1.0,0.0,57.0,JehangirChowk,j2,j2_16.csv,MEDIUM,42.0,27
1900-01-01 10:30:00,LEFT,46.0,8.0,0.0,4.0,58.0,JehangirChowk,j2,j2_16.csv,MEDIUM,62.0,33
1900-01-01 10:30:00,RIGHT,1.0,1.0,0.0,0.0,2.0,JehangirChowk,j2,j2_16.csv,LOW,1.5,15
1900-01-01 10:30:00,UP,2.0,10.0,1.0,0.0,13.0,JehangirChowk,j2,j2_16.csv,MEDIUM,9.5,18
1900-01-01 10:35:00,DOWN,26.0,18.0,3.0,3.0,50.0,JehangirChowk,j2,j2_16.csv,MEDIUM,51.5,30
1900-01-01 10:35:00,LEFT,44.0,13.0,0.0,7.0,64.0,JehangirChowk,j2,j2_16.csv,MEDIUM,71.5,36
1900-01-01 10:35:00,RIGHT,1.0,1.0,1.0,0.0,3.0,JehangirChowk,j2,j2_16.csv,LOW,4.0,16
1900-01-01 10:35:00,UP,0.0,3.0,1.0,0.0,4.0,JehangirChowk,j2,j2_16.csv,LOW,4.0,16
1900-01-01 10:40:00,DOWN,23.0,27.0,3.0,3.0,56.0,JehangirChowk,j2,j2_16.csv,MEDIUM,53.0,30
1900-01-01 10:40:00,LEFT,42.0,19.0,0.0,4.0,65.0,JehangirChowk,j2,j2_16.csv,MEDIUM,63.5,33
1900-01-01 10:40:00,RIGHT,1.0,1.0,0.0,0.0,2.0,JehangirChowk,j2,j2_16.csv,LOW,1.5,15
1900-01-01 10:40:00,UP,2.0,7.0,1.0,1.0,11.0,JehangirChowk,j2,j2_16.csv,MEDIUM,11.0,18
1900-01-01 10:45:00,DOWN,33.0,42.0,3.0,2.0,80.0,JehangirChowk,j2,j2_16.csv,HIGH,67.5,35
1900-01-01 10:45:00,LEFT,26.0,7.0,0.0,5.0,38.0,JehangirChowk,j2,j2_16.csv,MEDIUM,44.5,28
1900-01-01 10:45:00,RIGHT,1.0,3.0,0.0,0.0,4.0,JehangirChowk,j2,j2_16.csv,LOW,2.5,16
1900-01-01 10:45:00,UP,1.0,11.0,0.0,0.0,12.0,JehangirChowk,j2,j2_16.csv,MEDIUM,6.5,17
1900-01-01 10:50:00,DOWN,34.0,24.0,4.0,2.0,64.0,JehangirChowk,j2,j2_16.csv,MEDIUM,62.0,33
1900-01-01 10:50:00,LEFT,29.0,10.0,1.0,3.0,43.0,JehangirChowk,j2,j2_16.csv,MEDIUM,45.5,28
1900-01-01 10:50:00,RIGHT,0.0,1.0,0.0,0.0,1.0,JehangirChowk,j2,j2_16.csv,LOW,0.5,15
1900-01-01 10:50:00,UP,0.0,8.0,0.0,1.0,9.0,JehangirChowk,j2,j2_16.csv,MEDIUM,7.0,17
1900-01-01 10:55:00,DOWN,33.0,31.0,2.0,1.0,67.0,JehangirChowk,j2,j2_16.csv,MEDIUM,56.5,31
1900-01-01 10:55:00,LEFT,32.0,9.0,2.0,3.0,46.0,JehangirChowk,j2,j2_16.csv,MEDIUM,50.5,30
1900-01-01 10:55:00,RIGHT,1.0,2.0,0.0,0.0,3.0,JehangirChowk,j2,j2_16.csv,LOW,2.0,16
1900-01-01 10:55:00,UP,3.0,14.0,1.0,0.0,18.0,JehangirChowk,j2,j2_16.csv,MEDIUM,12.5,19
1900-01-01 11:00:00,DOWN,23.0,26.0,4.0,2.0,55.0,JehangirChowk,j2,j2_16.csv,MEDIUM,52.0,30
1900-01-01 11:00:00,LEFT,26.0,5.0,0.0,2.0,33.0,JehangirChowk,j2,j2_16.csv,MEDIUM,34.5,25
1900-01-01 11:00:00,RIGHT,0.0,0.0,0.0,0.0,0.0,JehangirChowk,j2,j2_16.csv,LOW,0.0,15
1900-01-01 11:00:00,UP,7.0,1.0,0.0,0.0,8.0,JehangirChowk,j2,j2_16.csv,MEDIUM,7.5,17
1900-01-01 11:05:00,DOWN,40.0,24.0,9.0,9.0,82.0,JehangirChowk,j2,j2_16.csv,HIGH,101.5,44
1900-01-01 11:05:00,LEFT,21.0,5.0,4.0,9.0,39.0,JehangirChowk,j2,j2_16.csv,MEDIUM,60.5,33
1900-01-01 11:05:00,RIGHT,2.0,0.0,0.0,0.0,2.0,JehangirChowk,j2,j2_16.csv,LOW,2.0,16
1900-01-01 11:05:00,UP,3.0,18.0,0.0,1.0,22.0,JehangirChowk,j2,j2_16.csv,MEDIUM,15.0,19
1900-01-01 11:10:00,DOWN,22.0,29.0,4.0,6.0,61.0,JehangirChowk,j2,j2_16.csv,MEDIUM,64.5,34
1900-01-01 11:10:00,LEFT,28.0,13.0,1.0,5.0,47.0,JehangirChowk,j2,j2_16.csv,MEDIUM,52.0,30
1900-01-01 11:10:00,RIGHT,0.0,2.0,0.0,0.0,2.0,JehangirChowk,j2,j2_16.csv,LOW,1.0,15
1900-01-01 11:10:00,UP,2.0,18.0,0.0,0.0,20.0,JehangirChowk,j2,j2_16.csv,MEDIUM,11.0,18
1900-01-01 11:15:00,DOWN,30.0,20.0,7.0,8.0,65.0,JehangirChowk,j2,j2_16.csv,MEDIUM,81.5,39
1900-01-01 11:15:00,LEFT,24.0,6.0,0.0,5.0,35.0,JehangirChowk,j2,j2_16.csv,MEDIUM,42.0,27
1900-01-01 11:15:00,RIGHT,0.0,1.0,0.0,0.0,1.0,JehangirChowk,j2,j2_16.csv,LOW,0.5,15
1900-01-01 11:15:00,UP,1.0,0.0,1.0,0.0,2.0,JehangirChowk,j2,j2_16.csv,LOW,3.5,16
1900-01-01 11:20:00,DOWN,26.0,25.0,2.0,2.0,55.0,JehangirChowk,j2,j2_16.csv,MEDIUM,49.5,29
1900-01-01 11:20:00,LEFT,25.0,12.0,0.0,3.0,40.0,JehangirChowk,j2,j2_16.csv,MEDIUM,40.0,27
1900-01-01 11:20:00,RIGHT,1.0,0.0,0.0,0.0,1.0,JehangirChowk,j2,j2_16.csv,LOW,1.0,15
1900-01-01 11:20:00,UP,7.0,1.0,0.0,1.0,9.0,JehangirChowk,j2,j2_16.csv,MEDIUM,10.5,18
1900-01-01 11:25:00,DOWN,0.0,0.0,0.0,0.0,0.0,JehangirChowk,j2,j2_16.csv,LOW,0.0,15
1900-01-01 11:25:00,LEFT,5.0,0.0,0.0,0.0,5.0,JehangirChowk,j2,j2_16.csv,MEDIUM,5.0,16
1900-01-01 11:25:00,RIGHT,0.0,0.0,0.0,0.0,0.0,JehangirChowk,j2,j2_16.csv,LOW,0.0,15
1900-01-01 11:25:00,UP,0.0,0.0,0.0,0.0,0.0,JehangirChowk,j2,j2_16.csv,LOW,0.0,15
1900-01-01 08:55:00,DOWN,6.0,12.0,1.0,4.0,23.0,JehangirChowk,j2,j2_17.csv,MEDIUM,26.5,23
1900-01-01 08:55:00,LEFT,11.0,8.0,0.0,3.0,22.0,JehangirChowk,j2,j2_17.csv,MEDIUM,24.0,22
1900-01-01 08:55:00,RIGHT,0.0,0.0,0.0,0.0,0.0,JehangirChowk,j2,j2_17.csv,LOW,0.0,15
1900-01-01 08:55:00,UP,1.0,0.0,0.0,0.0,1.0,JehangirChowk,j2,j2_17.csv,LOW,1.0,15
1900-01-01 09:00:00,DOWN,29.0,34.0,6.0,4.0,73.0,JehangirChowk,j2,j2_17.csv,MEDIUM,73.0,36
1900-01-01 09:00:00,LEFT,32.0,11.0,2.0,8.0,53.0,JehangirChowk,j2,j2_17.csv,MEDIUM,66.5,34
1900-01-01 09:00:00,RIGHT,1.0,3.0,0.0,0.0,4.0,JehangirChowk,j2,j2_17.csv,LOW,2.5,16
1900-01-01 09:00:00,UP,1.0,13.0,0.0,0.0,14.0,JehangirChowk,j2,j2_17.csv,MEDIUM,7.5,17
1900-01-01 09:05:00,DOWN,27.0,45.0,1.0,2.0,75.0,JehangirChowk,j2,j2_17.csv,HIGH,58.0,32
1900-01-01 09:05:00,LEFT,45.0,17.0,1.0,10.0,73.0,JehangirChowk,j2,j2_17.csv,MEDIUM,86.0,40
1900-01-01 09:05:00,RIGHT,3.0,3.0,0.0,1.0,7.0,JehangirChowk,j2,j2_17.csv,MEDIUM,7.5,17
1900-01-01 09:05:00,UP,0.0,1.0,0.0,0.0,1.0,JehangirChowk,j2,j2_17.csv,LOW,0.5,15
1900-01-01 09:10:00,DOWN,27.0,33.0,6.0,5.0,71.0,JehangirChowk,j2,j2_17.csv,MEDIUM,73.5,36
1900-01-01 09:10:00,LEFT,35.0,14.0,2.0,15.0,66.0,JehangirChowk,j2,j2_17.csv,MEDIUM,92.0,42
1900-01-01 09:10:00,RIGHT,2.0,1.0,1.0,0.0,4.0,JehangirChowk,j2,j2_17.csv,LOW,5.0,16
1900-01-01 09:10:00,UP,0.0,2.0,1.0,1.0,4.0,JehangirChowk,j2,j2_17.csv,LOW,6.5,17
1900-01-01 09:15:00,DOWN,25.0,60.0,2.0,6.0,93.0,JehangirChowk,j2,j2_17.csv,HIGH,78.0,38
1900-01-01 09:15:00,LEFT,31.0,20.0,1.0,9.0,61.0,JehangirChowk,j2,j2_17.csv,MEDIUM,70.5,35
1900-01-01 09:15:00,RIGHT,1.0,1.0,0.0,0.0,2.0,JehangirChowk,j2,j2_17.csv,LOW,1.5,15
1900-01-01 09:15:00,UP,0.0,13.0,0.0,0.0,13.0,JehangirChowk,j2,j2_17.csv,MEDIUM,6.5,17
1900-01-01 09:20:00,DOWN,16.0,39.0,4.0,10.0,69.0,JehangirChowk,j2,j2_17.csv,MEDIUM,75.5,37
1900-01-01 09:20:00,LEFT,43.0,10.0,0.0,6.0,59.0,JehangirChowk,j2,j2_17.csv,MEDIUM,66.0,34
1900-01-01 09:20:00,RIGHT,0.0,1.0,0.0,0.0,1.0,JehangirChowk,j2,j2_17.csv,LOW,0.5,15
1900-01-01 09:20:00,UP,2.0,12.0,3.0,3.0,20.0,JehangirChowk,j2,j2_17.csv,MEDIUM,24.5,22
1900-01-01 09:25:00,DOWN,20.0,53.0,2.0,8.0,83.0,JehangirChowk,j2,j2_17.csv,HIGH,75.5,37
1900-01-01 09:25:00,LEFT,33.0,15.0,2.0,10.0,60.0,JehangirChowk,j2,j2_17.csv,MEDIUM,75.5,37
1900-01-01 09:25:00,RIGHT,0.0,4.0,0.0,0.0,4.0,JehangirChowk,j2,j2_17.csv,LOW,2.0,16
1900-01-01 09:25:00,UP,1.0,6.0,0.0,0.0,7.0,JehangirChowk,j2,j2_17.csv,MEDIUM,4.0,16
1900-01-01 09:30:00,DOWN,27.0,53.0,2.0,3.0,85.0,JehangirChowk,j2,j2_17.csv,HIGH,67.5,35
1900-01-01 09:30:00,LEFT,44.0,24.0,1.0,12.0,81.0,JehangirChowk,j2,j2_17.csv,HIGH,94.5,42
1900-01-01 09:30:00,RIGHT,0.0,5.0,0.0,0.0,5.0,JehangirChowk,j2,j2_17.csv,MEDIUM,2.5,16
1900-01-01 09:30:00,UP,4.0,37.0,1.0,1.0,43.0,JehangirChowk,j2,j2_17.csv,MEDIUM,28.0,23
1900-01-01 09:35:00,DOWN,32.0,45.0,3.0,3.0,83.0,JehangirChowk,j2,j2_17.csv,HIGH,71.0,36
1900-01-01 09:35:00,LEFT,50.0,13.0,2.0,13.0,78.0,JehangirChowk,j2,j2_17.csv,HIGH,100.5,44
1900-01-01 09:35:00,RIGHT,3.0,2.0,0.0,0.0,5.0,JehangirChowk,j2,j2_17.csv,MEDIUM,4.0,16
1900-01-01 09:35:00,UP,1.0,13.0,0.0,0.0,14.0,JehangirChowk,j2,j2_17.csv,MEDIUM,7.5,17
1900-01-01 09:40:00,DOWN,21.0,38.0,6.0,2.0,67.0,JehangirChowk,j2,j2_17.csv,MEDIUM,61.0,33
1900-01-01 09:40:00,LEFT,45.0,10.0,0.0,12.0,67.0,JehangirChowk,j2,j2_17.csv,MEDIUM,86.0,40
1900-01-01 09:40:00,RIGHT,0.0,0.0,1.0,0.0,1.0,JehangirChowk,j2,j2_17.csv,LOW,2.5,16
1900-01-01 09:40:00,UP,2.0,2.0,0.0,0.0,4.0,JehangirChowk,j2,j2_17.csv,LOW,3.0,16
1900-01-01 09:45:00,DOWN,30.0,27.0,3.0,5.0,65.0,JehangirChowk,j2,j2_17.csv,MEDIUM,66.0,34
1900-01-01 09:45:00,LEFT,53.0,15.0,3.0,10.0,81.0,JehangirChowk,j2,j2_17.csv,HIGH,98.0,43
1900-01-01 09:45:00,RIGHT,3.0,2.0,0.0,0.0,5.0,JehangirChowk,j2,j2_17.csv,MEDIUM,4.0,16
1900-01-01 09:45:00,UP,3.0,8.0,2.0,6.0,19.0,JehangirChowk,j2,j2_17.csv,MEDIUM,30.0,24
1900-01-01 09:50:00,DOWN,28.0,40.0,5.0,4.0,77.0,JehangirChowk,j2,j2_17.csv,HIGH,72.5,36
1900-01-01 09:50:00,LEFT,28.0,10.0,0.0,9.0,47.0,JehangirChowk,j2,j2_17.csv,MEDIUM,60.0,32
1900-01-01 09:50:00,RIGHT,1.0,1.0,0.0,0.0,2.0,JehangirChowk,j2,j2_17.csv,LOW,1.5,15
1900-01-01 09:50:00,UP,0.0,7.0,0.0,0.0,7.0,JehangirChowk,j2,j2_17.csv,MEDIUM,3.5,16
1900-01-01 09:55:00,DOWN,32.0,47.0,4.0,4.0,87.0,JehangirChowk,j2,j2_17.csv,HIGH,77.5,37
1900-01-01 09:55:00,LEFT,34.0,3.0,1.0,18.0,56.0,JehangirChowk,j2,j2_17.csv,MEDIUM,92.0,42
1900-01-01 09:55:00,RIGHT,1.0,2.0,0.0,0.0,3.0,JehangirChowk,j2,j2_17.csv,LOW,2.0,16
1900-01-01 09:55:00,UP,1.0,10.0,0.0,0.0,11.0,JehangirChowk,j2,j2_17.csv,MEDIUM,6.0,17
1900-01-01 10:00:00,DOWN,33.0,47.0,2.0,2.0,84.0,JehangirChowk,j2,j2_17.csv,HIGH,67.5,35
1900-01-01 10:00:00,LEFT,32.0,6.0,1.0,3.0,42.0,JehangirChowk,j2,j2_17.csv,MEDIUM,46.5,28
1900-01-01 10:00:00,RIGHT,1.0,7.0,0.0,0.0,8.0,JehangirChowk,j2,j2_17.csv,MEDIUM,4.5,16
1900-01-01 10:00:00,UP,1.0,2.0,0.0,0.0,3.0,JehangirChowk,j2,j2_17.csv,LOW,2.0,16
1900-01-01 10:05:00,DOWN,20.0,37.0,4.0,3.0,64.0,JehangirChowk,j2,j2_17.csv,MEDIUM,57.5,32
1900-01-01 10:05:00,LEFT,30.0,11.0,2.0,7.0,50.0,JehangirChowk,j2,j2_17.csv,MEDIUM,61.5,33
1900-01-01 10:05:00,RIGHT,0.0,2.0,1.0,0.0,3.0,JehangirChowk,j2,j2_17.csv,LOW,3.5,16
1900-01-01 10:05:00,UP,1.0,4.0,1.0,0.0,6.0,JehangirChowk,j2,j2_17.csv,MEDIUM,5.5,17
1900-01-01 10:10:00,DOWN,34.0,52.0,8.0,2.0,96.0,JehangirChowk,j2,j2_17.csv,HIGH,86.0,40
1900-01-01 10:10:00,LEFT,43.0,14.0,0.0,11.0,68.0,JehangirChowk,j2,j2_17.csv,MEDIUM,83.0,39
1900-01-01 10:10:00,RIGHT,0.0,1.0,0.0,0.0,1.0,JehangirChowk,j2,j2_17.csv,LOW,0.5,15
1900-01-01 10:10:00,UP,0.0,0.0,0.0,1.0,1.0,JehangirChowk,j2,j2_17.csv,LOW,3.0,16
1900-01-01 10:15:00,DOWN,30.0,36.0,6.0,2.0,74.0,JehangirChowk,j2,j2_17.csv,MEDIUM,69.0,35
1900-01-01 10:15:00,LEFT,40.0,12.0,0.0,11.0,63.0,JehangirChowk,j2,j2_17.csv,MEDIUM,79.0,38
1900-01-01 10:15:00,RIGHT,0.0,0.0,0.0,0.0,0.0,JehangirChowk,j2,j2_17.csv,LOW,0.0,15
1900-01-01 10:15:00,UP,4.0,14.0,0.0,0.0,18.0,JehangirChowk,j2,j2_17.csv,MEDIUM,11.0,18
1900-01-01 10:20:00,DOWN,31.0,40.0,4.0,1.0,76.0,JehangirChowk,j2,j2_17.csv,HIGH,64.0,34
1900-01-01 10:20:00,LEFT,60.0,20.0,1.0,8.0,89.0,JehangirChowk,j2,j2_17.csv,HIGH,96.5,43
1900-01-01 10:20:00,RIGHT,1.0,2.0,0.0,0.0,3.0,JehangirChowk,j2,j2_17.csv,LOW,2.0,16
1900-01-01 10:20:00,UP,1.0,0.0,1.0,3.0,5.0,JehangirChowk,j2,j2_17.csv,MEDIUM,12.5,19
1900-01-01 10:25:00,DOWN,30.0,38.0,6.0,1.0,75.0,JehangirChowk,j2,j2_17.csv,HIGH,67.0,34
1900-01-01 10:25:00,LEFT,30.0,16.0,1.0,3.0,50.0,JehangirChowk,j2,j2_17.csv,MEDIUM,49.5,29
1900-01-01 10:25:00,RIGHT,2.0,0.0,0.0,0.0,2.0,JehangirChowk,j2,j2_17.csv,LOW,2.0,16
1900-01-01 10:25:00,UP,7.0,4.0,1.0,1.0,13.0,JehangirChowk,j2,j2_17.csv,MEDIUM,14.5,19
1900-01-01 10:30:00,DOWN,29.0,34.0,5.0,2.0,70.0,JehangirChowk,j2,j2_17.csv,MEDIUM,64.5,34
1900-01-01 10:30:00,LEFT,27.0,9.0,2.0,4.0,42.0,JehangirChowk,j2,j2_17.csv,MEDIUM,48.5,29
1900-01-01 10:30:00,RIGHT,2.0,2.0,0.0,1.0,5.0,JehangirChowk,j2,j2_17.csv,MEDIUM,6.0,17
1900-01-01 10:30:00,UP,3.0,5.0,0.0,1.0,9.0,JehangirChowk,j2,j2_17.csv,MEDIUM,8.5,17
1900-01-01 10:35:00,DOWN,38.0,39.0,3.0,6.0,86.0,JehangirChowk,j2,j2_17.csv,HIGH,83.0,39
1900-01-01 10:35:00,LEFT,42.0,16.0,0.0,8.0,66.0,JehangirChowk,j2,j2_17.csv,MEDIUM,74.0,36
1900-01-01 10:35:00,RIGHT,2.0,2.0,0.0,0.0,4.0,JehangirChowk,j2,j2_17.csv,LOW,3.0,16
1900-01-01 10:35:00,UP,3.0,4.0,2.0,0.0,9.0,JehangirChowk,j2,j2_17.csv,MEDIUM,10.0,18
1900-01-01 10:40:00,DOWN,26.0,26.0,1.0,1.0,54.0,JehangirChowk,j2,j2_17.csv,MEDIUM,44.5,28
1900-01-01 10:40:00,LEFT,45.0,5.0,0.0,3.0,53.0,JehangirChowk,j2,j2_17.csv,MEDIUM,56.5,31
1900-01-01 10:40:00,RIGHT,1.0,1.0,0.0,0.0,2.0,JehangirChowk,j2,j2_17.csv,LOW,1.5,15
1900-01-01 10:40:00,UP,0.0,8.0,0.0,0.0,8.0,JehangirChowk,j2,j2_17.csv,MEDIUM,4.0,16
1900-01-01 10:45:00,DOWN,19.0,42.0,2.0,5.0,68.0,JehangirChowk,j2,j2_17.csv,MEDIUM,60.0,32
1900-01-01 10:45:00,LEFT,43.0,5.0,0.0,7.0,55.0,JehangirChowk,j2,j2_17.csv,MEDIUM,66.5,34
1900-01-01 10:45:00,RIGHT,1.0,1.0,0.0,0.0,2.0,JehangirChowk,j2,j2_17.csv,LOW,1.5,15
1900-01-01 10:45:00,UP,0.0,29.0,1.0,0.0,30.0,JehangirChowk,j2,j2_17.csv,MEDIUM,17.0,20
1900-01-01 10:50:00,DOWN,23.0,51.0,4.0,4.0,82.0,JehangirChowk,j2,j2_17.csv,HIGH,70.5,35
1900-01-01 10:50:00,LEFT,46.0,11.0,0.0,8.0,65.0,JehangirChowk,j2,j2_17.csv,MEDIUM,75.5,37
1900-01-01 10:50:00,RIGHT,1.0,0.0,0.0,0.0,1.0,JehangirChowk,j2,j2_17.csv,LOW,1.0,15
1900-01-01 10:50:00,UP,1.0,30.0,2.0,0.0,33.0,JehangirChowk,j2,j2_17.csv,MEDIUM,21.0,21
1900-01-01 10:55:00,DOWN,34.0,39.0,3.0,1.0,77.0,JehangirChowk,j2,j2_17.csv,HIGH,64.0,34
1900-01-01 10:55:00,LEFT,48.0,7.0,1.0,11.0,67.0,JehangirChowk,j2,j2_17.csv,MEDIUM,87.0,40
1900-01-01 10:55:00,RIGHT,1.0,2.0,0.0,0.0,3.0,JehangirChowk,j2,j2_17.csv,LOW,2.0,16
1900-01-01 10:55:00,UP,0.0,10.0,0.0,0.0,10.0,JehangirChowk,j2,j2_17.csv,MEDIUM,5.0,16
1900-01-01 11:00:00,DOWN,31.0,50.0,6.0,5.0,92.0,JehangirChowk,j2,j2_17.csv,HIGH,86.0,40
1900-01-01 11:00:00,LEFT,33.0,6.0,2.0,9.0,50.0,JehangirChowk,j2,j2_17.csv,MEDIUM,68.0,35
1900-01-01 11:00:00,RIGHT,2.0,4.0,0.0,0.0,6.0,JehangirChowk,j2,j2_17.csv,MEDIUM,4.0,16
1900-01-01 11:00:00,UP,1.0,18.0,0.0,0.0,19.0,JehangirChowk,j2,j2_17.csv,MEDIUM,10.0,18
1900-01-01 11:05:00,DOWN,30.0,30.0,4.0,1.0,65.0,JehangirChowk,j2,j2_17.csv,MEDIUM,58.0,32
1900-01-01 11:05:00,LEFT,31.0,10.0,1.0,8.0,50.0,JehangirChowk,j2,j2_17.csv,MEDIUM,62.5,33
1900-01-01 11:05:00,RIGHT,0.0,3.0,0.0,0.0,3.0,JehangirChowk,j2,j2_17.csv,LOW,1.5,15
1900-01-01 11:05:00,UP,0.0,5.0,0.0,0.0,5.0,JehangirChowk,j2,j2_17.csv,MEDIUM,2.5,16
1900-01-01 11:10:00,DOWN,25.0,48.0,7.0,3.0,83.0,JehangirChowk,j2,j2_17.csv,HIGH,75.5,37
1900-01-01 11:10:00,LEFT,36.0,11.0,1.0,9.0,57.0,JehangirChowk,j2,j2_17.csv,MEDIUM,71.0,36
1900-01-01 11:10:00,RIGHT,2.0,4.0,0.0,0.0,6.0,JehangirChowk,j2,j2_17.csv,MEDIUM,4.0,16
1900-01-01 11:10:00,UP,4.0,10.0,0.0,0.0,14.0,JehangirChowk,j2,j2_17.csv,MEDIUM,9.0,18
1900-01-01 11:15:00,DOWN,34.0,31.0,6.0,6.0,77.0,JehangirChowk,j2,j2_17.csv,HIGH,82.5,39
1900-01-01 11:15:00,LEFT,38.0,8.0,0.0,11.0,57.0,JehangirChowk,j2,j2_17.csv,MEDIUM,75.0,37
1900-01-01 11:15:00,RIGHT,1.0,4.0,0.0,0.0,5.0,JehangirChowk,j2,j2_17.csv,MEDIUM,3.0,16
1900-01-01 11:15:00,UP,1.0,1.0,0.0,0.0,2.0,JehangirChowk,j2,j2_17.csv,LOW,1.5,15
1900-01-01 11:20:00,DOWN,38.0,44.0,5.0,3.0,90.0,JehangirChowk,j2,j2_17.csv,HIGH,81.5,39
1900-01-01 11:20:00,LEFT,27.0,14.0,4.0,6.0,51.0,JehangirChowk,j2,j2_17.csv,MEDIUM,62.0,33
1900-01-01 11:20:00,RIGHT,1.0,0.0,0.0,0.0,1.0,JehangirChowk,j2,j2_17.csv,LOW,1.0,15
1900-01-01 11:20:00,UP,0.0,7.0,1.0,1.0,9.0,JehangirChowk,j2,j2_17.csv,MEDIUM,9.0,18
1900-01-01 11:25:00,DOWN,4.0,4.0,0.0,1.0,9.0,JehangirChowk,j2,j2_17.csv,MEDIUM,9.0,18
1900-01-01 11:25:00,LEFT,4.0,2.0,0.0,0.0,6.0,JehangirChowk,j2,j2_17.csv,MEDIUM,5.0,16
1900-01-01 11:25:00,RIGHT,0.0,0.0,0.0,0.0,0.0,JehangirChowk,j2,j2_17.csv,LOW,0.0,15
1900-01-01 11:25:00,UP,0.0,1.0,0.0,1.0,2.0,JehangirChowk,j2,j2_17.csv,LOW,3.5,16
1900-01-01 08:55:00,DOWN,0.0,0.0,0.0,0.0,0.0,JehangirChowk,j2,j2_13.csv,LOW,0.0,15
1900-01-01 08:55:00,LEFT,0.0,0.0,0.0,0.0,0.0,JehangirChowk,j2,j2_13.csv,LOW,0.0,15
1900-01-01 08:55:00,RIGHT,0.0,0.0,0.0,0.0,0.0,JehangirChowk,j2,j2_13.csv,LOW,0.0,15
1900-01-01 08:55:00,UP,0.0,0.0,0.0,0.0,0.0,JehangirChowk,j2,j2_13.csv,LOW,0.0,15
1900-01-01 09:00:00,DOWN,19.0,44.0,0.0,2.0,65.0,JehangirChowk,j2,j2_13.csv,MEDIUM,47.0,29
1900-01-01 09:00:00,LEFT,34.0,20.0,0.0,1.0,55.0,JehangirChowk,j2,j2_13.csv,MEDIUM,47.0,29
1900-01-01 09:00:00,RIGHT,0.0,2.0,0.0,0.0,2.0,JehangirChowk,j2,j2_13.csv,LOW,1.0,15
1900-01-01 09:00:00,UP,0.0,17.0,0.0,1.0,18.0,JehangirChowk,j2,j2_13.csv,MEDIUM,11.5,18
1900-01-01 09:05:00,DOWN,14.0,53.0,1.0,2.0,70.0,JehangirChowk,j2,j2_13.csv,MEDIUM,49.0,29
1900-01-01 09:05:00,LEFT,40.0,24.0,0.0,3.0,67.0,JehangirChowk,j2,j2_13.csv,MEDIUM,61.0,33
1900-01-01 09:05:00,RIGHT,2.0,0.0,0.0,0.0,2.0,JehangirChowk,j2,j2_13.csv,LOW,2.0,16
1900-01-01 09:05:00,UP,1.0,11.0,0.0,0.0,12.0,JehangirChowk,j2,j2_13.csv,MEDIUM,6.5,17
1900-01-01 09:10:00,DOWN,14.0,34.0,0.0,0.0,48.0,JehangirChowk,j2,j2_13.csv,MEDIUM,31.0,24
1900-01-01 09:10:00,LEFT,18.0,20.0,1.0,1.0,40.0,JehangirChowk,j2,j2_13.csv,MEDIUM,33.5,25
1900-01-01 09:10:00,RIGHT,1.0,1.0,0.0,0.0,2.0,JehangirChowk,j2,j2_13.csv,LOW,1.5,15
1900-01-01 09:10:00,UP,2.0,4.0,0.0,0.0,6.0,JehangirChowk,j2,j2_13.csv,MEDIUM,4.0,16
1900-01-01 09:15:00,DOWN,11.0,41.0,1.0,2.0,55.0,JehangirChowk,j2,j2_13.csv,MEDIUM,40.0,27
1900-01-01 09:15:00,LEFT,39.0,15.0,2.0,2.0,58.0,JehangirChowk,j2,j2_13.csv,MEDIUM,57.5,32
1900-01-01 09:15:00,RIGHT,1.0,5.0,0.0,0.0,6.0,JehangirChowk,j2,j2_13.csv,MEDIUM,3.5,16
1900-01-01 09:15:00,UP,1.0,18.0,0.0,0.0,19.0,JehangirChowk,j2,j2_13.csv,MEDIUM,10.0,18
1900-01-01 09:20:00,DOWN,27.0,46.0,0.0,1.0,74.0,JehangirChowk,j2,j2_13.csv,MEDIUM,53.0,30
1900-01-01 09:20:00,LEFT,42.0,21.0,0.0,1.0,64.0,JehangirChowk,j2,j2_13.csv,MEDIUM,55.5,31
1900-01-01 09:20:00,RIGHT,0.0,0.0,0.0,0.0,0.0,JehangirChowk,j2,j2_13.csv,LOW,0.0,15
1900-01-01 09:20:00,UP,2.0,7.0,0.0,0.0,9.0,JehangirChowk,j2,j2_13.csv,MEDIUM,5.5,17
1900-01-01 09:25:00,DOWN,23.0,60.0,0.0,2.0,85.0,JehangirChowk,j2,j2_13.csv,HIGH,59.0,32
1900-01-01 09:25:00,LEFT,35.0,13.0,0.0,2.0,50.0,JehangirChowk,j2,j2_13.csv,MEDIUM,47.5,29
1900-01-01 09:25:00,RIGHT,1.0,3.0,0.0,0.0,4.0,JehangirChowk,j2,j2_13.csv,LOW,2.5,16
1900-01-01 09:25:00,UP,0.0,10.0,1.0,1.0,12.0,JehangirChowk,j2,j2_13.csv,MEDIUM,10.5,18
1900-01-01 09:30:00,DOWN,16.0,52.0,0.0,0.0,68.0,JehangirChowk,j2,j2_13.csv,MEDIUM,42.0,27
1900-01-01 09:30:00,LEFT,37.0,26.0,0.0,0.0,63.0,JehangirChowk,j2,j2_13.csv,MEDIUM,50.0,29
1900-01-01 09:30:00,RIGHT,0.0,1.0,0.0,0.0,1.0,JehangirChowk,j2,j2_13.csv,LOW,0.5,15
1900-01-01 09:30:00,UP,1.0,4.0,0.0,0.0,5.0,JehangirChowk,j2,j2_13.csv,MEDIUM,3.0,16
1900-01-01 09:35:00,DOWN,24.0,54.0,0.0,0.0,78.0,JehangirChowk,j2,j2_13.csv,HIGH,51.0,30
1900-01-01 09:35:00,LEFT,27.0,22.0,0.0,1.0,50.0,JehangirChowk,j2,j2_13.csv,MEDIUM,41.0,27
1900-01-01 09:35:00,RIGHT,0.0,2.0,0.0,0.0,2.0,JehangirChowk,j2,j2_13.csv,LOW,1.0,15
1900-01-01 09:35:00,UP,0.0,17.0,1.0,0.0,18.0,JehangirChowk,j2,j2_13.csv,MEDIUM,11.0,18
1900-01-01 09:40:00,DOWN,29.0,46.0,0.0,2.0,77.0,JehangirChowk,j2,j2_13.csv,HIGH,58.0,32
1900-01-01 09:40:00,LEFT,37.0,24.0,0.0,2.0,63.0,JehangirChowk,j2,j2_13.csv,MEDIUM,55.0,31
1900-01-01 09:40:00,RIGHT,0.0,2.0,0.0,0.0,2.0,JehangirChowk,j2,j2_13.csv,LOW,1.0,15
1900-01-01 09:40:00,UP,2.0,4.0,0.0,0.0,6.0,JehangirChowk,j2,j2_13.csv,MEDIUM,4.0,16
1900-01-01 09:45:00,DOWN,17.0,54.0,2.0,1.0,74.0,JehangirChowk,j2,j2_13.csv,MEDIUM,52.0,30
1900-01-01 09:45:00,LEFT,40.0,28.0,2.0,1.0,71.0,JehangirChowk,j2,j2_13.csv,MEDIUM,62.0,33
1900-01-01 09:45:00,RIGHT,0.0,0.0,0.0,0.0,0.0,JehangirChowk,j2,j2_13.csv,LOW,0.0,15
1900-01-01 09:45:00,UP,1.0,5.0,0.0,0.0,6.0,JehangirChowk,j2,j2_13.csv,MEDIUM,3.5,16
1900-01-01 09:50:00,DOWN,22.0,47.0,0.0,1.0,70.0,JehangirChowk,j2,j2_13.csv,MEDIUM,48.5,29
1900-01-01 09:50:00,LEFT,31.0,33.0,0.0,0.0,64.0,JehangirChowk,j2,j2_13.csv,MEDIUM,47.5,29
1900-01-01 09:50:00,RIGHT,1.0,4.0,0.0,0.0,5.0,JehangirChowk,j2,j2_13.csv,MEDIUM,3.0,16
1900-01-01 09:50:00,UP,1.0,1.0,1.0,0.0,3.0,JehangirChowk,j2,j2_13.csv,LOW,4.0,16
1900-01-01 09:55:00,DOWN,27.0,50.0,0.0,2.0,79.0,JehangirChowk,j2,j2_13.csv,HIGH,58.0,32
1900-01-01 09:55:00,LEFT,34.0,14.0,0.0,0.0,48.0,JehangirChowk,j2,j2_13.csv,MEDIUM,41.0,27
1900-01-01 09:55:00,RIGHT,0.0,3.0,0.0,0.0,3.0,JehangirChowk,j2,j2_13.csv,LOW,1.5,15
1900-01-01 09:55:00,UP,0.0,7.0,0.0,0.0,7.0,JehangirChowk,j2,j2_13.csv,MEDIUM,3.5,16
1900-01-01 10:00:00,DOWN,22.0,65.0,0.0,1.0,88.0,JehangirChowk,j2,j2_13.csv,HIGH,57.5,32
1900-01-01 10:00:00,LEFT,40.0,28.0,0.0,1.0,69.0,JehangirChowk,j2,j2_13.csv,MEDIUM,57.0,31
1900-01-01 10:00:00,RIGHT,0.0,0.0,0.0,0.0,0.0,JehangirChowk,j2,j2_13.csv,LOW,0.0,15
1900-01-01 10:00:00,UP,0.0,1.0,0.0,0.0,1.0,JehangirChowk,j2,j2_13.csv,LOW,0.5,15
1900-01-01 10:05:00,DOWN,26.0,46.0,0.0,0.0,72.0,JehangirChowk,j2,j2_13.csv,MEDIUM,49.0,29
1900-01-01 10:05:00,LEFT,31.0,15.0,0.0,2.0,48.0,JehangirChowk,j2,j2_13.csv,MEDIUM,44.5,28
1900-01-01 10:05:00,RIGHT,1.0,5.0,0.0,0.0,6.0,JehangirChowk,j2,j2_13.csv,MEDIUM,3.5,16
1900-01-01 10:05:00,UP,0.0,14.0,1.0,0.0,15.0,JehangirChowk,j2,j2_13.csv,MEDIUM,9.5,18
1900-01-01 10:10:00,DOWN,17.0,47.0,1.0,1.0,66.0,JehangirChowk,j2,j2_13.csv,MEDIUM,46.0,28
1900-01-01 10:10:00,LEFT,54.0,17.0,0.0,3.0,74.0,JehangirChowk,j2,j2_13.csv,MEDIUM,71.5,36
1900-01-01 10:10:00,RIGHT,0.0,2.0,0.0,0.0,2.0,JehangirChowk,j2,j2_13.csv,LOW,1.0,15
1900-01-01 10:10:00,UP,1.0,7.0,0.0,0.0,8.0,JehangirChowk,j2,j2_13.csv,MEDIUM,4.5,16
1900-01-01 10:15:00,DOWN,17.0,40.0,0.0,1.0,58.0,JehangirChowk,j2,j2_13.csv,MEDIUM,40.0,27
1900-01-01 10:15:00,LEFT,21.0,19.0,0.0,1.0,41.0,JehangirChowk,j2,j2_13.csv,MEDIUM,33.5,25
1900-01-01 10:15:00,RIGHT,1.0,2.0,0.0,0.0,3.0,JehangirChowk,j2,j2_13.csv,LOW,2.0,16
1900-01-01 10:15:00,UP,0.0,5.0,0.0,0.0,5.0,JehangirChowk,j2,j2_13.csv,MEDIUM,2.5,16
1900-01-01 10:20:00,DOWN,23.0,43.0,0.0,0.0,66.0,JehangirChowk,j2,j2_13.csv,MEDIUM,44.5,28
1900-01-01 10:20:00,LEFT,23.0,28.0,0.0,2.0,53.0,JehangirChowk,j2,j2_13.csv,MEDIUM,43.0,27
1900-01-01 10:20:00,RIGHT,0.0,0.0,0.0,0.0,0.0,JehangirChowk,j2,j2_13.csv,LOW,0.0,15
1900-01-01 10:20:00,UP,0.0,15.0,0.0,0.0,15.0,JehangirChowk,j2,j2_13.csv,MEDIUM,7.5,17
1900-01-01 10:25:00,DOWN,12.0,63.0,0.0,4.0,79.0,JehangirChowk,j2,j2_13.csv,HIGH,55.5,31
1900-01-01 10:25:00,LEFT,34.0,9.0,0.0,4.0,47.0,JehangirChowk,j2,j2_13.csv,MEDIUM,50.5,30
1900-01-01 10:25:00,RIGHT,1.0,3.0,0.0,0.0,4.0,JehangirChowk,j2,j2_13.csv,LOW,2.5,16
1900-01-01 10:25:00,UP,0.0,28.0,0.0,0.0,28.0,JehangirChowk,j2,j2_13.csv,MEDIUM,14.0,19
1900-01-01 10:30:00,DOWN,27.0,48.0,0.0,2.0,77.0,JehangirChowk,j2,j2_13.csv,HIGH,57.0,31
1900-01-01 10:30:00,LEFT,33.0,26.0,1.0,1.0,61.0,JehangirChowk,j2,j2_13.csv,MEDIUM,51.5,30
1900-01-01 10:30:00,RIGHT,1.0,3.0,0.0,0.0,4.0,JehangirChowk,j2,j2_13.csv,LOW,2.5,16
1900-01-01 10:30:00,UP,9.0,10.0,0.0,0.0,19.0,JehangirChowk,j2,j2_13.csv,MEDIUM,14.0,19
1900-01-01 10:35:00,DOWN,20.0,53.0,1.0,1.0,75.0,JehangirChowk,j2,j2_13.csv,HIGH,52.0,30
1900-01-01 10:35:00,LEFT,34.0,15.0,0.0,1.0,50.0,JehangirChowk,j2,j2_13.csv,MEDIUM,44.5,28
1900-01-01 10:35:00,RIGHT,0.0,3.0,0.0,0.0,3.0,JehangirChowk,j2,j2_13.csv,LOW,1.5,15
1900-01-01 10:35:00,UP,0.0,11.0,0.0,0.0,11.0,JehangirChowk,j2,j2_13.csv,MEDIUM,5.5,17
1900-01-01 10:40:00,DOWN,21.0,42.0,1.0,0.0,64.0,JehangirChowk,j2,j2_13.csv,MEDIUM,44.5,28
1900-01-01 10:40:00,LEFT,36.0,16.0,0.0,2.0,54.0,JehangirChowk,j2,j2_13.csv,MEDIUM,50.0,29
1900-01-01 10:40:00,RIGHT,0.0,1.0,0.0,0.0,1.0,JehangirChowk,j2,j2_13.csv,LOW,0.5,15
1900-01-01 10:40:00,UP,0.0,14.0,0.0,1.0,15.0,JehangirChowk,j2,j2_13.csv,MEDIUM,10.0,18
1900-01-01 10:45:00,DOWN,22.0,39.0,1.0,0.0,62.0,JehangirChowk,j2,j2_13.csv,MEDIUM,44.0,28
1900-01-01 10:45:00,LEFT,23.0,11.0,0.0,4.0,38.0,JehangirChowk,j2,j2_13.csv,MEDIUM,40.5,27
1900-01-01 10:45:00,RIGHT,0.0,3.0,0.0,0.0,3.0,JehangirChowk,j2,j2_13.csv,LOW,1.5,15
1900-01-01 10:45:00,UP,5.0,15.0,1.0,0.0,21.0,JehangirChowk,j2,j2_13.csv,MEDIUM,15.0,19
1900-01-01 10:50:00,DOWN,26.0,56.0,0.0,3.0,85.0,JehangirChowk,j2,j2_13.csv,HIGH,63.0,33
1900-01-01 10:50:00,LEFT,25.0,10.0,0.0,2.0,37.0,JehangirChowk,j2,j2_13.csv,MEDIUM,36.0,25
1900-01-01 10:50:00,RIGHT,0.0,1.0,0.0,0.0,1.0,JehangirChowk,j2,j2_13.csv,LOW,0.5,15
1900-01-01 10:50:00,UP,1.0,9.0,0.0,0.0,10.0,JehangirChowk,j2,j2_13.csv,MEDIUM,5.5,17
1900-01-01 10:55:00,DOWN,23.0,43.0,0.0,3.0,69.0,JehangirChowk,j2,j2_13.csv,MEDIUM,53.5,30
1900-01-01 10:55:00,LEFT,31.0,19.0,0.0,2.0,52.0,JehangirChowk,j2,j2_13.csv,MEDIUM,46.5,28
1900-01-01 10:55:00,RIGHT,0.0,5.0,0.0,0.0,5.0,JehangirChowk,j2,j2_13.csv,MEDIUM,2.5,16
1900-01-01 10:55:00,UP,8.0,4.0,0.0,1.0,13.0,JehangirChowk,j2,j2_13.csv,MEDIUM,13.0,19
1900-01-01 11:00:00,DOWN,21.0,36.0,1.0,1.0,59.0,JehangirChowk,j2,j2_13.csv,MEDIUM,44.5,28
1900-01-01 11:00:00,LEFT,25.0,13.0,0.0,1.0,39.0,JehangirChowk,j2,j2_13.csv,MEDIUM,34.5,25
1900-01-01 11:00:00,RIGHT,0.0,0.0,0.0,0.0,0.0,JehangirChowk,j2,j2_13.csv,LOW,0.0,15
1900-01-01 11:00:00,UP,4.0,9.0,0.0,0.0,13.0,JehangirChowk,j2,j2_13.csv,MEDIUM,8.5,17
1900-01-01 11:05:00,DOWN,25.0,65.0,0.0,1.0,91.0,JehangirChowk,j2,j2_13.csv,HIGH,60.5,33
1900-01-01 11:05:00,LEFT,25.0,24.0,0.0,1.0,50.0,JehangirChowk,j2,j2_13.csv,MEDIUM,40.0,27
1900-01-01 11:05:00,RIGHT,1.0,2.0,0.0,0.0,3.0,JehangirChowk,j2,j2_13.csv,LOW,2.0,16
1900-01-01 11:05:00,UP,0.0,10.0,0.0,0.0,10.0,JehangirChowk,j2,j2_13.csv,MEDIUM,5.0,16
1900-01-01 11:10:00,DOWN,30.0,62.0,0.0,3.0,95.0,JehangirChowk,j2,j2_13.csv,HIGH,70.0,35
1900-01-01 11:10:00,LEFT,21.0,44.0,1.0,0.0,66.0,JehangirChowk,j2,j2_13.csv,MEDIUM,45.5,28
1900-01-01 11:10:00,RIGHT,2.0,2.0,0.0,0.0,4.0,JehangirChowk,j2,j2_13.csv,LOW,3.0,16
1900-01-01 11:10:00,UP,0.0,45.0,0.0,0.0,45.0,JehangirChowk,j2,j2_13.csv,MEDIUM,22.5,22
1900-01-01 11:15:00,DOWN,21.0,67.0,0.0,2.0,90.0,JehangirChowk,j2,j2_13.csv,HIGH,60.5,33
1900-01-01 11:15:00,LEFT,22.0,26.0,0.0,1.0,49.0,JehangirChowk,j2,j2_13.csv,MEDIUM,38.0,26
1900-01-01 11:15:00,RIGHT,0.0,1.0,0.0,0.0,1.0,JehangirChowk,j2,j2_13.csv,LOW,0.5,15
1900-01-01 11:15:00,UP,0.0,20.0,0.0,0.0,20.0,JehangirChowk,j2,j2_13.csv,MEDIUM,10.0,18
1900-01-01 11:20:00,DOWN,16.0,52.0,0.0,1.0,69.0,JehangirChowk,j2,j2_13.csv,MEDIUM,45.0,28
1900-01-01 11:20:00,LEFT,25.0,18.0,0.0,3.0,46.0,JehangirChowk,j2,j2_13.csv,MEDIUM,43.0,27
1900-01-01 11:20:00,RIGHT,0.0,5.0,0.0,0.0,5.0,JehangirChowk,j2,j2_13.csv,MEDIUM,2.5,16
1900-01-01 11:20:00,UP,0.0,6.0,0.0,1.0,7.0,JehangirChowk,j2,j2_13.csv,MEDIUM,6.0,17
1900-01-01 11:25:00,DOWN,8.0,23.0,0.0,1.0,32.0,JehangirChowk,j2,j2_13.csv,MEDIUM,22.5,22
1900-01-01 11:25:00,LEFT,11.0,4.0,0.0,0.0,15.0,JehangirChowk,j2,j2_13.csv,MEDIUM,13.0,19
1900-01-01 11:25:00,RIGHT,0.0,1.0,0.0,0.0,1.0,JehangirChowk,j2,j2_13.csv,LOW,0.5,15
1900-01-01 11:25:00,UP,0.0,5.0,0.0,0.0,5.0,JehangirChowk,j2,j2_13.csv,MEDIUM,2.5,16
1900-01-01 08:55:00,DOWN,0.0,0.0,0.0,0.0,0.0,JehangirChowk,j2,j2_12.csv,LOW,0.0,15
1900-01-01 08:55:00,LEFT,2.0,0.0,0.0,0.0,2.0,JehangirChowk,j2,j2_12.csv,LOW,2.0,16
1900-01-01 08:55:00,RIGHT,1.0,0.0,0.0,0.0,1.0,JehangirChowk,j2,j2_12.csv,LOW,1.0,15
1900-01-01 08:55:00,UP,0.0,1.0,0.0,0.0,1.0,JehangirChowk,j2,j2_12.csv,LOW,0.5,15
1900-01-01 09:00:00,DOWN,17.0,35.0,1.0,0.0,53.0,JehangirChowk,j2,j2_12.csv,MEDIUM,37.0,26
1900-01-01 09:00:00,LEFT,51.0,23.0,1.0,3.0,78.0,JehangirChowk,j2,j2_12.csv,HIGH,74.0,36
1900-01-01 09:00:00,RIGHT,0.0,1.0,0.0,1.0,2.0,JehangirChowk,j2,j2_12.csv,LOW,3.5,16
1900-01-01 09:00:00,UP,1.0,8.0,0.0,1.0,10.0,JehangirChowk,j2,j2_12.csv,MEDIUM,8.0,17
1900-01-01 09:05:00,DOWN,23.0,34.0,1.0,3.0,61.0,JehangirChowk,j2,j2_12.csv,MEDIUM,51.5,30
1900-01-01 09:05:00,LEFT,40.0,13.0,0.0,6.0,59.0,JehangirChowk,j2,j2_12.csv,MEDIUM,64.5,34
1900-01-01 09:05:00,RIGHT,2.0,0.0,0.0,0.0,2.0,JehangirChowk,j2,j2_12.csv,LOW,2.0,16
1900-01-01 09:05:00,UP,0.0,5.0,1.0,0.0,6.0,JehangirChowk,j2,j2_12.csv,MEDIUM,5.0,16
1900-01-01 09:10:00,DOWN,17.0,45.0,4.0,3.0,69.0,JehangirChowk,j2,j2_12.csv,MEDIUM,58.5,32
1900-01-01 09:10:00,LEFT,38.0,21.0,0.0,4.0,63.0,JehangirChowk,j2,j2_12.csv,MEDIUM,60.5,33
1900-01-01 09:10:00,RIGHT,0.0,3.0,0.0,0.0,3.0,JehangirChowk,j2,j2_12.csv,LOW,1.5,15
1900-01-01 09:10:00,UP,0.0,9.0,0.0,0.0,9.0,JehangirChowk,j2,j2_12.csv,MEDIUM,4.5,16
1900-01-01 09:15:00,DOWN,13.0,69.0,0.0,6.0,88.0,JehangirChowk,j2,j2_12.csv,HIGH,65.5,34
1900-01-01 09:15:00,LEFT,46.0,30.0,0.0,3.0,79.0,JehangirChowk,j2,j2_12.csv,HIGH,70.0,35
1900-01-01 09:15:00,RIGHT,2.0,0.0,1.0,0.0,3.0,JehangirChowk,j2,j2_12.csv,LOW,4.5,16
1900-01-01 09:15:00,UP,0.0,13.0,0.0,0.0,13.0,JehangirChowk,j2,j2_12.csv,MEDIUM,6.5,17
1900-01-01 09:20:00,DOWN,14.0,49.0,3.0,5.0,71.0,JehangirChowk,j2,j2_12.csv,MEDIUM,61.0,33
1900-01-01 09:20:00,LEFT,43.0,103.0,0.0,1.0,147.0,JehangirChowk,j2,j2_12.csv,HIGH,97.5,43
1900-01-01 09:20:00,RIGHT,2.0,3.0,0.0,0.0,5.0,JehangirChowk,j2,j2_12.csv,MEDIUM,3.5,16
1900-01-01 09:20:00,UP,0.0,14.0,1.0,1.0,16.0,JehangirChowk,j2,j2_12.csv,MEDIUM,12.5,19
1900-01-01 09:25:00,DOWN,17.0,43.0,1.0,4.0,65.0,JehangirChowk,j2,j2_12.csv,MEDIUM,53.0,30
1900-01-01 09:25:00,LEFT,62.0,41.0,0.0,1.0,104.0,JehangirChowk,j2,j2_12.csv,HIGH,85.5,40
1900-01-01 09:25:00,RIGHT,0.0,1.0,0.0,0.0,1.0,JehangirChowk,j2,j2_12.csv,LOW,0.5,15
1900-01-01 09:25:00,UP,0.0,11.0,0.0,0.0,11.0,JehangirChowk,j2,j2_12.csv,MEDIUM,5.5,17
1900-01-01 09:30:00,DOWN,23.0,52.0,1.0,1.0,77.0,JehangirChowk,j2,j2_12.csv,HIGH,54.5,31
1900-01-01 09:30:00,LEFT,51.0,21.0,0.0,4.0,76.0,JehangirChowk,j2,j2_12.csv,HIGH,73.5,36
1900-01-01 09:30:00,RIGHT,0.0,4.0,0.0,0.0,4.0,JehangirChowk,j2,j2_12.csv,LOW,2.0,16
1900-01-01 09:30:00,UP,0.0,3.0,0.0,0.0,3.0,JehangirChowk,j2,j2_12.csv,LOW,1.5,15
1900-01-01 09:35:00,DOWN,20.0,38.0,0.0,1.0,59.0,JehangirChowk,j2,j2_12.csv,MEDIUM,42.0,27
1900-01-01 09:35:00,LEFT,44.0,67.0,1.0,0.0,112.0,JehangirChowk,j2,j2_12.csv,HIGH,80.0,38
1900-01-01 09:35:00,RIGHT,1.0,4.0,0.0,0.0,5.0,JehangirChowk,j2,j2_12.csv,MEDIUM,3.0,16
1900-01-01 09:35:00,UP,4.0,12.0,0.0,0.0,16.0,JehangirChowk,j2,j2_12.csv,MEDIUM,10.0,18
1900-01-01 09:40:00,DOWN,32.0,38.0,1.0,3.0,74.0,JehangirChowk,j2,j2_12.csv,MEDIUM,62.5,33
1900-01-01 09:40:00,LEFT,37.0,42.0,0.0,2.0,81.0,JehangirChowk,j2,j2_12.csv,HIGH,64.0,34
1900-01-01 09:40:00,RIGHT,0.0,4.0,0.0,0.0,4.0,JehangirChowk,j2,j2_12.csv,LOW,2.0,16
1900-01-01 09:40:00,UP,0.0,40.0,0.0,0.0,40.0,JehangirChowk,j2,j2_12.csv,MEDIUM,20.0,21
1900-01-01 09:45:00,DOWN,29.0,53.0,4.0,8.0,94.0,JehangirChowk,j2,j2_12.csv,HIGH,89.5,41
1900-01-01 09:45:00,LEFT,47.0,24.0,0.0,2.0,73.0,JehangirChowk,j2,j2_12.csv,MEDIUM,65.0,34
1900-01-01 09:45:00,RIGHT,1.0,1.0,0.0,1.0,3.0,JehangirChowk,j2,j2_12.csv,LOW,4.5,16
1900-01-01 09:45:00,UP,0.0,1.0,0.0,0.0,1.0,JehangirChowk,j2,j2_12.csv,LOW,0.5,15
1900-01-01 09:50:00,DOWN,29.0,67.0,2.0,2.0,100.0,JehangirChowk,j2,j2_12.csv,HIGH,73.5,36
1900-01-01 09:50:00,LEFT,49.0,21.0,0.0,1.0,71.0,JehangirChowk,j2,j2_12.csv,MEDIUM,62.5,33
1900-01-01 09:50:00,RIGHT,0.0,2.0,0.0,0.0,2.0,JehangirChowk,j2,j2_12.csv,LOW,1.0,15
1900-01-01 09:50:00,UP,1.0,2.0,0.0,0.0,3.0,JehangirChowk,j2,j2_12.csv,LOW,2.0,16
1900-01-01 09:55:00,DOWN,30.0,55.0,0.0,0.0,85.0,JehangirChowk,j2,j2_12.csv,HIGH,57.5,32
1900-01-01 09:55:00,LEFT,50.0,26.0,0.0,0.0,76.0,JehangirChowk,j2,j2_12.csv,HIGH,63.0,33
1900-01-01 09:55:00,RIGHT,0.0,1.0,0.0,0.0,1.0,JehangirChowk,j2,j2_12.csv,LOW,0.5,15
1900-01-01 09:55:00,UP,0.0,2.0,0.0,2.0,4.0,JehangirChowk,j2,j2_12.csv,LOW,7.0,17
1900-01-01 10:00:00,DOWN,19.0,53.0,1.0,1.0,74.0,JehangirChowk,j2,j2_12.csv,MEDIUM,51.0,30
1900-01-01 10:00:00,LEFT,51.0,36.0,0.0,1.0,88.0,JehangirChowk,j2,j2_12.csv,HIGH,72.0,36
1900-01-01 10:00:00,RIGHT,1.0,4.0,0.0,0.0,5.0,JehangirChowk,j2,j2_12.csv,MEDIUM,3.0,16
1900-01-01 10:00:00,UP,0.0,3.0,0.0,1.0,4.0,JehangirChowk,j2,j2_12.csv,LOW,4.5,16
1900-01-01 10:05:00,DOWN,25.0,52.0,0.0,2.0,79.0,JehangirChowk,j2,j2_12.csv,HIGH,57.0,31
1900-01-01 10:05:00,LEFT,35.0,48.0,0.0,3.0,86.0,JehangirChowk,j2,j2_12.csv,HIGH,68.0,35
1900-01-01 10:05:00,RIGHT,1.0,6.0,0.0,0.0,7.0,JehangirChowk,j2,j2_12.csv,MEDIUM,4.0,16
1900-01-01 10:05:00,UP,2.0,8.0,0.0,0.0,10.0,JehangirChowk,j2,j2_12.csv,MEDIUM,6.0,17
1900-01-01 10:10:00,DOWN,26.0,48.0,2.0,2.0,78.0,JehangirChowk,j2,j2_12.csv,HIGH,61.0,33
1900-01-01 10:10:00,LEFT,26.0,34.0,0.0,3.0,63.0,JehangirChowk,j2,j2_12.csv,MEDIUM,52.0,30
1900-01-01 10:10:00,RIGHT,0.0,2.0,0.0,0.0,2.0,JehangirChowk,j2,j2_12.csv,LOW,1.0,15
1900-01-01 10:10:00,UP,2.0,7.0,0.0,0.0,9.0,JehangirChowk,j2,j2_12.csv,MEDIUM,5.5,17
1900-01-01 10:15:00,DOWN,22.0,60.0,0.0,1.0,83.0,JehangirChowk,j2,j2_12.csv,HIGH,55.0,31
1900-01-01 10:15:00,LEFT,54.0,32.0,0.0,1.0,87.0,JehangirChowk,j2,j2_12.csv,HIGH,73.0,36
1900-01-01 10:15:00,RIGHT,0.0,3.0,0.0,0.0,3.0,JehangirChowk,j2,j2_12.csv,LOW,1.5,15
1900-01-01 10:15:00,UP,0.0,19.0,2.0,0.0,21.0,JehangirChowk,j2,j2_12.csv,MEDIUM,14.5,19
1900-01-01 10:20:00,DOWN,18.0,40.0,4.0,3.0,65.0,JehangirChowk,j2,j2_12.csv,MEDIUM,57.0,31
1900-01-01 10:20:00,LEFT,46.0,32.0,0.0,2.0,80.0,JehangirChowk,j2,j2_12.csv,HIGH,68.0,35
1900-01-01 10:20:00,RIGHT,0.0,2.0,0.0,0.0,2.0,JehangirChowk,j2,j2_12.csv,LOW,1.0,15
1900-01-01 10:20:00,UP,0.0,7.0,0.0,1.0,8.0,JehangirChowk,j2,j2_12.csv,MEDIUM,6.5,17
1900-01-01 10:25:00,DOWN,19.0,39.0,1.0,3.0,62.0,JehangirChowk,j2,j2_12.csv,MEDIUM,50.0,29
1900-01-01 10:25:00,LEFT,49.0,25.0,0.0,2.0,76.0,JehangirChowk,j2,j2_12.csv,HIGH,67.5,35
1900-01-01 10:25:00,RIGHT,1.0,1.0,0.0,0.0,2.0,JehangirChowk,j2,j2_12.csv,LOW,1.5,15
1900-01-01 10:25:00,UP,6.0,6.0,0.0,0.0,12.0,JehangirChowk,j2,j2_12.csv,MEDIUM,9.0,18
1900-01-01 10:30:00,DOWN,17.0,52.0,1.0,3.0,73.0,JehangirChowk,j2,j2_12.csv,MEDIUM,54.5,31
1900-01-01 10:30:00,LEFT,31.0,26.0,1.0,2.0,60.0,JehangirChowk,j2,j2_12.csv,MEDIUM,52.5,30
1900-01-01 10:30:00,RIGHT,0.0,2.0,0.0,0.0,2.0,JehangirChowk,j2,j2_12.csv,LOW,1.0,15
1900-01-01 10:30:00,UP,6.0,7.0,2.0,1.0,16.0,JehangirChowk,j2,j2_12.csv,MEDIUM,17.5,20
1900-01-01 10:35:00,DOWN,24.0,54.0,1.0,2.0,81.0,JehangirChowk,j2,j2_12.csv,HIGH,59.5,32
1900-01-01 10:35:00,LEFT,42.0,21.0,0.0,2.0,65.0,JehangirChowk,j2,j2_12.csv,MEDIUM,58.5,32
1900-01-01 10:35:00,RIGHT,0.0,1.0,0.0,0.0,1.0,JehangirChowk,j2,j2_12.csv,LOW,0.5,15
1900-01-01 10:35:00,UP,0.0,7.0,0.0,0.0,7.0,JehangirChowk,j2,j2_12.csv,MEDIUM,3.5,16
1900-01-01 10:40:00,DOWN,41.0,51.0,2.0,5.0,99.0,JehangirChowk,j2,j2_12.csv,HIGH,86.5,40
1900-01-01 10:40:00,LEFT,30.0,15.0,0.0,1.0,46.0,JehangirChowk,j2,j2_12.csv,MEDIUM,40.5,27
1900-01-01 10:40:00,RIGHT,2.0,2.0,0.0,0.0,4.0,JehangirChowk,j2,j2_12.csv,LOW,3.0,16
1900-01-01 10:40:00,UP,2.0,1.0,0.0,1.0,4.0,JehangirChowk,j2,j2_12.csv,LOW,5.5,17
1900-01-01 10:45:00,DOWN,23.0,40.0,1.0,1.0,65.0,JehangirChowk,j2,j2_12.csv,MEDIUM,48.5,29
1900-01-01 10:45:00,LEFT,34.0,18.0,0.0,1.0,53.0,JehangirChowk,j2,j2_12.csv,MEDIUM,46.0,28
1900-01-01 10:45:00,RIGHT,0.0,3.0,0.0,0.0,3.0,JehangirChowk,j2,j2_12.csv,LOW,1.5,15
1900-01-01 10:45:00,UP,0.0,6.0,0.0,1.0,7.0,JehangirChowk,j2,j2_12.csv,MEDIUM,6.0,17
1900-01-01 10:50:00,DOWN,19.0,63.0,1.0,5.0,88.0,JehangirChowk,j2,j2_12.csv,HIGH,68.0,35
1900-01-01 10:50:00,LEFT,41.0,26.0,0.0,0.0,67.0,JehangirChowk,j2,j2_12.csv,MEDIUM,54.0,31
1900-01-01 10:50:00,RIGHT,2.0,0.0,0.0,0.0,2.0,JehangirChowk,j2,j2_12.csv,LOW,2.0,16
1900-01-01 10:50:00,UP,1.0,19.0,1.0,0.0,21.0,JehangirChowk,j2,j2_12.csv,MEDIUM,13.0,19
1900-01-01 10:55:00,DOWN,31.0,65.0,0.0,2.0,98.0,JehangirChowk,j2,j2_12.csv,HIGH,69.5,35
1900-01-01 10:55:00,LEFT,49.0,19.0,0.0,3.0,71.0,JehangirChowk,j2,j2_12.csv,MEDIUM,67.5,35
1900-01-01 10:55:00,RIGHT,1.0,0.0,0.0,0.0,1.0,JehangirChowk,j2,j2_12.csv,LOW,1.0,15
1900-01-01 10:55:00,UP,0.0,14.0,0.0,1.0,15.0,JehangirChowk,j2,j2_12.csv,MEDIUM,10.0,18
1900-01-01 11:00:00,DOWN,25.0,52.0,0.0,1.0,78.0,JehangirChowk,j2,j2_12.csv,HIGH,54.0,31
1900-01-01 11:00:00,LEFT,25.0,11.0,0.0,4.0,40.0,JehangirChowk,j2,j2_12.csv,MEDIUM,42.5,27
1900-01-01 11:00:00,RIGHT,1.0,2.0,0.0,0.0,3.0,JehangirChowk,j2,j2_12.csv,LOW,2.0,16
1900-01-01 11:00:00,UP,1.0,19.0,0.0,0.0,20.0,JehangirChowk,j2,j2_12.csv,MEDIUM,10.5,18
1900-01-01 11:05:00,DOWN,19.0,35.0,0.0,2.0,56.0,JehangirChowk,j2,j2_12.csv,MEDIUM,42.5,27
1900-01-01 11:05:00,LEFT,52.0,19.0,0.0,3.0,74.0,JehangirChowk,j2,j2_12.csv,MEDIUM,70.5,35
1900-01-01 11:05:00,RIGHT,1.0,1.0,0.0,0.0,2.0,JehangirChowk,j2,j2_12.csv,LOW,1.5,15
1900-01-01 11:05:00,UP,0.0,4.0,0.0,0.0,4.0,JehangirChowk,j2,j2_12.csv,LOW,2.0,16
1900-01-01 11:10:00,DOWN,31.0,43.0,0.0,2.0,76.0,JehangirChowk,j2,j2_12.csv,HIGH,58.5,32
1900-01-01 11:10:00,LEFT,36.0,17.0,0.0,2.0,55.0,JehangirChowk,j2,j2_12.csv,MEDIUM,50.5,30
1900-01-01 11:10:00,RIGHT,1.0,3.0,0.0,0.0,4.0,JehangirChowk,j2,j2_12.csv,LOW,2.5,16
1900-01-01 11:10:00,UP,0.0,10.0,0.0,0.0,10.0,JehangirChowk,j2,j2_12.csv,MEDIUM,5.0,16
1900-01-01 11:15:00,DOWN,34.0,52.0,3.0,3.0,92.0,JehangirChowk,j2,j2_12.csv,HIGH,76.5,37
1900-01-01 11:15:00,LEFT,37.0,31.0,0.0,3.0,71.0,JehangirChowk,j2,j2_12.csv,MEDIUM,61.5,33
1900-01-01 11:15:00,RIGHT,0.0,1.0,0.0,1.0,2.0,JehangirChowk,j2,j2_12.csv,LOW,3.5,16
1900-01-01 11:15:00,UP,2.0,4.0,0.0,0.0,6.0,JehangirChowk,j2,j2_12.csv,MEDIUM,4.0,16
1900-01-01 11:20:00,DOWN,31.0,50.0,0.0,1.0,82.0,JehangirChowk,j2,j2_12.csv,HIGH,59.0,32
1900-01-01 11:20:00,LEFT,34.0,17.0,0.0,0.0,51.0,JehangirChowk,j2,j2_12.csv,MEDIUM,42.5,27
1900-01-01 11:20:00,RIGHT,0.0,2.0,0.0,0.0,2.0,JehangirChowk,j2,j2_12.csv,LOW,1.0,15
1900-01-01 11:20:00,UP,1.0,5.0,0.0,1.0,7.0,JehangirChowk,j2,j2_12.csv,MEDIUM,6.5,17
1900-01-01 11:25:00,DOWN,15.0,23.0,1.0,2.0,41.0,JehangirChowk,j2,j2_12.csv,MEDIUM,35.0,25
1900-01-01 11:25:00,LEFT,15.0,2.0,0.0,2.0,19.0,JehangirChowk,j2,j2_12.csv,MEDIUM,22.0,21
1900-01-01 11:25:00,RIGHT,0.0,0.0,0.0,0.0,0.0,JehangirChowk,j2,j2_12.csv,LOW,0.0,15
1900-01-01 11:25:00,UP,0.0,0.0,0.0,0.0,0.0,JehangirChowk,j2,j2_12.csv,LOW,0.0,15
1900-01-01 11:25:00,DOWN,5.0,35.0,0.0,0.0,40.0,JehangirChowk,j2,j2_13_one.csv,MEDIUM,22.5,22
1900-01-01 11:25:00,LEFT,14.0,9.0,0.0,0.0,23.0,JehangirChowk,j2,j2_13_one.csv,MEDIUM,18.5,20
1900-01-01 11:25:00,RIGHT,0.0,0.0,0.0,0.0,0.0,JehangirChowk,j2,j2_13_one.csv,LOW,0.0,15
1900-01-01 11:25:00,UP,1.0,27.0,0.0,2.0,30.0,JehangirChowk,j2,j2_13_one.csv,MEDIUM,20.5,21
1900-01-01 11:30:00,DOWN,23.0,55.0,1.0,3.0,82.0,JehangirChowk,j2,j2_13_one.csv,HIGH,62.0,33
1900-01-01 11:30:00,LEFT,26.0,66.0,1.0,2.0,95.0,JehangirChowk,j2,j2_13_one.csv,HIGH,67.5,35
1900-01-01 11:30:00,RIGHT,0.0,4.0,0.0,0.0,4.0,JehangirChowk,j2,j2_13_one.csv,LOW,2.0,16
1900-01-01 11:30:00,UP,1.0,17.0,1.0,0.0,19.0,JehangirChowk,j2,j2_13_one.csv,MEDIUM,12.0,18
1900-01-01 11:35:00,DOWN,17.0,50.0,0.0,1.0,68.0,JehangirChowk,j2,j2_13_one.csv,MEDIUM,45.0,28
1900-01-01 11:35:00,LEFT,10.0,164.0,0.0,2.0,176.0,JehangirChowk,j2,j2_13_one.csv,VERY_HIGH,98.0,43
1900-01-01 11:35:00,RIGHT,0.0,2.0,0.0,0.0,2.0,JehangirChowk,j2,j2_13_one.csv,LOW,1.0,15
1900-01-01 11:35:00,UP,1.0,19.0,0.0,0.0,20.0,JehangirChowk,j2,j2_13_one.csv,MEDIUM,10.5,18
1900-01-01 11:40:00,DOWN,18.0,38.0,2.0,0.0,58.0,JehangirChowk,j2,j2_13_one.csv,MEDIUM,42.0,27
1900-01-01 11:40:00,LEFT,25.0,13.0,0.0,1.0,39.0,JehangirChowk,j2,j2_13_one.csv,MEDIUM,34.5,25
1900-01-01 11:40:00,RIGHT,0.0,4.0,0.0,0.0,4.0,JehangirChowk,j2,j2_13_one.csv,LOW,2.0,16
1900-01-01 11:40:00,UP,2.0,10.0,0.0,0.0,12.0,JehangirChowk,j2,j2_13_one.csv,MEDIUM,7.0,17
1900-01-01 11:45:00,DOWN,15.0,54.0,0.0,2.0,71.0,JehangirChowk,j2,j2_13_one.csv,MEDIUM,48.0,29
1900-01-01 11:45:00,LEFT,22.0,11.0,1.0,1.0,35.0,JehangirChowk,j2,j2_13_one.csv,MEDIUM,33.0,25
1900-01-01 11:45:00,RIGHT,0.0,2.0,0.0,0.0,2.0,JehangirChowk,j2,j2_13_one.csv,LOW,1.0,15
1900-01-01 11:45:00,UP,4.0,9.0,0.0,0.0,13.0,JehangirChowk,j2,j2_13_one.csv,MEDIUM,8.5,17
1900-01-01 11:50:00,DOWN,14.0,42.0,0.0,1.0,57.0,JehangirChowk,j2,j2_13_one.csv,MEDIUM,38.0,26
1900-01-01 11:50:00,LEFT,21.0,7.0,1.0,0.0,29.0,JehangirChowk,j2,j2_13_one.csv,MEDIUM,27.0,23
1900-01-01 11:50:00,RIGHT,0.0,6.0,0.0,0.0,6.0,JehangirChowk,j2,j2_13_one.csv,MEDIUM,3.0,16
1900-01-01 11:50:00,UP,0.0,23.0,0.0,0.0,23.0,JehangirChowk,j2,j2_13_one.csv,MEDIUM,11.5,18
1900-01-01 11:55:00,DOWN,25.0,29.0,0.0,0.0,54.0,JehangirChowk,j2,j2_13_one.csv,MEDIUM,39.5,26
1900-01-01 11:55:00,LEFT,13.0,3.0,0.0,0.0,16.0,JehangirChowk,j2,j2_13_one.csv,MEDIUM,14.5,19
1900-01-01 11:55:00,RIGHT,1.0,1.0,0.0,0.0,2.0,JehangirChowk,j2,j2_13_one.csv,LOW,1.5,15
1900-01-01 11:55:00,UP,0.0,4.0,0.0,0.0,4.0,JehangirChowk,j2,j2_13_one.csv,LOW,2.0,16
1900-01-01 08:55:00,DOWN,0.0,0.0,0.0,0.0,0.0,JehangirChowk,j2,j2_11.csv,LOW,0.0,15
1900-01-01 08:55:00,LEFT,0.0,1.0,0.0,0.0,1.0,JehangirChowk,j2,j2_11.csv,LOW,0.5,15
1900-01-01 08:55:00,RIGHT,0.0,0.0,0.0,0.0,0.0,JehangirChowk,j2,j2_11.csv,LOW,0.0,15
1900-01-01 08:55:00,UP,0.0,0.0,0.0,0.0,0.0,JehangirChowk,j2,j2_11.csv,LOW,0.0,15
1900-01-01 09:00:00,DOWN,15.0,17.0,1.0,1.0,34.0,JehangirChowk,j2,j2_11.csv,MEDIUM,29.0,23
1900-01-01 09:00:00,LEFT,26.0,6.0,0.0,8.0,40.0,JehangirChowk,j2,j2_11.csv,MEDIUM,53.0,30
1900-01-01 09:00:00,RIGHT,1.0,1.0,0.0,0.0,2.0,JehangirChowk,j2,j2_11.csv,LOW,1.5,15
1900-01-01 09:00:00,UP,0.0,1.0,1.0,0.0,2.0,JehangirChowk,j2,j2_11.csv,LOW,3.0,16
1900-01-01 09:05:00,DOWN,18.0,18.0,4.0,5.0,45.0,JehangirChowk,j2,j2_11.csv,MEDIUM,52.0,30
1900-01-01 09:05:00,LEFT,19.0,1.0,1.0,8.0,29.0,JehangirChowk,j2,j2_11.csv,MEDIUM,46.0,28
1900-01-01 09:05:00,RIGHT,3.0,1.0,0.0,0.0,4.0,JehangirChowk,j2,j2_11.csv,LOW,3.5,16
1900-01-01 09:05:00,UP,3.0,0.0,3.0,2.0,8.0,JehangirChowk,j2,j2_11.csv,MEDIUM,16.5,20
1900-01-01 09:10:00,DOWN,13.0,26.0,2.0,4.0,45.0,JehangirChowk,j2,j2_11.csv,MEDIUM,43.0,27
1900-01-01 09:10:00,LEFT,20.0,10.0,0.0,6.0,36.0,JehangirChowk,j2,j2_11.csv,MEDIUM,43.0,27
1900-01-01 09:10:00,RIGHT,0.0,1.0,0.0,0.0,1.0,JehangirChowk,j2,j2_11.csv,LOW,0.5,15
1900-01-01 09:10:00,UP,0.0,4.0,0.0,0.0,4.0,JehangirChowk,j2,j2_11.csv,LOW,2.0,16
1900-01-01 09:15:00,DOWN,15.0,12.0,2.0,0.0,29.0,JehangirChowk,j2,j2_11.csv,MEDIUM,26.0,23
1900-01-01 09:15:00,LEFT,28.0,1.0,0.0,5.0,34.0,JehangirChowk,j2,j2_11.csv,MEDIUM,43.5,28
1900-01-01 09:15:00,RIGHT,1.0,0.0,0.0,0.0,1.0,JehangirChowk,j2,j2_11.csv,LOW,1.0,15
1900-01-01 09:15:00,UP,0.0,3.0,2.0,0.0,5.0,JehangirChowk,j2,j2_11.csv,MEDIUM,6.5,17
1900-01-01 09:20:00,DOWN,15.0,13.0,2.0,6.0,36.0,JehangirChowk,j2,j2_11.csv,MEDIUM,44.5,28
1900-01-01 09:20:00,LEFT,21.0,4.0,1.0,6.0,32.0,JehangirChowk,j2,j2_11.csv,MEDIUM,43.5,28
1900-01-01 09:20:00,RIGHT,1.0,0.0,0.0,0.0,1.0,JehangirChowk,j2,j2_11.csv,LOW,1.0,15
1900-01-01 09:20:00,UP,0.0,4.0,0.0,0.0,4.0,JehangirChowk,j2,j2_11.csv,LOW,2.0,16
1900-01-01 09:25:00,DOWN,13.0,28.0,2.0,3.0,46.0,JehangirChowk,j2,j2_11.csv,MEDIUM,41.0,27
1900-01-01 09:25:00,LEFT,24.0,9.0,1.0,6.0,40.0,JehangirChowk,j2,j2_11.csv,MEDIUM,49.0,29
1900-01-01 09:25:00,RIGHT,2.0,0.0,0.0,0.0,2.0,JehangirChowk,j2,j2_11.csv,LOW,2.0,16
1900-01-01 09:25:00,UP,0.0,6.0,0.0,0.0,6.0,JehangirChowk,j2,j2_11.csv,MEDIUM,3.0,16
1900-01-01 09:30:00,DOWN,9.0,15.0,5.0,5.0,34.0,JehangirChowk,j2,j2_11.csv,MEDIUM,44.0,28
1900-01-01 09:30:00,LEFT,23.0,3.0,0.0,4.0,30.0,JehangirChowk,j2,j2_11.csv,MEDIUM,36.5,26
1900-01-01 09:30:00,RIGHT,0.0,2.0,0.0,0.0,2.0,JehangirChowk,j2,j2_11.csv,LOW,1.0,15
1900-01-01 09:30:00,UP,1.0,5.0,1.0,0.0,7.0,JehangirChowk,j2,j2_11.csv,MEDIUM,6.0,17
1900-01-01 09:35:00,DOWN,11.0,22.0,2.0,2.0,37.0,JehangirChowk,j2,j2_11.csv,MEDIUM,33.0,25
1900-01-01 09:35:00,LEFT,36.0,9.0,0.0,3.0,48.0,JehangirChowk,j2,j2_11.csv,MEDIUM,49.5,29
1900-01-01 09:35:00,RIGHT,0.0,1.0,0.0,0.0,1.0,JehangirChowk,j2,j2_11.csv,LOW,0.5,15
1900-01-01 09:35:00,UP,0.0,2.0,0.0,0.0,2.0,JehangirChowk,j2,j2_11.csv,LOW,1.0,15
1900-01-01 09:40:00,DOWN,16.0,30.0,2.0,2.0,50.0,JehangirChowk,j2,j2_11.csv,MEDIUM,42.0,27
1900-01-01 09:40:00,LEFT,41.0,9.0,0.0,4.0,54.0,JehangirChowk,j2,j2_11.csv,MEDIUM,57.5,32
1900-01-01 09:40:00,RIGHT,2.0,2.0,0.0,0.0,4.0,JehangirChowk,j2,j2_11.csv,LOW,3.0,16
1900-01-01 09:40:00,UP,1.0,7.0,0.0,0.0,8.0,JehangirChowk,j2,j2_11.csv,MEDIUM,4.5,16
1900-01-01 09:45:00,DOWN,13.0,27.0,0.0,3.0,43.0,JehangirChowk,j2,j2_11.csv,MEDIUM,35.5,25
1900-01-01 09:45:00,LEFT,24.0,3.0,0.0,3.0,30.0,JehangirChowk,j2,j2_11.csv,MEDIUM,34.5,25
1900-01-01 09:45:00,RIGHT,0.0,0.0,0.0,0.0,0.0,JehangirChowk,j2,j2_11.csv,LOW,0.0,15
1900-01-01 09:45:00,UP,0.0,2.0,0.0,1.0,3.0,JehangirChowk,j2,j2_11.csv,LOW,4.0,16
1900-01-01 09:50:00,DOWN,17.0,15.0,1.0,2.0,35.0,JehangirChowk,j2,j2_11.csv,MEDIUM,33.0,25
1900-01-01 09:50:00,LEFT,36.0,4.0,0.0,5.0,45.0,JehangirChowk,j2,j2_11.csv,MEDIUM,53.0,30
1900-01-01 09:50:00,RIGHT,1.0,1.0,0.0,0.0,2.0,JehangirChowk,j2,j2_11.csv,LOW,1.5,15
1900-01-01 09:50:00,UP,0.0,6.0,0.0,0.0,6.0,JehangirChowk,j2,j2_11.csv,MEDIUM,3.0,16
1900-01-01 09:55:00,DOWN,22.0,21.0,1.0,2.0,46.0,JehangirChowk,j2,j2_11.csv,MEDIUM,41.0,27
1900-01-01 09:55:00,LEFT,33.0,7.0,0.0,5.0,45.0,JehangirChowk,j2,j2_11.csv,MEDIUM,51.5,30
1900-01-01 09:55:00,RIGHT,0.0,1.0,0.0,0.0,1.0,JehangirChowk,j2,j2_11.csv,LOW,0.5,15
1900-01-01 09:55:00,UP,1.0,2.0,0.0,0.0,3.0,JehangirChowk,j2,j2_11.csv,LOW,2.0,16
1900-01-01 10:00:00,DOWN,17.0,29.0,3.0,2.0,51.0,JehangirChowk,j2,j2_11.csv,MEDIUM,45.0,28
1900-01-01 10:00:00,LEFT,18.0,14.0,1.0,4.0,37.0,JehangirChowk,j2,j2_11.csv,MEDIUM,39.5,26
1900-01-01 10:00:00,RIGHT,0.0,1.0,0.0,0.0,1.0,JehangirChowk,j2,j2_11.csv,LOW,0.5,15
1900-01-01 10:00:00,UP,5.0,1.0,0.0,0.0,6.0,JehangirChowk,j2,j2_11.csv,MEDIUM,5.5,17
1900-01-01 10:05:00,DOWN,20.0,21.0,3.0,3.0,47.0,JehangirChowk,j2,j2_11.csv,MEDIUM,47.0,29
1900-01-01 10:05:00,LEFT,34.0,11.0,0.0,3.0,48.0,JehangirChowk,j2,j2_11.csv,MEDIUM,48.5,29
1900-01-01 10:05:00,RIGHT,0.0,0.0,0.0,0.0,0.0,JehangirChowk,j2,j2_11.csv,LOW,0.0,15
1900-01-01 10:05:00,UP,5.0,2.0,1.0,1.0,9.0,JehangirChowk,j2,j2_11.csv,MEDIUM,11.5,18
1900-01-01 10:10:00,DOWN,22.0,19.0,2.0,4.0,47.0,JehangirChowk,j2,j2_11.csv,MEDIUM,48.5,29
1900-01-01 10:10:00,LEFT,21.0,3.0,0.0,3.0,27.0,JehangirChowk,j2,j2_11.csv,MEDIUM,31.5,24
1900-01-01 10:10:00,RIGHT,1.0,0.0,0.0,0.0,1.0,JehangirChowk,j2,j2_11.csv,LOW,1.0,15
1900-01-01 10:10:00,UP,0.0,3.0,0.0,0.0,3.0,JehangirChowk,j2,j2_11.csv,LOW,1.5,15
1900-01-01 10:15:00,DOWN,11.0,15.0,3.0,3.0,32.0,JehangirChowk,j2,j2_11.csv,MEDIUM,35.0,25
1900-01-01 10:15:00,LEFT,19.0,10.0,0.0,3.0,32.0,JehangirChowk,j2,j2_11.csv,MEDIUM,33.0,25
1900-01-01 10:15:00,RIGHT,1.0,2.0,0.0,0.0,3.0,JehangirChowk,j2,j2_11.csv,LOW,2.0,16
1900-01-01 10:15:00,UP,0.0,3.0,0.0,0.0,3.0,JehangirChowk,j2,j2_11.csv,LOW,1.5,15
1900-01-01 10:20:00,DOWN,25.0,11.0,0.0,3.0,39.0,JehangirChowk,j2,j2_11.csv,MEDIUM,39.5,26
1900-01-01 10:20:00,LEFT,35.0,3.0,1.0,8.0,47.0,JehangirChowk,j2,j2_11.csv,MEDIUM,63.0,33
1900-01-01 10:20:00,RIGHT,0.0,1.0,0.0,0.0,1.0,JehangirChowk,j2,j2_11.csv,LOW,0.5,15
1900-01-01 10:20:00,UP,0.0,1.0,0.0,0.0,1.0,JehangirChowk,j2,j2_11.csv,LOW,0.5,15
1900-01-01 10:25:00,DOWN,17.0,24.0,3.0,3.0,47.0,JehangirChowk,j2,j2_11.csv,MEDIUM,45.5,28
1900-01-01 10:25:00,LEFT,20.0,2.0,0.0,11.0,33.0,JehangirChowk,j2,j2_11.csv,MEDIUM,54.0,31
1900-01-01 10:25:00,RIGHT,0.0,1.0,0.0,0.0,1.0,JehangirChowk,j2,j2_11.csv,LOW,0.5,15
1900-01-01 10:25:00,UP,0.0,5.0,1.0,0.0,6.0,JehangirChowk,j2,j2_11.csv,MEDIUM,5.0,16
1900-01-01 10:30:00,DOWN,26.0,22.0,1.0,1.0,50.0,JehangirChowk,j2,j2_11.csv,MEDIUM,42.5,27
1900-01-01 10:30:00,LEFT,27.0,2.0,1.0,11.0,41.0,JehangirChowk,j2,j2_11.csv,MEDIUM,63.5,33
1900-01-01 10:30:00,RIGHT,0.0,0.0,0.0,0.0,0.0,JehangirChowk,j2,j2_11.csv,LOW,0.0,15
1900-01-01 10:30:00,UP,1.0,0.0,0.0,0.0,1.0,JehangirChowk,j2,j2_11.csv,LOW,1.0,15
1900-01-01 10:35:00,DOWN,28.0,19.0,1.0,8.0,56.0,JehangirChowk,j2,j2_11.csv,MEDIUM,64.0,34
1900-01-01 10:35:00,LEFT,28.0,1.0,1.0,8.0,38.0,JehangirChowk,j2,j2_11.csv,MEDIUM,55.0,31
1900-01-01 10:35:00,RIGHT,0.0,0.0,0.0,0.0,0.0,JehangirChowk,j2,j2_11.csv,LOW,0.0,15
1900-01-01 10:35:00,UP,0.0,3.0,0.0,0.0,3.0,JehangirChowk,j2,j2_11.csv,LOW,1.5,15
1900-01-01 10:40:00,DOWN,26.0,22.0,3.0,5.0,56.0,JehangirChowk,j2,j2_11.csv,MEDIUM,59.5,32
1900-01-01 10:40:00,LEFT,31.0,5.0,0.0,2.0,38.0,JehangirChowk,j2,j2_11.csv,MEDIUM,39.5,26
1900-01-01 10:40:00,RIGHT,0.0,1.0,0.0,0.0,1.0,JehangirChowk,j2,j2_11.csv,LOW,0.5,15
1900-01-01 10:40:00,UP,0.0,18.0,0.0,0.0,18.0,JehangirChowk,j2,j2_11.csv,MEDIUM,9.0,18
1900-01-01 10:45:00,DOWN,26.0,19.0,2.0,2.0,49.0,JehangirChowk,j2,j2_11.csv,MEDIUM,46.5,28
1900-01-01 10:45:00,LEFT,37.0,11.0,2.0,5.0,55.0,JehangirChowk,j2,j2_11.csv,MEDIUM,62.5,33
1900-01-01 10:45:00,RIGHT,0.0,1.0,0.0,0.0,1.0,JehangirChowk,j2,j2_11.csv,LOW,0.5,15
1900-01-01 10:45:00,UP,0.0,2.0,0.0,0.0,2.0,JehangirChowk,j2,j2_11.csv,LOW,1.0,15
1900-01-01 10:50:00,DOWN,14.0,28.0,0.0,1.0,43.0,JehangirChowk,j2,j2_11.csv,MEDIUM,31.0,24
1900-01-01 10:50:00,LEFT,36.0,4.0,0.0,3.0,43.0,JehangirChowk,j2,j2_11.csv,MEDIUM,47.0,29
1900-01-01 10:50:00,RIGHT,0.0,0.0,0.0,0.0,0.0,JehangirChowk,j2,j2_11.csv,LOW,0.0,15
1900-01-01 10:50:00,UP,0.0,13.0,0.0,0.0,13.0,JehangirChowk,j2,j2_11.csv,MEDIUM,6.5,17
1900-01-01 10:55:00,DOWN,33.0,37.0,2.0,5.0,77.0,JehangirChowk,j2,j2_11.csv,HIGH,71.5,36
1900-01-01 10:55:00,LEFT,35.0,5.0,0.0,6.0,46.0,JehangirChowk,j2,j2_11.csv,MEDIUM,55.5,31
1900-01-01 10:55:00,RIGHT,2.0,0.0,0.0,0.0,2.0,JehangirChowk,j2,j2_11.csv,LOW,2.0,16
1900-01-01 10:55:00,UP,1.0,3.0,0.0,0.0,4.0,JehangirChowk,j2,j2_11.csv,LOW,2.5,16
1900-01-01 11:00:00,DOWN,21.0,18.0,0.0,0.0,39.0,JehangirChowk,j2,j2_11.csv,MEDIUM,30.0,24
1900-01-01 11:00:00,LEFT,23.0,9.0,0.0,3.0,35.0,JehangirChowk,j2,j2_11.csv,MEDIUM,36.5,26
1900-01-01 11:00:00,RIGHT,1.0,2.0,0.0,0.0,3.0,JehangirChowk,j2,j2_11.csv,LOW,2.0,16
1900-01-01 11:00:00,UP,1.0,7.0,0.0,0.0,8.0,JehangirChowk,j2,j2_11.csv,MEDIUM,4.5,16
1900-01-01 11:05:00,DOWN,32.0,24.0,5.0,3.0,64.0,JehangirChowk,j2,j2_11.csv,MEDIUM,65.5,34
1900-01-01 11:05:00,LEFT,34.0,2.0,0.0,5.0,41.0,JehangirChowk,j2,j2_11.csv,MEDIUM,50.0,29
1900-01-01 11:05:00,RIGHT,2.0,0.0,0.0,0.0,2.0,JehangirChowk,j2,j2_11.csv,LOW,2.0,16
1900-01-01 11:05:00,UP,0.0,6.0,0.0,0.0,6.0,JehangirChowk,j2,j2_11.csv,MEDIUM,3.0,16
1900-01-01 11:10:00,DOWN,28.0,25.0,2.0,4.0,59.0,JehangirChowk,j2,j2_11.csv,MEDIUM,57.5,32
1900-01-01 11:10:00,LEFT,46.0,8.0,2.0,4.0,60.0,JehangirChowk,j2,j2_11.csv,MEDIUM,67.0,34
1900-01-01 11:10:00,RIGHT,1.0,1.0,0.0,0.0,2.0,JehangirChowk,j2,j2_11.csv,LOW,1.5,15
1900-01-01 11:10:00,UP,4.0,5.0,0.0,0.0,9.0,JehangirChowk,j2,j2_11.csv,MEDIUM,6.5,17
1900-01-01 11:15:00,DOWN,33.0,24.0,2.0,5.0,64.0,JehangirChowk,j2,j2_11.csv,MEDIUM,65.0,34
1900-01-01 11:15:00,LEFT,29.0,8.0,2.0,9.0,48.0,JehangirChowk,j2,j2_11.csv,MEDIUM,65.0,34
1900-01-01 11:15:00,RIGHT,1.0,1.0,0.0,0.0,2.0,JehangirChowk,j2,j2_11.csv,LOW,1.5,15
1900-01-01 11:15:00,UP,4.0,1.0,4.0,1.0,10.0,JehangirChowk,j2,j2_11.csv,MEDIUM,17.5,20
1900-01-01 11:20:00,DOWN,18.0,29.0,5.0,2.0,54.0,JehangirChowk,j2,j2_11.csv,MEDIUM,51.0,30
1900-01-01 11:20:00,LEFT,29.0,6.0,0.0,10.0,45.0,JehangirChowk,j2,j2_11.csv,MEDIUM,62.0,33
1900-01-01 11:20:00,RIGHT,0.0,0.0,0.0,0.0,0.0,JehangirChowk,j2,j2_11.csv,LOW,0.0,15
1900-01-01 11:20:00,UP,0.0,5.0,0.0,0.0,5.0,JehangirChowk,j2,j2_11.csv,MEDIUM,2.5,16
1900-01-01 11:25:00,DOWN,17.0,8.0,1.0,2.0,28.0,JehangirChowk,j2,j2_18_one.csv,MEDIUM,29.5,24
1900-01-01 11:25:00,LEFT,20.0,7.0,0.0,6.0,33.0,JehangirChowk,j2,j2_18_one.csv,MEDIUM,41.5,27
1900-01-01 11:25:00,RIGHT,0.0,1.0,0.0,0.0,1.0,JehangirChowk,j2,j2_18_one.csv,LOW,0.5,15
1900-01-01 11:25:00,UP,6.0,4.0,0.0,0.0,10.0,JehangirChowk,j2,j2_18_one.csv,MEDIUM,8.0,17
1900-01-01 11:30:00,DOWN,20.0,11.0,7.0,2.0,40.0,JehangirChowk,j2,j2_18_one.csv,MEDIUM,49.0,29
1900-01-01 11:30:00,LEFT,20.0,4.0,1.0,8.0,33.0,JehangirChowk,j2,j2_18_one.csv,MEDIUM,48.5,29
1900-01-01 11:30:00,RIGHT,0.0,0.0,0.0,0.0,0.0,JehangirChowk,j2,j2_18_one.csv,LOW,0.0,15
1900-01-01 11:30:00,UP,5.0,12.0,0.0,0.0,17.0,JehangirChowk,j2,j2_18_one.csv,MEDIUM,11.0,18
1900-01-01 11:35:00,DOWN,18.0,31.0,1.0,3.0,53.0,JehangirChowk,j2,j2_18_one.csv,MEDIUM,45.0,28
1900-01-01 11:35:00,LEFT,34.0,5.0,1.0,3.0,43.0,JehangirChowk,j2,j2_18_one.csv,MEDIUM,48.0,29
1900-01-01 11:35:00,RIGHT,1.0,0.0,0.0,0.0,1.0,JehangirChowk,j2,j2_18_one.csv,LOW,1.0,15
1900-01-01 11:35:00,UP,15.0,18.0,6.0,1.0,40.0,JehangirChowk,j2,j2_18_one.csv,MEDIUM,42.0,27
1900-01-01 11:40:00,DOWN,24.0,24.0,4.0,5.0,57.0,JehangirChowk,j2,j2_18_one.csv,MEDIUM,61.0,33
1900-01-01 11:40:00,LEFT,21.0,5.0,0.0,3.0,29.0,JehangirChowk,j2,j2_18_one.csv,MEDIUM,32.5,24
1900-01-01 11:40:00,RIGHT,1.0,2.0,0.0,0.0,3.0,JehangirChowk,j2,j2_18_one.csv,LOW,2.0,16
1900-01-01 11:40:00,UP,11.0,5.0,3.0,2.0,21.0,JehangirChowk,j2,j2_18_one.csv,MEDIUM,27.0,23
1900-01-01 11:45:00,DOWN,19.0,26.0,2.0,4.0,51.0,JehangirChowk,j2,j2_18_one.csv,MEDIUM,49.0,29
1900-01-01 11:45:00,LEFT,23.0,14.0,0.0,4.0,41.0,JehangirChowk,j2,j2_18_one.csv,MEDIUM,42.0,27
1900-01-01 11:45:00,RIGHT,0.0,0.0,0.0,0.0,0.0,JehangirChowk,j2,j2_18_one.csv,LOW,0.0,15
1900-01-01 11:45:00,UP,1.0,21.0,0.0,0.0,22.0,JehangirChowk,j2,j2_18_one.csv,MEDIUM,11.5,18
1900-01-01 11:50:00,DOWN,17.0,33.0,1.0,2.0,53.0,JehangirChowk,j2,j2_18_one.csv,MEDIUM,42.0,27
1900-01-01 11:50:00,LEFT,19.0,7.0,0.0,6.0,32.0,JehangirChowk,j2,j2_18_one.csv,MEDIUM,40.5,27
1900-01-01 11:50:00,RIGHT,1.0,0.0,0.0,0.0,1.0,JehangirChowk,j2,j2_18_one.csv,LOW,1.0,15
1900-01-01 11:50:00,UP,0.0,11.0,0.0,0.0,11.0,JehangirChowk,j2,j2_18_one.csv,MEDIUM,5.5,17
1900-01-01 11:55:00,DOWN,26.0,21.0,1.0,1.0,49.0,JehangirChowk,j2,j2_18_one.csv,MEDIUM,42.0,27
1900-01-01 11:55:00,LEFT,21.0,3.0,0.0,5.0,29.0,JehangirChowk,j2,j2_18_one.csv,MEDIUM,37.5,26
1900-01-01 11:55:00,RIGHT,0.0,0.0,0.0,0.0,0.0,JehangirChowk,j2,j2_18_one.csv,LOW,0.0,15
1900-01-01 11:55:00,UP,4.0,0.0,0.0,0.0,4.0,JehangirChowk,j2,j2_18_one.csv,LOW,4.0,16
1900-01-01 11:20:00,DOWN,0.0,1.0,0.0,0.0,1.0,JehangirChowk,j2,j2_11_one.csv,LOW,0.5,15
1900-01-01 11:20:00,LEFT,5.0,1.0,0.0,0.0,6.0,JehangirChowk,j2,j2_11_one.csv,MEDIUM,5.5,17
1900-01-01 11:20:00,RIGHT,0.0,0.0,0.0,0.0,0.0,JehangirChowk,j2,j2_11_one.csv,LOW,0.0,15
1900-01-01 11:20:00,UP,0.0,2.0,0.0,0.0,2.0,JehangirChowk,j2,j2_11_one.csv,LOW,1.0,15
1900-01-01 11:25:00,DOWN,31.0,31.0,2.0,4.0,68.0,JehangirChowk,j2,j2_11_one.csv,MEDIUM,63.5,33
1900-01-01 11:25:00,LEFT,31.0,9.0,0.0,9.0,49.0,JehangirChowk,j2,j2_11_one.csv,MEDIUM,62.5,33
1900-01-01 11:25:00,RIGHT,1.0,0.0,0.0,0.0,1.0,JehangirChowk,j2,j2_11_one.csv,LOW,1.0,15
1900-01-01 11:25:00,UP,0.0,21.0,0.0,0.0,21.0,JehangirChowk,j2,j2_11_one.csv,MEDIUM,10.5,18
1900-01-01 11:30:00,DOWN,28.0,19.0,1.0,1.0,49.0,JehangirChowk,j2,j2_11_one.csv,MEDIUM,43.0,27
1900-01-01 11:30:00,LEFT,37.0,3.0,0.0,3.0,43.0,JehangirChowk,j2,j2_11_one.csv,MEDIUM,47.5,29
1900-01-01 11:30:00,RIGHT,0.0,0.0,0.0,0.0,0.0,JehangirChowk,j2,j2_11_one.csv,LOW,0.0,15
1900-01-01 11:30:00,UP,1.0,2.0,1.0,0.0,4.0,JehangirChowk,j2,j2_11_one.csv,LOW,4.5,16
1900-01-01 11:35:00,DOWN,13.0,36.0,1.0,1.0,51.0,JehangirChowk,j2,j2_11_one.csv,MEDIUM,36.5,26
1900-01-01 11:35:00,LEFT,21.0,22.0,0.0,13.0,56.0,JehangirChowk,j2,j2_11_one.csv,MEDIUM,71.0,36
1900-01-01 11:35:00,RIGHT,0.0,0.0,0.0,0.0,0.0,JehangirChowk,j2,j2_11_one.csv,LOW,0.0,15
1900-01-01 11:35:00,UP,1.0,45.0,1.0,1.0,48.0,JehangirChowk,j2,j2_11_one.csv,MEDIUM,29.0,23
1900-01-01 11:40:00,DOWN,22.0,21.0,4.0,5.0,52.0,JehangirChowk,j2,j2_11_one.csv,MEDIUM,57.5,32
1900-01-01 11:40:00,LEFT,26.0,8.0,0.0,10.0,44.0,JehangirChowk,j2,j2_11_one.csv,MEDIUM,60.0,32
1900-01-01 11:40:00,RIGHT,1.0,1.0,0.0,0.0,2.0,JehangirChowk,j2,j2_11_one.csv,LOW,1.5,15
1900-01-01 11:40:00,UP,1.0,5.0,0.0,0.0,6.0,JehangirChowk,j2,j2_11_one.csv,MEDIUM,3.5,16
1900-01-01 11:45:00,DOWN,15.0,25.0,2.0,0.0,42.0,JehangirChowk,j2,j2_11_one.csv,MEDIUM,32.5,24
1900-01-01 11:45:00,LEFT,39.0,8.0,2.0,6.0,55.0,JehangirChowk,j2,j2_11_one.csv,MEDIUM,66.0,34
1900-01-01 11:45:00,RIGHT,0.0,0.0,0.0,0.0,0.0,JehangirChowk,j2,j2_11_one.csv,LOW,0.0,15
1900-01-01 11:45:00,UP,7.0,14.0,1.0,0.0,22.0,JehangirChowk,j2,j2_11_one.csv,MEDIUM,16.5,20
1900-01-01 11:50:00,DOWN,23.0,13.0,3.0,5.0,44.0,JehangirChowk,j2,j2_11_one.csv,MEDIUM,52.0,30
1900-01-01 11:50:00,LEFT,31.0,2.0,0.0,8.0,41.0,JehangirChowk,j2,j2_11_one.csv,MEDIUM,56.0,31
1900-01-01 11:50:00,RIGHT,1.0,1.0,0.0,0.0,2.0,JehangirChowk,j2,j2_11_one.csv,LOW,1.5,15
1900-01-01 11:50:00,UP,8.0,14.0,1.0,1.0,24.0,JehangirChowk,j2,j2_11_one.csv,MEDIUM,20.5,21
1900-01-01 11:55:00,DOWN,25.0,23.0,3.0,3.0,54.0,JehangirChowk,j2,j2_11_one.csv,MEDIUM,53.0,30
1900-01-01 11:55:00,LEFT,19.0,6.0,0.0,10.0,35.0,JehangirChowk,j2,j2_11_one.csv,MEDIUM,52.0,30
1900-01-01 11:55:00,RIGHT,0.0,3.0,0.0,0.0,3.0,JehangirChowk,j2,j2_11_one.csv,LOW,1.5,15
1900-01-01 11:55:00,UP,0.0,19.0,0.0,1.0,20.0,JehangirChowk,j2,j2_11_one.csv,MEDIUM,12.5,19
1900-01-01 08:55:00,DOWN,0.0,0.0,0.0,0.0,0.0,JehangirChowk,j3,j3_17.csv,LOW,0.0,15
1900-01-01 08:55:00,LEFT,0.0,1.0,0.0,0.0,1.0,JehangirChowk,j3,j3_17.csv,LOW,0.5,15
1900-01-01 08:55:00,RIGHT,0.0,0.0,0.0,0.0,0.0,JehangirChowk,j3,j3_17.csv,LOW,0.0,15
1900-01-01 08:55:00,UP,0.0,0.0,0.0,0.0,0.0,JehangirChowk,j3,j3_17.csv,LOW,0.0,15
1900-01-01 09:00:00,DOWN,2.0,0.0,1.0,0.0,3.0,JehangirChowk,j3,j3_17.csv,LOW,4.5,16
1900-01-01 09:00:00,LEFT,48.0,61.0,6.0,20.0,135.0,JehangirChowk,j3,j3_17.csv,HIGH,153.5,59
1900-01-01 09:00:00,RIGHT,3.0,7.0,3.0,1.0,14.0,JehangirChowk,j3,j3_17.csv,MEDIUM,17.0,20
1900-01-01 09:00:00,UP,14.0,0.0,0.0,1.0,15.0,JehangirChowk,j3,j3_17.csv,MEDIUM,17.0,20
1900-01-01 09:05:00,DOWN,0.0,0.0,0.0,1.0,1.0,JehangirChowk,j3,j3_17.csv,LOW,3.0,16
1900-01-01 09:05:00,LEFT,31.0,76.0,5.0,17.0,129.0,JehangirChowk,j3,j3_17.csv,HIGH,132.5,53
1900-01-01 09:05:00,RIGHT,4.0,5.0,4.0,1.0,14.0,JehangirChowk,j3,j3_17.csv,MEDIUM,19.5,21
1900-01-01 09:05:00,UP,4.0,0.0,3.0,0.0,7.0,JehangirChowk,j3,j3_17.csv,MEDIUM,11.5,18
1900-01-01 09:10:00,DOWN,0.0,0.0,1.0,0.0,1.0,JehangirChowk,j3,j3_17.csv,LOW,2.5,16
1900-01-01 09:10:00,LEFT,38.0,48.0,8.0,17.0,111.0,JehangirChowk,j3,j3_17.csv,HIGH,133.0,53
1900-01-01 09:10:00,RIGHT,5.0,7.0,5.0,3.0,20.0,JehangirChowk,j3,j3_17.csv,MEDIUM,30.0,24
1900-01-01 09:10:00,UP,13.0,0.0,0.0,2.0,15.0,JehangirChowk,j3,j3_17.csv,MEDIUM,19.0,20
1900-01-01 09:15:00,DOWN,2.0,0.0,0.0,0.0,2.0,JehangirChowk,j3,j3_17.csv,LOW,2.0,16
1900-01-01 09:15:00,LEFT,40.0,73.0,9.0,12.0,134.0,JehangirChowk,j3,j3_17.csv,HIGH,135.0,54
1900-01-01 09:15:00,RIGHT,3.0,6.0,4.0,1.0,14.0,JehangirChowk,j3,j3_17.csv,MEDIUM,19.0,20
1900-01-01 09:15:00,UP,7.0,0.0,2.0,0.0,9.0,JehangirChowk,j3,j3_17.csv,MEDIUM,12.0,18
1900-01-01 09:20:00,DOWN,3.0,0.0,0.0,1.0,4.0,JehangirChowk,j3,j3_17.csv,LOW,6.0,17
1900-01-01 09:20:00,LEFT,44.0,73.0,7.0,13.0,137.0,JehangirChowk,j3,j3_17.csv,HIGH,137.0,55
1900-01-01 09:20:00,RIGHT,3.0,2.0,2.0,3.0,10.0,JehangirChowk,j3,j3_17.csv,MEDIUM,18.0,20
1900-01-01 09:20:00,UP,11.0,0.0,0.0,2.0,13.0,JehangirChowk,j3,j3_17.csv,MEDIUM,17.0,20
1900-01-01 09:25:00,DOWN,0.0,0.0,0.0,0.0,0.0,JehangirChowk,j3,j3_17.csv,LOW,0.0,15
1900-01-01 09:25:00,LEFT,44.0,74.0,2.0,11.0,131.0,JehangirChowk,j3,j3_17.csv,HIGH,119.0,49
1900-01-01 09:25:00,RIGHT,2.0,14.0,5.0,1.0,22.0,JehangirChowk,j3,j3_17.csv,MEDIUM,24.5,22
1900-01-01 09:25:00,UP,15.0,0.0,0.0,2.0,17.0,JehangirChowk,j3,j3_17.csv,MEDIUM,21.0,21
1900-01-01 09:30:00,DOWN,2.0,0.0,1.0,1.0,4.0,JehangirChowk,j3,j3_17.csv,LOW,7.5,17
1900-01-01 09:30:00,LEFT,28.0,69.0,6.0,12.0,115.0,JehangirChowk,j3,j3_17.csv,HIGH,113.5,48
1900-01-01 09:30:00,RIGHT,5.0,2.0,6.0,1.0,14.0,JehangirChowk,j3,j3_17.csv,MEDIUM,24.0,22
1900-01-01 09:30:00,UP,13.0,0.0,1.0,0.0,14.0,JehangirChowk,j3,j3_17.csv,MEDIUM,15.5,19
1900-01-01 09:35:00,DOWN,0.0,0.0,0.0,0.0,0.0,JehangirChowk,j3,j3_17.csv,LOW,0.0,15
1900-01-01 09:35:00,LEFT,32.0,58.0,5.0,13.0,108.0,JehangirChowk,j3,j3_17.csv,HIGH,112.5,48
1900-01-01 09:35:00,RIGHT,3.0,6.0,3.0,7.0,19.0,JehangirChowk,j3,j3_17.csv,MEDIUM,34.5,25
1900-01-01 09:35:00,UP,15.0,0.0,0.0,1.0,16.0,JehangirChowk,j3,j3_17.csv,MEDIUM,18.0,20
1900-01-01 09:40:00,DOWN,1.0,0.0,0.0,0.0,1.0,JehangirChowk,j3,j3_17.csv,LOW,1.0,15
1900-01-01 09:40:00,LEFT,36.0,75.0,10.0,16.0,137.0,JehangirChowk,j3,j3_17.csv,HIGH,146.5,57
1900-01-01 09:40:00,RIGHT,6.0,5.0,2.0,4.0,17.0,JehangirChowk,j3,j3_17.csv,MEDIUM,25.5,22
1900-01-01 09:40:00,UP,10.0,0.0,2.0,1.0,13.0,JehangirChowk,j3,j3_17.csv,MEDIUM,18.0,20
1900-01-01 09:45:00,DOWN,2.0,0.0,0.0,0.0,2.0,JehangirChowk,j3,j3_17.csv,LOW,2.0,16
1900-01-01 09:45:00,LEFT,38.0,83.0,10.0,10.0,141.0,JehangirChowk,j3,j3_17.csv,HIGH,134.5,54
1900-01-01 09:45:00,RIGHT,5.0,9.0,6.0,5.0,25.0,JehangirChowk,j3,j3_17.csv,MEDIUM,39.5,26
1900-01-01 09:45:00,UP,6.0,0.0,0.0,0.0,6.0,JehangirChowk,j3,j3_17.csv,MEDIUM,6.0,17
1900-01-01 09:50:00,DOWN,0.0,0.0,0.0,0.0,0.0,JehangirChowk,j3,j3_17.csv,LOW,0.0,15
1900-01-01 09:50:00,LEFT,46.0,95.0,9.0,14.0,164.0,JehangirChowk,j3,j3_17.csv,VERY_HIGH,158.0,60
1900-01-01 09:50:00,RIGHT,8.0,5.0,4.0,1.0,18.0,JehangirChowk,j3,j3_17.csv,MEDIUM,23.5,22
1900-01-01 09:50:00,UP,7.0,0.0,0.0,0.0,7.0,JehangirChowk,j3,j3_17.csv,MEDIUM,7.0,17
1900-01-01 09:55:00,DOWN,4.0,0.0,0.0,1.0,5.0,JehangirChowk,j3,j3_17.csv,MEDIUM,7.0,17
1900-01-01 09:55:00,LEFT,40.0,92.0,8.0,16.0,156.0,JehangirChowk,j3,j3_17.csv,VERY_HIGH,154.0,60
1900-01-01 09:55:00,RIGHT,7.0,8.0,3.0,0.0,18.0,JehangirChowk,j3,j3_17.csv,MEDIUM,18.5,20
1900-01-01 09:55:00,UP,7.0,1.0,0.0,0.0,8.0,JehangirChowk,j3,j3_17.csv,MEDIUM,7.5,17
1900-01-01 10:00:00,DOWN,3.0,1.0,0.0,0.0,4.0,JehangirChowk,j3,j3_17.csv,LOW,3.5,16
1900-01-01 10:00:00,LEFT,53.0,73.0,8.0,17.0,151.0,JehangirChowk,j3,j3_17.csv,HIGH,160.5,60
1900-01-01 10:00:00,RIGHT,8.0,5.0,4.0,2.0,19.0,JehangirChowk,j3,j3_17.csv,MEDIUM,26.5,23
1900-01-01 10:00:00,UP,7.0,0.0,1.0,3.0,11.0,JehangirChowk,j3,j3_17.csv,MEDIUM,18.5,20
1900-01-01 10:05:00,DOWN,2.0,0.0,0.0,0.0,2.0,JehangirChowk,j3,j3_17.csv,LOW,2.0,16
1900-01-01 10:05:00,LEFT,49.0,89.0,8.0,18.0,164.0,JehangirChowk,j3,j3_17.csv,VERY_HIGH,167.5,60
1900-01-01 10:05:00,RIGHT,4.0,4.0,5.0,0.0,13.0,JehangirChowk,j3,j3_17.csv,MEDIUM,18.5,20
1900-01-01 10:05:00,UP,12.0,0.0,0.0,1.0,13.0,JehangirChowk,j3,j3_17.csv,MEDIUM,15.0,19
1900-01-01 10:10:00,DOWN,1.0,0.0,0.0,0.0,1.0,JehangirChowk,j3,j3_17.csv,LOW,1.0,15
1900-01-01 10:10:00,LEFT,44.0,71.0,6.0,17.0,138.0,JehangirChowk,j3,j3_17.csv,HIGH,145.5,57
1900-01-01 10:10:00,RIGHT,4.0,4.0,2.0,2.0,12.0,JehangirChowk,j3,j3_17.csv,MEDIUM,17.0,20
1900-01-01 10:10:00,UP,6.0,0.0,2.0,0.0,8.0,JehangirChowk,j3,j3_17.csv,MEDIUM,11.0,18
1900-01-01 10:15:00,DOWN,1.0,0.0,0.0,0.0,1.0,JehangirChowk,j3,j3_17.csv,LOW,1.0,15
1900-01-01 10:15:00,LEFT,51.0,92.0,5.0,15.0,163.0,JehangirChowk,j3,j3_17.csv,VERY_HIGH,154.5,60
1900-01-01 10:15:00,RIGHT,3.0,8.0,9.0,2.0,22.0,JehangirChowk,j3,j3_17.csv,MEDIUM,35.5,25
1900-01-01 10:15:00,UP,10.0,0.0,0.0,0.0,10.0,JehangirChowk,j3,j3_17.csv,MEDIUM,10.0,18
1900-01-01 10:20:00,DOWN,2.0,0.0,0.0,0.0,2.0,JehangirChowk,j3,j3_17.csv,LOW,2.0,16
1900-01-01 10:20:00,LEFT,60.0,68.0,7.0,14.0,149.0,JehangirChowk,j3,j3_17.csv,HIGH,153.5,59
1900-01-01 10:20:00,RIGHT,6.0,6.0,3.0,2.0,17.0,JehangirChowk,j3,j3_17.csv,MEDIUM,22.5,22
1900-01-01 10:20:00,UP,11.0,0.0,0.0,0.0,11.0,JehangirChowk,j3,j3_17.csv,MEDIUM,11.0,18
1900-01-01 10:25:00,DOWN,3.0,0.0,0.0,0.0,3.0,JehangirChowk,j3,j3_17.csv,LOW,3.0,16
1900-01-01 10:25:00,LEFT,53.0,83.0,8.0,12.0,156.0,JehangirChowk,j3,j3_17.csv,VERY_HIGH,150.5,59
1900-01-01 10:25:00,RIGHT,6.0,7.0,4.0,0.0,17.0,JehangirChowk,j3,j3_17.csv,MEDIUM,19.5,21
1900-01-01 10:25:00,UP,13.0,1.0,1.0,0.0,15.0,JehangirChowk,j3,j3_17.csv,MEDIUM,16.0,20
1900-01-01 10:30:00,DOWN,3.0,0.0,0.0,0.0,3.0,JehangirChowk,j3,j3_17.csv,LOW,3.0,16
1900-01-01 10:30:00,LEFT,46.0,79.0,8.0,11.0,144.0,JehangirChowk,j3,j3_17.csv,HIGH,138.5,55
1900-01-01 10:30:00,RIGHT,7.0,5.0,6.0,1.0,19.0,JehangirChowk,j3,j3_17.csv,MEDIUM,27.5,23
1900-01-01 10:30:00,UP,22.0,0.0,1.0,0.0,23.0,JehangirChowk,j3,j3_17.csv,MEDIUM,24.5,22
1900-01-01 10:35:00,DOWN,4.0,3.0,0.0,2.0,9.0,JehangirChowk,j3,j3_17.csv,MEDIUM,11.5,18
1900-01-01 10:35:00,LEFT,60.0,65.0,4.0,14.0,143.0,JehangirChowk,j3,j3_17.csv,HIGH,144.5,57
1900-01-01 10:35:00,RIGHT,11.0,5.0,3.0,3.0,22.0,JehangirChowk,j3,j3_17.csv,MEDIUM,30.0,24
1900-01-01 10:35:00,UP,11.0,0.0,1.0,2.0,14.0,JehangirChowk,j3,j3_17.csv,MEDIUM,19.5,21
1900-01-01 10:40:00,DOWN,3.0,0.0,0.0,0.0,3.0,JehangirChowk,j3,j3_17.csv,LOW,3.0,16
1900-01-01 10:40:00,LEFT,41.0,73.0,6.0,9.0,129.0,JehangirChowk,j3,j3_17.csv,HIGH,119.5,50
1900-01-01 10:40:00,RIGHT,10.0,7.0,5.0,4.0,26.0,JehangirChowk,j3,j3_17.csv,MEDIUM,38.0,26
1900-01-01 10:40:00,UP,12.0,1.0,0.0,0.0,13.0,JehangirChowk,j3,j3_17.csv,MEDIUM,12.5,19
1900-01-01 10:45:00,DOWN,4.0,0.0,0.0,0.0,4.0,JehangirChowk,j3,j3_17.csv,LOW,4.0,16
1900-01-01 10:45:00,LEFT,42.0,66.0,7.0,13.0,128.0,JehangirChowk,j3,j3_17.csv,HIGH,131.5,53
1900-01-01 10:45:00,RIGHT,5.0,7.0,1.0,5.0,18.0,JehangirChowk,j3,j3_17.csv,MEDIUM,26.0,23
1900-01-01 10:45:00,UP,4.0,0.0,0.0,0.0,4.0,JehangirChowk,j3,j3_17.csv,LOW,4.0,16
1900-01-01 10:50:00,DOWN,6.0,0.0,0.0,0.0,6.0,JehangirChowk,j3,j3_17.csv,MEDIUM,6.0,17
1900-01-01 10:50:00,LEFT,33.0,62.0,4.0,13.0,112.0,JehangirChowk,j3,j3_17.csv,HIGH,113.0,48
1900-01-01 10:50:00,RIGHT,11.0,14.0,4.0,1.0,30.0,JehangirChowk,j3,j3_17.csv,MEDIUM,31.0,24
1900-01-01 10:50:00,UP,5.0,0.0,5.0,0.0,10.0,JehangirChowk,j3,j3_17.csv,MEDIUM,17.5,20
1900-01-01 10:55:00,DOWN,5.0,0.0,0.0,2.0,7.0,JehangirChowk,j3,j3_17.csv,MEDIUM,11.0,18
1900-01-01 10:55:00,LEFT,54.0,61.0,3.0,21.0,139.0,JehangirChowk,j3,j3_17.csv,HIGH,155.0,60
1900-01-01 10:55:00,RIGHT,8.0,7.0,4.0,8.0,27.0,JehangirChowk,j3,j3_17.csv,MEDIUM,45.5,28
1900-01-01 10:55:00,UP,9.0,0.0,1.0,0.0,10.0,JehangirChowk,j3,j3_17.csv,MEDIUM,11.5,18
1900-01-01 11:00:00,DOWN,6.0,0.0,0.0,0.0,6.0,JehangirChowk,j3,j3_17.csv,MEDIUM,6.0,17
1900-01-01 11:00:00,LEFT,49.0,60.0,5.0,14.0,128.0,JehangirChowk,j3,j3_17.csv,HIGH,133.5,54
1900-01-01 11:00:00,RIGHT,10.0,4.0,2.0,3.0,19.0,JehangirChowk,j3,j3_17.csv,MEDIUM,26.0,23
1900-01-01 11:00:00,UP,12.0,0.0,5.0,2.0,19.0,JehangirChowk,j3,j3_17.csv,MEDIUM,30.5,24
1900-01-01 11:05:00,DOWN,3.0,0.0,0.0,1.0,4.0,JehangirChowk,j3,j3_17.csv,LOW,6.0,17
1900-01-01 11:05:00,LEFT,44.0,74.0,8.0,14.0,140.0,JehangirChowk,j3,j3_17.csv,HIGH,143.0,56
1900-01-01 11:05:00,RIGHT,3.0,10.0,5.0,3.0,21.0,JehangirChowk,j3,j3_17.csv,MEDIUM,29.5,24
1900-01-01 11:05:00,UP,14.0,0.0,1.0,1.0,16.0,JehangirChowk,j3,j3_17.csv,MEDIUM,19.5,21
1900-01-01 11:10:00,DOWN,7.0,0.0,0.0,0.0,7.0,JehangirChowk,j3,j3_17.csv,MEDIUM,7.0,17
1900-01-01 11:10:00,LEFT,47.0,73.0,10.0,15.0,145.0,JehangirChowk,j3,j3_17.csv,HIGH,153.5,59
1900-01-01 11:10:00,RIGHT,7.0,3.0,1.0,7.0,18.0,JehangirChowk,j3,j3_17.csv,MEDIUM,32.0,24
1900-01-01 11:10:00,UP,6.0,0.0,1.0,3.0,10.0,JehangirChowk,j3,j3_17.csv,MEDIUM,17.5,20
1900-01-01 11:15:00,DOWN,3.0,0.0,0.0,1.0,4.0,JehangirChowk,j3,j3_17.csv,LOW,6.0,17
1900-01-01 11:15:00,LEFT,44.0,84.0,4.0,10.0,142.0,JehangirChowk,j3,j3_17.csv,HIGH,126.0,51
1900-01-01 11:15:00,RIGHT,9.0,11.0,2.0,7.0,29.0,JehangirChowk,j3,j3_17.csv,MEDIUM,40.5,27
1900-01-01 11:15:00,UP,8.0,0.0,3.0,0.0,11.0,JehangirChowk,j3,j3_17.csv,MEDIUM,15.5,19
1900-01-01 11:20:00,DOWN,5.0,0.0,0.0,1.0,6.0,JehangirChowk,j3,j3_17.csv,MEDIUM,8.0,17
1900-01-01 11:20:00,LEFT,39.0,75.0,7.0,8.0,129.0,JehangirChowk,j3,j3_17.csv,HIGH,118.0,49
1900-01-01 11:20:00,RIGHT,7.0,2.0,3.0,3.0,15.0,JehangirChowk,j3,j3_17.csv,MEDIUM,24.5,22
1900-01-01 11:20:00,UP,7.0,0.0,1.0,3.0,11.0,JehangirChowk,j3,j3_17.csv,MEDIUM,18.5,20
1900-01-01 11:25:00,DOWN,6.0,0.0,0.0,1.0,7.0,JehangirChowk,j3,j3_17.csv,MEDIUM,9.0,18
1900-01-01 11:25:00,LEFT,42.0,68.0,6.0,10.0,126.0,JehangirChowk,j3,j3_17.csv,HIGH,121.0,50
1900-01-01 11:25:00,RIGHT,10.0,7.0,3.0,5.0,25.0,JehangirChowk,j3,j3_17.csv,MEDIUM,36.0,25
1900-01-01 11:25:00,UP,13.0,1.0,1.0,4.0,19.0,JehangirChowk,j3,j3_17.csv,MEDIUM,28.0,23
1900-01-01 11:30:00,DOWN,5.0,0.0,0.0,1.0,6.0,JehangirChowk,j3,j3_17.csv,MEDIUM,8.0,17
1900-01-01 11:30:00,LEFT,57.0,56.0,4.0,16.0,133.0,JehangirChowk,j3,j3_17.csv,HIGH,143.0,56
1900-01-01 11:30:00,RIGHT,7.0,5.0,2.0,5.0,19.0,JehangirChowk,j3,j3_17.csv,MEDIUM,29.5,24
1900-01-01 11:30:00,UP,8.0,1.0,0.0,0.0,9.0,JehangirChowk,j3,j3_17.csv,MEDIUM,8.5,17
1900-01-01 11:35:00,DOWN,4.0,0.0,0.0,4.0,8.0,JehangirChowk,j3,j3_17.csv,MEDIUM,16.0,20
1900-01-01 11:35:00,LEFT,51.0,55.0,6.0,22.0,134.0,JehangirChowk,j3,j3_17.csv,HIGH,159.5,60
1900-01-01 11:35:00,RIGHT,9.0,13.0,3.0,2.0,27.0,JehangirChowk,j3,j3_17.csv,MEDIUM,29.0,23
1900-01-01 11:35:00,UP,11.0,0.0,1.0,0.0,12.0,JehangirChowk,j3,j3_17.csv,MEDIUM,13.5,19
1900-01-01 11:40:00,DOWN,4.0,0.0,0.0,0.0,4.0,JehangirChowk,j3,j3_17.csv,LOW,4.0,16
1900-01-01 11:40:00,LEFT,44.0,66.0,8.0,10.0,128.0,JehangirChowk,j3,j3_17.csv,HIGH,127.0,52
1900-01-01 11:40:00,RIGHT,6.0,8.0,1.0,2.0,17.0,JehangirChowk,j3,j3_17.csv,MEDIUM,18.5,20
1900-01-01 11:40:00,UP,8.0,0.0,0.0,0.0,8.0,JehangirChowk,j3,j3_17.csv,MEDIUM,8.0,17
1900-01-01 11:45:00,DOWN,5.0,0.0,0.0,1.0,6.0,JehangirChowk,j3,j3_17.csv,MEDIUM,8.0,17
1900-01-01 11:45:00,LEFT,47.0,64.0,6.0,12.0,129.0,JehangirChowk,j3,j3_17.csv,HIGH,130.0,53
1900-01-01 11:45:00,RIGHT,16.0,2.0,3.0,9.0,30.0,JehangirChowk,j3,j3_17.csv,MEDIUM,51.5,30
1900-01-01 11:45:00,UP,5.0,0.0,1.0,1.0,7.0,JehangirChowk,j3,j3_17.csv,MEDIUM,10.5,18
1900-01-01 11:50:00,DOWN,5.0,0.0,0.0,0.0,5.0,JehangirChowk,j3,j3_17.csv,MEDIUM,5.0,16
1900-01-01 11:50:00,LEFT,28.0,89.0,6.0,16.0,139.0,JehangirChowk,j3,j3_17.csv,HIGH,135.5,54
1900-01-01 11:50:00,RIGHT,11.0,7.0,2.0,6.0,26.0,JehangirChowk,j3,j3_17.csv,MEDIUM,37.5,26
1900-01-01 11:50:00,UP,15.0,0.0,1.0,2.0,18.0,JehangirChowk,j3,j3_17.csv,MEDIUM,23.5,22
1900-01-01 11:55:00,DOWN,3.0,1.0,0.0,1.0,5.0,JehangirChowk,j3,j3_17.csv,MEDIUM,6.5,17
1900-01-01 11:55:00,LEFT,29.0,61.0,8.0,8.0,106.0,JehangirChowk,j3,j3_17.csv,HIGH,103.5,45
1900-01-01 11:55:00,RIGHT,6.0,5.0,2.0,4.0,17.0,JehangirChowk,j3,j3_17.csv,MEDIUM,25.5,22
1900-01-01 11:55:00,UP,6.0,0.0,2.0,1.0,9.0,JehangirChowk,j3,j3_17.csv,MEDIUM,14.0,19
1900-01-01 12:00:00,DOWN,1.0,1.0,0.0,2.0,4.0,JehangirChowk,j3,j3_17.csv,LOW,7.5,17
1900-01-01 12:00:00,LEFT,21.0,31.0,2.0,7.0,61.0,JehangirChowk,j3,j3_17.csv,MEDIUM,62.5,33
1900-01-01 12:00:00,RIGHT,4.0,3.0,1.0,2.0,10.0,JehangirChowk,j3,j3_17.csv,MEDIUM,14.0,19
1900-01-01 12:00:00,UP,6.0,0.0,0.0,1.0,7.0,JehangirChowk,j3,j3_17.csv,MEDIUM,9.0,18
1900-01-01 08:55:00,DOWN,0.0,0.0,0.0,0.0,0.0,JehangirChowk,j3,j3_16.csv,LOW,0.0,15
1900-01-01 08:55:00,LEFT,0.0,0.0,0.0,0.0,0.0,JehangirChowk,j3,j3_16.csv,LOW,0.0,15
1900-01-01 08:55:00,RIGHT,0.0,0.0,0.0,0.0,0.0,JehangirChowk,j3,j3_16.csv,LOW,0.0,15
1900-01-01 08:55:00,UP,0.0,0.0,0.0,0.0,0.0,JehangirChowk,j3,j3_16.csv,LOW,0.0,15
1900-01-01 09:00:00,DOWN,2.0,0.0,1.0,0.0,3.0,JehangirChowk,j3,j3_16.csv,LOW,4.5,16
1900-01-01 09:00:00,LEFT,41.0,59.0,10.0,16.0,126.0,JehangirChowk,j3,j3_16.csv,HIGH,143.5,57
1900-01-01 09:00:00,RIGHT,8.0,0.0,2.0,1.0,11.0,JehangirChowk,j3,j3_16.csv,MEDIUM,16.0,20
1900-01-01 09:00:00,UP,12.0,0.0,2.0,0.0,14.0,JehangirChowk,j3,j3_16.csv,MEDIUM,17.0,20
1900-01-01 09:05:00,DOWN,2.0,0.0,1.0,3.0,6.0,JehangirChowk,j3,j3_16.csv,MEDIUM,13.5,19
1900-01-01 09:05:00,LEFT,48.0,80.0,5.0,9.0,142.0,JehangirChowk,j3,j3_16.csv,HIGH,127.5,52
1900-01-01 09:05:00,RIGHT,6.0,6.0,8.0,3.0,23.0,JehangirChowk,j3,j3_16.csv,MEDIUM,38.0,26
1900-01-01 09:05:00,UP,8.0,0.0,1.0,0.0,9.0,JehangirChowk,j3,j3_16.csv,MEDIUM,10.5,18
1900-01-01 09:10:00,DOWN,1.0,0.0,0.0,0.0,1.0,JehangirChowk,j3,j3_16.csv,LOW,1.0,15
1900-01-01 09:10:00,LEFT,37.0,85.0,8.0,16.0,146.0,JehangirChowk,j3,j3_16.csv,HIGH,147.5,58
1900-01-01 09:10:00,RIGHT,4.0,10.0,2.0,4.0,20.0,JehangirChowk,j3,j3_16.csv,MEDIUM,26.0,23
1900-01-01 09:10:00,UP,9.0,0.0,5.0,2.0,16.0,JehangirChowk,j3,j3_16.csv,MEDIUM,27.5,23
1900-01-01 09:15:00,DOWN,1.0,0.0,0.0,1.0,2.0,JehangirChowk,j3,j3_16.csv,LOW,4.0,16
1900-01-01 09:15:00,LEFT,39.0,111.0,8.0,12.0,170.0,JehangirChowk,j3,j3_16.csv,VERY_HIGH,150.5,59
1900-01-01 09:15:00,RIGHT,5.0,4.0,9.0,5.0,23.0,JehangirChowk,j3,j3_16.csv,MEDIUM,44.5,28
1900-01-01 09:15:00,UP,12.0,0.0,1.0,0.0,13.0,JehangirChowk,j3,j3_16.csv,MEDIUM,14.5,19
1900-01-01 09:20:00,DOWN,3.0,0.0,0.0,0.0,3.0,JehangirChowk,j3,j3_16.csv,LOW,3.0,16
1900-01-01 09:20:00,LEFT,41.0,99.0,5.0,15.0,160.0,JehangirChowk,j3,j3_16.csv,VERY_HIGH,148.0,58
1900-01-01 09:20:00,RIGHT,5.0,4.0,3.0,2.0,14.0,JehangirChowk,j3,j3_16.csv,MEDIUM,20.5,21
1900-01-01 09:20:00,UP,9.0,0.0,2.0,0.0,11.0,JehangirChowk,j3,j3_16.csv,MEDIUM,14.0,19
1900-01-01 09:25:00,DOWN,0.0,0.0,1.0,1.0,2.0,JehangirChowk,j3,j3_16.csv,LOW,5.5,17
1900-01-01 09:25:00,LEFT,37.0,88.0,10.0,15.0,150.0,JehangirChowk,j3,j3_16.csv,HIGH,151.0,59
1900-01-01 09:25:00,RIGHT,7.0,18.0,4.0,4.0,33.0,JehangirChowk,j3,j3_16.csv,MEDIUM,38.0,26
1900-01-01 09:25:00,UP,13.0,0.0,0.0,0.0,13.0,JehangirChowk,j3,j3_16.csv,MEDIUM,13.0,19
1900-01-01 09:30:00,DOWN,0.0,0.0,1.0,1.0,2.0,JehangirChowk,j3,j3_16.csv,LOW,5.5,17
1900-01-01 09:30:00,LEFT,46.0,89.0,10.0,12.0,157.0,JehangirChowk,j3,j3_16.csv,VERY_HIGH,151.5,59
1900-01-01 09:30:00,RIGHT,9.0,5.0,7.0,1.0,22.0,JehangirChowk,j3,j3_16.csv,MEDIUM,32.0,24
1900-01-01 09:30:00,UP,11.0,0.0,0.0,0.0,11.0,JehangirChowk,j3,j3_16.csv,MEDIUM,11.0,18
1900-01-01 09:35:00,DOWN,2.0,0.0,0.0,0.0,2.0,JehangirChowk,j3,j3_16.csv,LOW,2.0,16
1900-01-01 09:35:00,LEFT,46.0,105.0,5.0,12.0,168.0,JehangirChowk,j3,j3_16.csv,VERY_HIGH,147.0,58
1900-01-01 09:35:00,RIGHT,5.0,6.0,8.0,4.0,23.0,JehangirChowk,j3,j3_16.csv,MEDIUM,40.0,27
1900-01-01 09:35:00,UP,9.0,0.0,2.0,1.0,12.0,JehangirChowk,j3,j3_16.csv,MEDIUM,17.0,20
1900-01-01 09:40:00,DOWN,1.0,0.0,1.0,0.0,2.0,JehangirChowk,j3,j3_16.csv,LOW,3.5,16
1900-01-01 09:40:00,LEFT,44.0,99.0,8.0,15.0,166.0,JehangirChowk,j3,j3_16.csv,VERY_HIGH,158.5,60
1900-01-01 09:40:00,RIGHT,8.0,5.0,3.0,5.0,21.0,JehangirChowk,j3,j3_16.csv,MEDIUM,33.0,25
1900-01-01 09:40:00,UP,8.0,0.0,1.0,0.0,9.0,JehangirChowk,j3,j3_16.csv,MEDIUM,10.5,18
1900-01-01 09:45:00,DOWN,1.0,0.0,0.0,1.0,2.0,JehangirChowk,j3,j3_16.csv,LOW,4.0,16
1900-01-01 09:45:00,LEFT,44.0,76.0,6.0,19.0,145.0,JehangirChowk,j3,j3_16.csv,HIGH,154.0,60
1900-01-01 09:45:00,RIGHT,12.0,1.0,5.0,3.0,21.0,JehangirChowk,j3,j3_16.csv,MEDIUM,34.0,25
1900-01-01 09:45:00,UP,6.0,0.0,1.0,0.0,7.0,JehangirChowk,j3,j3_16.csv,MEDIUM,8.5,17
1900-01-01 09:50:00,DOWN,3.0,0.0,0.0,0.0,3.0,JehangirChowk,j3,j3_16.csv,LOW,3.0,16
1900-01-01 09:50:00,LEFT,28.0,74.0,6.0,11.0,119.0,JehangirChowk,j3,j3_16.csv,HIGH,113.0,48
1900-01-01 09:50:00,RIGHT,7.0,9.0,4.0,5.0,25.0,JehangirChowk,j3,j3_16.csv,MEDIUM,36.5,26
1900-01-01 09:50:00,UP,1.0,0.0,0.0,1.0,2.0,JehangirChowk,j3,j3_16.csv,LOW,4.0,16
1900-01-01 09:55:00,DOWN,4.0,0.0,0.0,0.0,4.0,JehangirChowk,j3,j3_16.csv,LOW,4.0,16
1900-01-01 09:55:00,LEFT,52.0,63.0,8.0,10.0,133.0,JehangirChowk,j3,j3_16.csv,HIGH,133.5,54
1900-01-01 09:55:00,RIGHT,10.0,2.0,3.0,1.0,16.0,JehangirChowk,j3,j3_16.csv,MEDIUM,21.5,21
1900-01-01 09:55:00,UP,8.0,0.0,2.0,1.0,11.0,JehangirChowk,j3,j3_16.csv,MEDIUM,16.0,20
1900-01-01 10:00:00,DOWN,5.0,0.0,2.0,0.0,7.0,JehangirChowk,j3,j3_16.csv,MEDIUM,10.0,18
1900-01-01 10:00:00,LEFT,53.0,56.0,4.0,17.0,130.0,JehangirChowk,j3,j3_16.csv,HIGH,142.0,56
1900-01-01 10:00:00,RIGHT,6.0,8.0,5.0,6.0,25.0,JehangirChowk,j3,j3_16.csv,MEDIUM,40.5,27
1900-01-01 10:00:00,UP,12.0,0.0,2.0,0.0,14.0,JehangirChowk,j3,j3_16.csv,MEDIUM,17.0,20
1900-01-01 10:05:00,DOWN,3.0,0.0,0.0,1.0,4.0,JehangirChowk,j3,j3_16.csv,LOW,6.0,17
1900-01-01 10:05:00,LEFT,40.0,92.0,9.0,14.0,155.0,JehangirChowk,j3,j3_16.csv,VERY_HIGH,150.5,59
1900-01-01 10:05:00,RIGHT,7.0,5.0,2.0,5.0,19.0,JehangirChowk,j3,j3_16.csv,MEDIUM,29.5,24
1900-01-01 10:05:00,UP,10.0,0.0,1.0,2.0,13.0,JehangirChowk,j3,j3_16.csv,MEDIUM,18.5,20
1900-01-01 10:10:00,DOWN,7.0,0.0,0.0,1.0,8.0,JehangirChowk,j3,j3_16.csv,MEDIUM,10.0,18
1900-01-01 10:10:00,LEFT,49.0,74.0,4.0,13.0,140.0,JehangirChowk,j3,j3_16.csv,HIGH,135.0,54
1900-01-01 10:10:00,RIGHT,12.0,4.0,1.0,2.0,19.0,JehangirChowk,j3,j3_16.csv,MEDIUM,22.5,22
1900-01-01 10:10:00,UP,10.0,0.0,0.0,1.0,11.0,JehangirChowk,j3,j3_16.csv,MEDIUM,13.0,19
1900-01-01 10:15:00,DOWN,1.0,0.0,0.0,0.0,1.0,JehangirChowk,j3,j3_16.csv,LOW,1.0,15
1900-01-01 10:15:00,LEFT,34.0,67.0,9.0,18.0,128.0,JehangirChowk,j3,j3_16.csv,HIGH,144.0,57
1900-01-01 10:15:00,RIGHT,8.0,5.0,4.0,3.0,20.0,JehangirChowk,j3,j3_16.csv,MEDIUM,29.5,24
1900-01-01 10:15:00,UP,2.0,0.0,0.0,0.0,2.0,JehangirChowk,j3,j3_16.csv,LOW,2.0,16
1900-01-01 10:20:00,DOWN,2.0,0.0,0.0,1.0,3.0,JehangirChowk,j3,j3_16.csv,LOW,5.0,16
1900-01-01 10:20:00,LEFT,48.0,55.0,6.0,21.0,130.0,JehangirChowk,j3,j3_16.csv,HIGH,153.5,59
1900-01-01 10:20:00,RIGHT,6.0,1.0,2.0,3.0,12.0,JehangirChowk,j3,j3_16.csv,MEDIUM,20.5,21
1900-01-01 10:20:00,UP,4.0,0.0,1.0,0.0,5.0,JehangirChowk,j3,j3_16.csv,MEDIUM,6.5,17
1900-01-01 10:25:00,DOWN,3.0,0.0,0.0,0.0,3.0,JehangirChowk,j3,j3_16.csv,LOW,3.0,16
1900-01-01 10:25:00,LEFT,50.0,85.0,8.0,13.0,156.0,JehangirChowk,j3,j3_16.csv,VERY_HIGH,151.5,59
1900-01-01 10:25:00,RIGHT,3.0,7.0,4.0,3.0,17.0,JehangirChowk,j3,j3_16.csv,MEDIUM,25.5,22
1900-01-01 10:25:00,UP,6.0,0.0,1.0,3.0,10.0,JehangirChowk,j3,j3_16.csv,MEDIUM,17.5,20
1900-01-01 10:30:00,DOWN,2.0,0.0,0.0,2.0,4.0,JehangirChowk,j3,j3_16.csv,LOW,8.0,17
1900-01-01 10:30:00,LEFT,43.0,66.0,7.0,16.0,132.0,JehangirChowk,j3,j3_16.csv,HIGH,141.5,56
1900-01-01 10:30:00,RIGHT,9.0,5.0,5.0,1.0,20.0,JehangirChowk,j3,j3_16.csv,MEDIUM,27.0,23
1900-01-01 10:30:00,UP,7.0,0.0,1.0,1.0,9.0,JehangirChowk,j3,j3_16.csv,MEDIUM,12.5,19
1900-01-01 10:35:00,DOWN,2.0,0.0,0.0,0.0,2.0,JehangirChowk,j3,j3_16.csv,LOW,2.0,16
1900-01-01 10:35:00,LEFT,46.0,76.0,11.0,13.0,146.0,JehangirChowk,j3,j3_16.csv,HIGH,150.5,59
1900-01-01 10:35:00,RIGHT,4.0,3.0,0.0,1.0,8.0,JehangirChowk,j3,j3_16.csv,MEDIUM,8.5,17
1900-01-01 10:35:00,UP,7.0,0.0,0.0,2.0,9.0,JehangirChowk,j3,j3_16.csv,MEDIUM,13.0,19
1900-01-01 10:40:00,DOWN,4.0,0.0,0.0,0.0,4.0,JehangirChowk,j3,j3_16.csv,LOW,4.0,16
1900-01-01 10:40:00,LEFT,37.0,80.0,2.0,15.0,134.0,JehangirChowk,j3,j3_16.csv,HIGH,127.0,52
1900-01-01 10:40:00,RIGHT,14.0,5.0,5.0,3.0,27.0,JehangirChowk,j3,j3_16.csv,MEDIUM,38.0,26
1900-01-01 10:40:00,UP,3.0,0.0,1.0,0.0,4.0,JehangirChowk,j3,j3_16.csv,LOW,5.5,17
1900-01-01 10:45:00,DOWN,3.0,0.0,0.0,1.0,4.0,JehangirChowk,j3,j3_16.csv,LOW,6.0,17
1900-01-01 10:45:00,LEFT,51.0,53.0,4.0,18.0,126.0,JehangirChowk,j3,j3_16.csv,HIGH,141.5,56
1900-01-01 10:45:00,RIGHT,7.0,9.0,6.0,5.0,27.0,JehangirChowk,j3,j3_16.csv,MEDIUM,41.5,27
1900-01-01 10:45:00,UP,13.0,0.0,3.0,0.0,16.0,JehangirChowk,j3,j3_16.csv,MEDIUM,20.5,21
1900-01-01 10:50:00,DOWN,1.0,0.0,0.0,0.0,1.0,JehangirChowk,j3,j3_16.csv,LOW,1.0,15
1900-01-01 10:50:00,LEFT,36.0,68.0,8.0,13.0,125.0,JehangirChowk,j3,j3_16.csv,HIGH,129.0,52
1900-01-01 10:50:00,RIGHT,10.0,8.0,5.0,2.0,25.0,JehangirChowk,j3,j3_16.csv,MEDIUM,32.5,24
1900-01-01 10:50:00,UP,9.0,0.0,1.0,0.0,10.0,JehangirChowk,j3,j3_16.csv,MEDIUM,11.5,18
1900-01-01 10:55:00,DOWN,5.0,0.0,0.0,0.0,5.0,JehangirChowk,j3,j3_16.csv,MEDIUM,5.0,16
1900-01-01 10:55:00,LEFT,45.0,73.0,12.0,10.0,140.0,JehangirChowk,j3,j3_16.csv,HIGH,141.5,56
1900-01-01 10:55:00,RIGHT,15.0,3.0,1.0,4.0,23.0,JehangirChowk,j3,j3_16.csv,MEDIUM,31.0,24
1900-01-01 10:55:00,UP,5.0,0.0,5.0,0.0,10.0,JehangirChowk,j3,j3_16.csv,MEDIUM,17.5,20
1900-01-01 11:00:00,DOWN,3.0,0.0,0.0,0.0,3.0,JehangirChowk,j3,j3_16.csv,LOW,3.0,16
1900-01-01 11:00:00,LEFT,36.0,76.0,8.0,20.0,140.0,JehangirChowk,j3,j3_16.csv,HIGH,154.0,60
1900-01-01 11:00:00,RIGHT,3.0,7.0,4.0,3.0,17.0,JehangirChowk,j3,j3_16.csv,MEDIUM,25.5,22
1900-01-01 11:00:00,UP,3.0,0.0,1.0,0.0,4.0,JehangirChowk,j3,j3_16.csv,LOW,5.5,17
1900-01-01 11:05:00,DOWN,7.0,0.0,0.0,0.0,7.0,JehangirChowk,j3,j3_16.csv,MEDIUM,7.0,17
1900-01-01 11:05:00,LEFT,37.0,52.0,5.0,12.0,106.0,JehangirChowk,j3,j3_16.csv,HIGH,111.5,47
1900-01-01 11:05:00,RIGHT,7.0,4.0,3.0,1.0,15.0,JehangirChowk,j3,j3_16.csv,MEDIUM,19.5,21
1900-01-01 11:05:00,UP,4.0,0.0,0.0,2.0,6.0,JehangirChowk,j3,j3_16.csv,MEDIUM,10.0,18
1900-01-01 11:10:00,DOWN,5.0,0.0,0.0,1.0,6.0,JehangirChowk,j3,j3_16.csv,MEDIUM,8.0,17
1900-01-01 11:10:00,LEFT,48.0,77.0,10.0,6.0,141.0,JehangirChowk,j3,j3_16.csv,HIGH,129.5,52
1900-01-01 11:10:00,RIGHT,9.0,5.0,1.0,7.0,22.0,JehangirChowk,j3,j3_16.csv,MEDIUM,35.0,25
1900-01-01 11:10:00,UP,9.0,0.0,1.0,1.0,11.0,JehangirChowk,j3,j3_16.csv,MEDIUM,14.5,19
1900-01-01 11:15:00,DOWN,4.0,0.0,0.0,1.0,5.0,JehangirChowk,j3,j3_16.csv,MEDIUM,7.0,17
1900-01-01 11:15:00,LEFT,44.0,68.0,6.0,11.0,129.0,JehangirChowk,j3,j3_16.csv,HIGH,126.0,51
1900-01-01 11:15:00,RIGHT,12.0,8.0,1.0,5.0,26.0,JehangirChowk,j3,j3_16.csv,MEDIUM,33.5,25
1900-01-01 11:15:00,UP,5.0,0.0,12.0,1.0,18.0,JehangirChowk,j3,j3_16.csv,MEDIUM,38.0,26
1900-01-01 11:20:00,DOWN,2.0,0.0,0.0,2.0,4.0,JehangirChowk,j3,j3_16.csv,LOW,8.0,17
1900-01-01 11:20:00,LEFT,30.0,62.0,12.0,16.0,120.0,JehangirChowk,j3,j3_16.csv,HIGH,139.0,55
1900-01-01 11:20:00,RIGHT,6.0,11.0,4.0,2.0,23.0,JehangirChowk,j3,j3_16.csv,MEDIUM,27.5,23
1900-01-01 11:20:00,UP,7.0,0.0,4.0,0.0,11.0,JehangirChowk,j3,j3_16.csv,MEDIUM,17.0,20
1900-01-01 11:25:00,DOWN,5.0,0.0,0.0,1.0,6.0,JehangirChowk,j3,j3_16.csv,MEDIUM,8.0,17
1900-01-01 11:25:00,LEFT,25.0,39.0,3.0,8.0,75.0,JehangirChowk,j3,j3_16.csv,HIGH,76.0,37
1900-01-01 11:25:00,RIGHT,10.0,4.0,8.0,2.0,24.0,JehangirChowk,j3,j3_16.csv,MEDIUM,38.0,26
1900-01-01 11:25:00,UP,11.0,0.0,0.0,0.0,11.0,JehangirChowk,j3,j3_16.csv,MEDIUM,11.0,18
1900-01-01 08:55:00,DOWN,0.0,0.0,0.0,0.0,0.0,JehangirChowk,j3,j3_14.csv,LOW,0.0,15
1900-01-01 08:55:00,LEFT,0.0,0.0,0.0,0.0,0.0,JehangirChowk,j3,j3_14.csv,LOW,0.0,15
1900-01-01 08:55:00,RIGHT,0.0,0.0,0.0,0.0,0.0,JehangirChowk,j3,j3_14.csv,LOW,0.0,15
1900-01-01 08:55:00,UP,0.0,0.0,0.0,0.0,0.0,JehangirChowk,j3,j3_14.csv,LOW,0.0,15
1900-01-01 09:00:00,DOWN,1.0,0.0,0.0,0.0,1.0,JehangirChowk,j3,j3_14.csv,LOW,1.0,15
1900-01-01 09:00:00,LEFT,43.0,87.0,11.0,8.0,149.0,JehangirChowk,j3,j3_14.csv,HIGH,138.0,55
1900-01-01 09:00:00,RIGHT,2.0,6.0,5.0,1.0,14.0,JehangirChowk,j3,j3_14.csv,MEDIUM,20.5,21
1900-01-01 09:00:00,UP,15.0,0.0,2.0,1.0,18.0,JehangirChowk,j3,j3_14.csv,MEDIUM,23.0,22
1900-01-01 09:05:00,DOWN,0.0,0.0,0.0,0.0,0.0,JehangirChowk,j3,j3_14.csv,LOW,0.0,15
1900-01-01 09:05:00,LEFT,45.0,70.0,5.0,11.0,131.0,JehangirChowk,j3,j3_14.csv,HIGH,125.5,51
1900-01-01 09:05:00,RIGHT,2.0,16.0,3.0,3.0,24.0,JehangirChowk,j3,j3_14.csv,MEDIUM,26.5,23
1900-01-01 09:05:00,UP,6.0,0.0,1.0,0.0,7.0,JehangirChowk,j3,j3_14.csv,MEDIUM,8.5,17
1900-01-01 09:10:00,DOWN,0.0,0.0,0.0,0.0,0.0,JehangirChowk,j3,j3_14.csv,LOW,0.0,15
1900-01-01 09:10:00,LEFT,40.0,87.0,10.0,7.0,144.0,JehangirChowk,j3,j3_14.csv,HIGH,129.5,52
1900-01-01 09:10:00,RIGHT,7.0,2.0,2.0,3.0,14.0,JehangirChowk,j3,j3_14.csv,MEDIUM,22.0,21
1900-01-01 09:10:00,UP,10.0,0.0,0.0,0.0,10.0,JehangirChowk,j3,j3_14.csv,MEDIUM,10.0,18
1900-01-01 09:15:00,DOWN,1.0,0.0,0.0,1.0,2.0,JehangirChowk,j3,j3_14.csv,LOW,4.0,16
1900-01-01 09:15:00,LEFT,48.0,79.0,6.0,13.0,146.0,JehangirChowk,j3,j3_14.csv,HIGH,141.5,56
1900-01-01 09:15:00,RIGHT,1.0,5.0,3.0,3.0,12.0,JehangirChowk,j3,j3_14.csv,MEDIUM,20.0,21
1900-01-01 09:15:00,UP,8.0,0.0,0.0,0.0,8.0,JehangirChowk,j3,j3_14.csv,MEDIUM,8.0,17
1900-01-01 09:20:00,DOWN,1.0,0.0,0.0,0.0,1.0,JehangirChowk,j3,j3_14.csv,LOW,1.0,15
1900-01-01 09:20:00,LEFT,48.0,76.0,3.0,10.0,137.0,JehangirChowk,j3,j3_14.csv,HIGH,123.5,51
1900-01-01 09:20:00,RIGHT,5.0,12.0,0.0,5.0,22.0,JehangirChowk,j3,j3_14.csv,MEDIUM,26.0,23
1900-01-01 09:20:00,UP,13.0,0.0,2.0,0.0,15.0,JehangirChowk,j3,j3_14.csv,MEDIUM,18.0,20
1900-01-01 09:25:00,DOWN,1.0,0.0,0.0,2.0,3.0,JehangirChowk,j3,j3_14.csv,LOW,7.0,17
1900-01-01 09:25:00,LEFT,45.0,77.0,6.0,14.0,142.0,JehangirChowk,j3,j3_14.csv,HIGH,140.5,56
1900-01-01 09:25:00,RIGHT,5.0,3.0,4.0,6.0,18.0,JehangirChowk,j3,j3_14.csv,MEDIUM,34.5,25
1900-01-01 09:25:00,UP,7.0,0.0,3.0,0.0,10.0,JehangirChowk,j3,j3_14.csv,MEDIUM,14.5,19
1900-01-01 09:30:00,DOWN,2.0,0.0,1.0,1.0,4.0,JehangirChowk,j3,j3_14.csv,LOW,7.5,17
1900-01-01 09:30:00,LEFT,42.0,80.0,8.0,9.0,139.0,JehangirChowk,j3,j3_14.csv,HIGH,129.0,52
1900-01-01 09:30:00,RIGHT,8.0,8.0,6.0,2.0,24.0,JehangirChowk,j3,j3_14.csv,MEDIUM,33.0,25
1900-01-01 09:30:00,UP,2.0,0.0,1.0,0.0,3.0,JehangirChowk,j3,j3_14.csv,LOW,4.5,16
1900-01-01 09:35:00,DOWN,5.0,0.0,1.0,1.0,7.0,JehangirChowk,j3,j3_14.csv,MEDIUM,10.5,18
1900-01-01 09:35:00,LEFT,50.0,100.0,3.0,14.0,167.0,JehangirChowk,j3,j3_14.csv,VERY_HIGH,149.5,58
1900-01-01 09:35:00,RIGHT,15.0,5.0,0.0,6.0,26.0,JehangirChowk,j3,j3_14.csv,MEDIUM,35.5,25
1900-01-01 09:35:00,UP,13.0,0.0,3.0,1.0,17.0,JehangirChowk,j3,j3_14.csv,MEDIUM,23.5,22
1900-01-01 09:40:00,DOWN,4.0,0.0,0.0,0.0,4.0,JehangirChowk,j3,j3_14.csv,LOW,4.0,16
1900-01-01 09:40:00,LEFT,51.0,70.0,5.0,9.0,135.0,JehangirChowk,j3,j3_14.csv,HIGH,125.5,51
1900-01-01 09:40:00,RIGHT,7.0,15.0,9.0,2.0,33.0,JehangirChowk,j3,j3_14.csv,MEDIUM,43.0,27
1900-01-01 09:40:00,UP,10.0,0.0,0.0,2.0,12.0,JehangirChowk,j3,j3_14.csv,MEDIUM,16.0,20
1900-01-01 09:45:00,DOWN,1.0,0.0,0.0,0.0,1.0,JehangirChowk,j3,j3_14.csv,LOW,1.0,15
1900-01-01 09:45:00,LEFT,36.0,92.0,6.0,8.0,142.0,JehangirChowk,j3,j3_14.csv,HIGH,121.0,50
1900-01-01 09:45:00,RIGHT,6.0,2.0,2.0,3.0,13.0,JehangirChowk,j3,j3_14.csv,MEDIUM,21.0,21
1900-01-01 09:45:00,UP,5.0,0.0,1.0,0.0,6.0,JehangirChowk,j3,j3_14.csv,MEDIUM,7.5,17
1900-01-01 09:50:00,DOWN,1.0,0.0,1.0,1.0,3.0,JehangirChowk,j3,j3_14.csv,LOW,6.5,17
1900-01-01 09:50:00,LEFT,33.0,68.0,6.0,9.0,116.0,JehangirChowk,j3,j3_14.csv,HIGH,109.0,47
1900-01-01 09:50:00,RIGHT,9.0,24.0,5.0,1.0,39.0,JehangirChowk,j3,j3_14.csv,MEDIUM,36.5,26
1900-01-01 09:50:00,UP,6.0,1.0,1.0,3.0,11.0,JehangirChowk,j3,j3_14.csv,MEDIUM,18.0,20
1900-01-01 09:55:00,DOWN,1.0,0.0,0.0,0.0,1.0,JehangirChowk,j3,j3_14.csv,LOW,1.0,15
1900-01-01 09:55:00,LEFT,51.0,82.0,7.0,11.0,151.0,JehangirChowk,j3,j3_14.csv,HIGH,142.5,56
1900-01-01 09:55:00,RIGHT,6.0,2.0,5.0,2.0,15.0,JehangirChowk,j3,j3_14.csv,MEDIUM,25.5,22
1900-01-01 09:55:00,UP,7.0,0.0,0.0,0.0,7.0,JehangirChowk,j3,j3_14.csv,MEDIUM,7.0,17
1900-01-01 10:00:00,DOWN,2.0,0.0,1.0,0.0,3.0,JehangirChowk,j3,j3_14.csv,LOW,4.5,16
1900-01-01 10:00:00,LEFT,53.0,92.0,8.0,14.0,167.0,JehangirChowk,j3,j3_14.csv,VERY_HIGH,161.0,60
1900-01-01 10:00:00,RIGHT,5.0,2.0,3.0,3.0,13.0,JehangirChowk,j3,j3_14.csv,MEDIUM,22.5,22
1900-01-01 10:00:00,UP,9.0,1.0,0.0,0.0,10.0,JehangirChowk,j3,j3_14.csv,MEDIUM,9.5,18
1900-01-01 10:05:00,DOWN,0.0,0.0,0.0,0.0,0.0,JehangirChowk,j3,j3_14.csv,LOW,0.0,15
1900-01-01 10:05:00,LEFT,50.0,95.0,9.0,11.0,165.0,JehangirChowk,j3,j3_14.csv,VERY_HIGH,153.0,59
1900-01-01 10:05:00,RIGHT,8.0,4.0,4.0,2.0,18.0,JehangirChowk,j3,j3_14.csv,MEDIUM,26.0,23
1900-01-01 10:05:00,UP,9.0,0.0,1.0,2.0,12.0,JehangirChowk,j3,j3_14.csv,MEDIUM,17.5,20
1900-01-01 10:10:00,DOWN,2.0,0.0,1.0,0.0,3.0,JehangirChowk,j3,j3_14.csv,LOW,4.5,16
1900-01-01 10:10:00,LEFT,41.0,72.0,12.0,17.0,142.0,JehangirChowk,j3,j3_14.csv,HIGH,158.0,60
1900-01-01 10:10:00,RIGHT,6.0,3.0,2.0,2.0,13.0,JehangirChowk,j3,j3_14.csv,MEDIUM,18.5,20
1900-01-01 10:10:00,UP,7.0,0.0,4.0,2.0,13.0,JehangirChowk,j3,j3_14.csv,MEDIUM,23.0,22
1900-01-01 10:15:00,DOWN,2.0,0.0,0.0,1.0,3.0,JehangirChowk,j3,j3_14.csv,LOW,5.0,16
1900-01-01 10:15:00,LEFT,50.0,68.0,4.0,13.0,135.0,JehangirChowk,j3,j3_14.csv,HIGH,133.0,53
1900-01-01 10:15:00,RIGHT,2.0,5.0,2.0,6.0,15.0,JehangirChowk,j3,j3_14.csv,MEDIUM,27.5,23
1900-01-01 10:15:00,UP,6.0,0.0,1.0,1.0,8.0,JehangirChowk,j3,j3_14.csv,MEDIUM,11.5,18
1900-01-01 10:20:00,DOWN,5.0,0.0,0.0,1.0,6.0,JehangirChowk,j3,j3_14.csv,MEDIUM,8.0,17
1900-01-01 10:20:00,LEFT,39.0,88.0,4.0,13.0,144.0,JehangirChowk,j3,j3_14.csv,HIGH,132.0,53
1900-01-01 10:20:00,RIGHT,5.0,4.0,3.0,5.0,17.0,JehangirChowk,j3,j3_14.csv,MEDIUM,29.5,24
1900-01-01 10:20:00,UP,7.0,0.0,0.0,1.0,8.0,JehangirChowk,j3,j3_14.csv,MEDIUM,10.0,18
1900-01-01 10:25:00,DOWN,3.0,0.0,0.0,0.0,3.0,JehangirChowk,j3,j3_14.csv,LOW,3.0,16
1900-01-01 10:25:00,LEFT,42.0,160.0,10.0,13.0,225.0,JehangirChowk,j3,j3_14.csv,VERY_HIGH,186.0,60
1900-01-01 10:25:00,RIGHT,9.0,8.0,2.0,5.0,24.0,JehangirChowk,j3,j3_14.csv,MEDIUM,33.0,25
1900-01-01 10:25:00,UP,10.0,0.0,3.0,1.0,14.0,JehangirChowk,j3,j3_14.csv,MEDIUM,20.5,21
1900-01-01 10:30:00,DOWN,3.0,1.0,0.0,1.0,5.0,JehangirChowk,j3,j3_14.csv,MEDIUM,6.5,17
1900-01-01 10:30:00,LEFT,49.0,71.0,10.0,9.0,139.0,JehangirChowk,j3,j3_14.csv,HIGH,136.5,55
1900-01-01 10:30:00,RIGHT,7.0,3.0,4.0,3.0,17.0,JehangirChowk,j3,j3_14.csv,MEDIUM,27.5,23
1900-01-01 10:30:00,UP,10.0,0.0,0.0,2.0,12.0,JehangirChowk,j3,j3_14.csv,MEDIUM,16.0,20
1900-01-01 10:35:00,DOWN,5.0,1.0,0.0,1.0,7.0,JehangirChowk,j3,j3_14.csv,MEDIUM,8.5,17
1900-01-01 10:35:00,LEFT,48.0,67.0,6.0,18.0,139.0,JehangirChowk,j3,j3_14.csv,HIGH,150.5,59
1900-01-01 10:35:00,RIGHT,7.0,5.0,2.0,3.0,17.0,JehangirChowk,j3,j3_14.csv,MEDIUM,23.5,22
1900-01-01 10:35:00,UP,6.0,1.0,2.0,1.0,10.0,JehangirChowk,j3,j3_14.csv,MEDIUM,14.5,19
1900-01-01 10:40:00,DOWN,0.0,0.0,0.0,0.0,0.0,JehangirChowk,j3,j3_14.csv,LOW,0.0,15
1900-01-01 10:40:00,LEFT,53.0,69.0,9.0,14.0,145.0,JehangirChowk,j3,j3_14.csv,HIGH,152.0,59
1900-01-01 10:40:00,RIGHT,11.0,3.0,4.0,2.0,20.0,JehangirChowk,j3,j3_14.csv,MEDIUM,28.5,23
1900-01-01 10:40:00,UP,6.0,0.0,0.0,0.0,6.0,JehangirChowk,j3,j3_14.csv,MEDIUM,6.0,17
1900-01-01 10:45:00,DOWN,1.0,0.0,0.0,0.0,1.0,JehangirChowk,j3,j3_14.csv,LOW,1.0,15
1900-01-01 10:45:00,LEFT,43.0,76.0,13.0,12.0,144.0,JehangirChowk,j3,j3_14.csv,HIGH,149.5,58
1900-01-01 10:45:00,RIGHT,5.0,3.0,4.0,4.0,16.0,JehangirChowk,j3,j3_14.csv,MEDIUM,28.5,23
1900-01-01 10:45:00,UP,6.0,0.0,1.0,0.0,7.0,JehangirChowk,j3,j3_14.csv,MEDIUM,8.5,17
1900-01-01 10:50:00,DOWN,2.0,0.0,1.0,0.0,3.0,JehangirChowk,j3,j3_14.csv,LOW,4.5,16
1900-01-01 10:50:00,LEFT,50.0,52.0,4.0,11.0,117.0,JehangirChowk,j3,j3_14.csv,HIGH,119.0,49
1900-01-01 10:50:00,RIGHT,5.0,7.0,4.0,3.0,19.0,JehangirChowk,j3,j3_14.csv,MEDIUM,27.5,23
1900-01-01 10:50:00,UP,3.0,0.0,1.0,0.0,4.0,JehangirChowk,j3,j3_14.csv,LOW,5.5,17
1900-01-01 10:55:00,DOWN,3.0,0.0,1.0,0.0,4.0,JehangirChowk,j3,j3_14.csv,LOW,5.5,17
1900-01-01 10:55:00,LEFT,47.0,86.0,6.0,17.0,156.0,JehangirChowk,j3,j3_14.csv,VERY_HIGH,156.0,60
1900-01-01 10:55:00,RIGHT,6.0,3.0,2.0,3.0,14.0,JehangirChowk,j3,j3_14.csv,MEDIUM,21.5,21
1900-01-01 10:55:00,UP,12.0,0.0,3.0,1.0,16.0,JehangirChowk,j3,j3_14.csv,MEDIUM,22.5,22
1900-01-01 11:00:00,DOWN,5.0,0.0,0.0,0.0,5.0,JehangirChowk,j3,j3_14.csv,MEDIUM,5.0,16
1900-01-01 11:00:00,LEFT,45.0,65.0,5.0,13.0,128.0,JehangirChowk,j3,j3_14.csv,HIGH,129.0,52
1900-01-01 11:00:00,RIGHT,13.0,4.0,2.0,5.0,24.0,JehangirChowk,j3,j3_14.csv,MEDIUM,35.0,25
1900-01-01 11:00:00,UP,10.0,0.0,2.0,0.0,12.0,JehangirChowk,j3,j3_14.csv,MEDIUM,15.0,19
1900-01-01 11:05:00,DOWN,3.0,0.0,0.0,0.0,3.0,JehangirChowk,j3,j3_14.csv,LOW,3.0,16
1900-01-01 11:05:00,LEFT,47.0,51.0,7.0,12.0,117.0,JehangirChowk,j3,j3_14.csv,HIGH,126.0,51
1900-01-01 11:05:00,RIGHT,4.0,5.0,8.0,1.0,18.0,JehangirChowk,j3,j3_14.csv,MEDIUM,29.5,24
1900-01-01 11:05:00,UP,9.0,0.0,0.0,0.0,9.0,JehangirChowk,j3,j3_14.csv,MEDIUM,9.0,18
1900-01-01 11:10:00,DOWN,8.0,0.0,0.0,1.0,9.0,JehangirChowk,j3,j3_14.csv,MEDIUM,11.0,18
1900-01-01 11:10:00,LEFT,44.0,60.0,3.0,7.0,114.0,JehangirChowk,j3,j3_14.csv,HIGH,102.5,45
1900-01-01 11:10:00,RIGHT,8.0,2.0,1.0,4.0,15.0,JehangirChowk,j3,j3_14.csv,MEDIUM,23.5,22
1900-01-01 11:10:00,UP,7.0,0.0,0.0,0.0,7.0,JehangirChowk,j3,j3_14.csv,MEDIUM,7.0,17
1900-01-01 11:15:00,DOWN,3.0,0.0,0.0,2.0,5.0,JehangirChowk,j3,j3_14.csv,MEDIUM,9.0,18
1900-01-01 11:15:00,LEFT,47.0,66.0,7.0,5.0,125.0,JehangirChowk,j3,j3_14.csv,HIGH,112.5,48
1900-01-01 11:15:00,RIGHT,4.0,3.0,2.0,2.0,11.0,JehangirChowk,j3,j3_14.csv,MEDIUM,16.5,20
1900-01-01 11:15:00,UP,5.0,0.0,2.0,2.0,9.0,JehangirChowk,j3,j3_14.csv,MEDIUM,16.0,20
1900-01-01 11:20:00,DOWN,8.0,0.0,0.0,1.0,9.0,JehangirChowk,j3,j3_14.csv,MEDIUM,11.0,18
1900-01-01 11:20:00,LEFT,46.0,90.0,5.0,7.0,148.0,JehangirChowk,j3,j3_14.csv,HIGH,124.5,51
1900-01-01 11:20:00,RIGHT,7.0,4.0,4.0,2.0,17.0,JehangirChowk,j3,j3_14.csv,MEDIUM,25.0,22
1900-01-01 11:20:00,UP,11.0,0.0,1.0,1.0,13.0,JehangirChowk,j3,j3_14.csv,MEDIUM,16.5,20
1900-01-01 11:25:00,DOWN,0.0,0.0,0.0,0.0,0.0,JehangirChowk,j3,j3_14.csv,LOW,0.0,15
1900-01-01 11:25:00,LEFT,0.0,0.0,0.0,0.0,0.0,JehangirChowk,j3,j3_14.csv,LOW,0.0,15
1900-01-01 11:25:00,RIGHT,3.0,1.0,2.0,1.0,7.0,JehangirChowk,j3,j3_14.csv,MEDIUM,11.5,18
1900-01-01 11:25:00,UP,2.0,0.0,1.0,0.0,3.0,JehangirChowk,j3,j3_14.csv,LOW,4.5,16
1900-01-01 08:55:00,DOWN,0.0,0.0,0.0,0.0,0.0,JehangirChowk,j3,j3_15.csv,LOW,0.0,15
1900-01-01 08:55:00,LEFT,0.0,0.0,0.0,0.0,0.0,JehangirChowk,j3,j3_15.csv,LOW,0.0,15
1900-01-01 08:55:00,RIGHT,0.0,0.0,0.0,0.0,0.0,JehangirChowk,j3,j3_15.csv,LOW,0.0,15
1900-01-01 08:55:00,UP,0.0,0.0,0.0,0.0,0.0,JehangirChowk,j3,j3_15.csv,LOW,0.0,15
1900-01-01 09:00:00,DOWN,2.0,0.0,1.0,0.0,3.0,JehangirChowk,j3,j3_15.csv,LOW,4.5,16
1900-01-01 09:00:00,LEFT,41.0,77.0,9.0,12.0,139.0,JehangirChowk,j3,j3_15.csv,HIGH,138.0,55
1900-01-01 09:00:00,RIGHT,5.0,7.0,5.0,5.0,22.0,JehangirChowk,j3,j3_15.csv,MEDIUM,36.0,25
1900-01-01 09:00:00,UP,5.0,0.0,0.0,1.0,6.0,JehangirChowk,j3,j3_15.csv,MEDIUM,8.0,17
1900-01-01 09:05:00,DOWN,4.0,0.0,0.0,0.0,4.0,JehangirChowk,j3,j3_15.csv,LOW,4.0,16
1900-01-01 09:05:00,LEFT,49.0,79.0,9.0,8.0,145.0,JehangirChowk,j3,j3_15.csv,HIGH,135.0,54
1900-01-01 09:05:00,RIGHT,6.0,5.0,3.0,2.0,16.0,JehangirChowk,j3,j3_15.csv,MEDIUM,22.0,21
1900-01-01 09:05:00,UP,12.0,0.0,2.0,0.0,14.0,JehangirChowk,j3,j3_15.csv,MEDIUM,17.0,20
1900-01-01 09:10:00,DOWN,3.0,0.0,0.0,0.0,3.0,JehangirChowk,j3,j3_15.csv,LOW,3.0,16
1900-01-01 09:10:00,LEFT,46.0,100.0,3.0,18.0,167.0,JehangirChowk,j3,j3_15.csv,VERY_HIGH,157.5,60
1900-01-01 09:10:00,RIGHT,8.0,6.0,8.0,1.0,23.0,JehangirChowk,j3,j3_15.csv,MEDIUM,34.0,25
1900-01-01 09:10:00,UP,12.0,0.0,1.0,0.0,13.0,JehangirChowk,j3,j3_15.csv,MEDIUM,14.5,19
1900-01-01 09:15:00,DOWN,3.0,0.0,0.0,1.0,4.0,JehangirChowk,j3,j3_15.csv,LOW,6.0,17
1900-01-01 09:15:00,LEFT,44.0,70.0,8.0,8.0,130.0,JehangirChowk,j3,j3_15.csv,HIGH,123.0,51
1900-01-01 09:15:00,RIGHT,6.0,5.0,6.0,2.0,19.0,JehangirChowk,j3,j3_15.csv,MEDIUM,29.5,24
1900-01-01 09:15:00,UP,19.0,0.0,0.0,0.0,19.0,JehangirChowk,j3,j3_15.csv,MEDIUM,19.0,20
1900-01-01 09:20:00,DOWN,1.0,0.0,0.0,1.0,2.0,JehangirChowk,j3,j3_15.csv,LOW,4.0,16
1900-01-01 09:20:00,LEFT,48.0,96.0,5.0,20.0,169.0,JehangirChowk,j3,j3_15.csv,VERY_HIGH,168.5,60
1900-01-01 09:20:00,RIGHT,7.0,7.0,9.0,5.0,28.0,JehangirChowk,j3,j3_15.csv,MEDIUM,48.0,29
1900-01-01 09:20:00,UP,14.0,0.0,0.0,1.0,15.0,JehangirChowk,j3,j3_15.csv,MEDIUM,17.0,20
1900-01-01 09:25:00,DOWN,1.0,1.0,1.0,0.0,3.0,JehangirChowk,j3,j3_15.csv,LOW,4.0,16
1900-01-01 09:25:00,LEFT,33.0,83.0,7.0,18.0,141.0,JehangirChowk,j3,j3_15.csv,HIGH,146.0,57
1900-01-01 09:25:00,RIGHT,8.0,5.0,4.0,1.0,18.0,JehangirChowk,j3,j3_15.csv,MEDIUM,23.5,22
1900-01-01 09:25:00,UP,10.0,0.0,1.0,2.0,13.0,JehangirChowk,j3,j3_15.csv,MEDIUM,18.5,20
1900-01-01 09:30:00,DOWN,3.0,0.0,0.0,1.0,4.0,JehangirChowk,j3,j3_15.csv,LOW,6.0,17
1900-01-01 09:30:00,LEFT,54.0,81.0,9.0,13.0,157.0,JehangirChowk,j3,j3_15.csv,VERY_HIGH,156.0,60
1900-01-01 09:30:00,RIGHT,7.0,7.0,6.0,4.0,24.0,JehangirChowk,j3,j3_15.csv,MEDIUM,37.5,26
1900-01-01 09:30:00,UP,13.0,0.0,0.0,3.0,16.0,JehangirChowk,j3,j3_15.csv,MEDIUM,22.0,21
1900-01-01 09:35:00,DOWN,2.0,0.0,0.0,0.0,2.0,JehangirChowk,j3,j3_15.csv,LOW,2.0,16
1900-01-01 09:35:00,LEFT,51.0,91.0,4.0,16.0,162.0,JehangirChowk,j3,j3_15.csv,VERY_HIGH,154.5,60
1900-01-01 09:35:00,RIGHT,9.0,5.0,5.0,3.0,22.0,JehangirChowk,j3,j3_15.csv,MEDIUM,33.0,25
1900-01-01 09:35:00,UP,10.0,0.0,0.0,1.0,11.0,JehangirChowk,j3,j3_15.csv,MEDIUM,13.0,19
1900-01-01 09:40:00,DOWN,2.0,0.0,0.0,0.0,2.0,JehangirChowk,j3,j3_15.csv,LOW,2.0,16
1900-01-01 09:40:00,LEFT,35.0,81.0,10.0,13.0,139.0,JehangirChowk,j3,j3_15.csv,HIGH,139.5,55
1900-01-01 09:40:00,RIGHT,8.0,6.0,5.0,4.0,23.0,JehangirChowk,j3,j3_15.csv,MEDIUM,35.5,25
1900-01-01 09:40:00,UP,8.0,0.0,2.0,1.0,11.0,JehangirChowk,j3,j3_15.csv,MEDIUM,16.0,20
1900-01-01 09:45:00,DOWN,1.0,0.0,1.0,0.0,2.0,JehangirChowk,j3,j3_15.csv,LOW,3.5,16
1900-01-01 09:45:00,LEFT,41.0,92.0,9.0,16.0,158.0,JehangirChowk,j3,j3_15.csv,VERY_HIGH,157.5,60
1900-01-01 09:45:00,RIGHT,6.0,3.0,2.0,3.0,14.0,JehangirChowk,j3,j3_15.csv,MEDIUM,21.5,21
1900-01-01 09:45:00,UP,12.0,0.0,2.0,0.0,14.0,JehangirChowk,j3,j3_15.csv,MEDIUM,17.0,20
1900-01-01 09:50:00,DOWN,4.0,0.0,0.0,0.0,4.0,JehangirChowk,j3,j3_15.csv,LOW,4.0,16
1900-01-01 09:50:00,LEFT,41.0,62.0,7.0,10.0,120.0,JehangirChowk,j3,j3_15.csv,HIGH,119.5,50
1900-01-01 09:50:00,RIGHT,8.0,12.0,3.0,2.0,25.0,JehangirChowk,j3,j3_15.csv,MEDIUM,27.5,23
1900-01-01 09:50:00,UP,17.0,0.0,1.0,0.0,18.0,JehangirChowk,j3,j3_15.csv,MEDIUM,19.5,21
1900-01-01 09:55:00,DOWN,5.0,0.0,0.0,0.0,5.0,JehangirChowk,j3,j3_15.csv,MEDIUM,5.0,16
1900-01-01 09:55:00,LEFT,35.0,58.0,4.0,14.0,111.0,JehangirChowk,j3,j3_15.csv,HIGH,116.0,49
1900-01-01 09:55:00,RIGHT,10.0,7.0,4.0,1.0,22.0,JehangirChowk,j3,j3_15.csv,MEDIUM,26.5,23
1900-01-01 09:55:00,UP,15.0,0.0,0.0,0.0,15.0,JehangirChowk,j3,j3_15.csv,MEDIUM,15.0,19
1900-01-01 10:00:00,DOWN,1.0,0.0,2.0,0.0,3.0,JehangirChowk,j3,j3_15.csv,LOW,6.0,17
1900-01-01 10:00:00,LEFT,43.0,59.0,3.0,14.0,119.0,JehangirChowk,j3,j3_15.csv,HIGH,122.0,50
1900-01-01 10:00:00,RIGHT,4.0,4.0,8.0,2.0,18.0,JehangirChowk,j3,j3_15.csv,MEDIUM,32.0,24
1900-01-01 10:00:00,UP,14.0,0.0,1.0,2.0,17.0,JehangirChowk,j3,j3_15.csv,MEDIUM,22.5,22
1900-01-01 10:05:00,DOWN,2.0,0.0,0.0,0.0,2.0,JehangirChowk,j3,j3_15.csv,LOW,2.0,16
1900-01-01 10:05:00,LEFT,41.0,81.0,7.0,9.0,138.0,JehangirChowk,j3,j3_15.csv,HIGH,126.0,51
1900-01-01 10:05:00,RIGHT,10.0,5.0,3.0,3.0,21.0,JehangirChowk,j3,j3_15.csv,MEDIUM,29.0,23
1900-01-01 10:05:00,UP,7.0,0.0,1.0,0.0,8.0,JehangirChowk,j3,j3_15.csv,MEDIUM,9.5,18
1900-01-01 10:10:00,DOWN,3.0,0.0,0.0,1.0,4.0,JehangirChowk,j3,j3_15.csv,LOW,6.0,17
1900-01-01 10:10:00,LEFT,42.0,60.0,6.0,13.0,121.0,JehangirChowk,j3,j3_15.csv,HIGH,126.0,51
1900-01-01 10:10:00,RIGHT,10.0,2.0,6.0,0.0,18.0,JehangirChowk,j3,j3_15.csv,MEDIUM,26.0,23
1900-01-01 10:10:00,UP,9.0,0.0,0.0,1.0,10.0,JehangirChowk,j3,j3_15.csv,MEDIUM,12.0,18
1900-01-01 10:15:00,DOWN,7.0,0.0,0.0,0.0,7.0,JehangirChowk,j3,j3_15.csv,MEDIUM,7.0,17
1900-01-01 10:15:00,LEFT,48.0,85.0,7.0,20.0,160.0,JehangirChowk,j3,j3_15.csv,VERY_HIGH,168.0,60
1900-01-01 10:15:00,RIGHT,10.0,3.0,4.0,2.0,19.0,JehangirChowk,j3,j3_15.csv,MEDIUM,27.5,23
1900-01-01 10:15:00,UP,16.0,0.0,3.0,0.0,19.0,JehangirChowk,j3,j3_15.csv,MEDIUM,23.5,22
1900-01-01 10:20:00,DOWN,7.0,0.0,0.0,0.0,7.0,JehangirChowk,j3,j3_15.csv,MEDIUM,7.0,17
1900-01-01 10:20:00,LEFT,45.0,65.0,6.0,10.0,126.0,JehangirChowk,j3,j3_15.csv,HIGH,122.5,50
1900-01-01 10:20:00,RIGHT,8.0,8.0,7.0,3.0,26.0,JehangirChowk,j3,j3_15.csv,MEDIUM,38.5,26
1900-01-01 10:20:00,UP,9.0,0.0,0.0,1.0,10.0,JehangirChowk,j3,j3_15.csv,MEDIUM,12.0,18
1900-01-01 10:25:00,DOWN,3.0,0.0,0.0,0.0,3.0,JehangirChowk,j3,j3_15.csv,LOW,3.0,16
1900-01-01 10:25:00,LEFT,52.0,79.0,9.0,18.0,158.0,JehangirChowk,j3,j3_15.csv,VERY_HIGH,168.0,60
1900-01-01 10:25:00,RIGHT,11.0,6.0,5.0,3.0,25.0,JehangirChowk,j3,j3_15.csv,MEDIUM,35.5,25
1900-01-01 10:25:00,UP,14.0,0.0,1.0,0.0,15.0,JehangirChowk,j3,j3_15.csv,MEDIUM,16.5,20
1900-01-01 10:30:00,DOWN,3.0,0.0,0.0,0.0,3.0,JehangirChowk,j3,j3_15.csv,LOW,3.0,16
1900-01-01 10:30:00,LEFT,40.0,64.0,9.0,16.0,129.0,JehangirChowk,j3,j3_15.csv,HIGH,142.5,56
1900-01-01 10:30:00,RIGHT,10.0,8.0,3.0,2.0,23.0,JehangirChowk,j3,j3_15.csv,MEDIUM,27.5,23
1900-01-01 10:30:00,UP,10.0,0.0,5.0,0.0,15.0,JehangirChowk,j3,j3_15.csv,MEDIUM,22.5,22
1900-01-01 10:35:00,DOWN,5.0,0.0,0.0,1.0,6.0,JehangirChowk,j3,j3_15.csv,MEDIUM,8.0,17
1900-01-01 10:35:00,LEFT,46.0,71.0,11.0,15.0,143.0,JehangirChowk,j3,j3_15.csv,HIGH,154.0,60
1900-01-01 10:35:00,RIGHT,8.0,8.0,4.0,4.0,24.0,JehangirChowk,j3,j3_15.csv,MEDIUM,34.0,25
1900-01-01 10:35:00,UP,16.0,0.0,6.0,0.0,22.0,JehangirChowk,j3,j3_15.csv,MEDIUM,31.0,24
1900-01-01 10:40:00,DOWN,2.0,0.0,0.0,3.0,5.0,JehangirChowk,j3,j3_15.csv,MEDIUM,11.0,18
1900-01-01 10:40:00,LEFT,52.0,61.0,9.0,14.0,136.0,JehangirChowk,j3,j3_15.csv,HIGH,147.0,58
1900-01-01 10:40:00,RIGHT,5.0,6.0,4.0,1.0,16.0,JehangirChowk,j3,j3_15.csv,MEDIUM,21.0,21
1900-01-01 10:40:00,UP,7.0,0.0,7.0,0.0,14.0,JehangirChowk,j3,j3_15.csv,MEDIUM,24.5,22
1900-01-01 10:45:00,DOWN,2.0,0.0,0.0,0.0,2.0,JehangirChowk,j3,j3_15.csv,LOW,2.0,16
1900-01-01 10:45:00,LEFT,45.0,76.0,7.0,20.0,148.0,JehangirChowk,j3,j3_15.csv,HIGH,160.5,60
1900-01-01 10:45:00,RIGHT,6.0,188.0,4.0,1.0,199.0,JehangirChowk,j3,j3_15.csv,VERY_HIGH,113.0,48
1900-01-01 10:45:00,UP,6.0,0.0,1.0,0.0,7.0,JehangirChowk,j3,j3_15.csv,MEDIUM,8.5,17
1900-01-01 10:50:00,DOWN,1.0,0.0,0.0,2.0,3.0,JehangirChowk,j3,j3_15.csv,LOW,7.0,17
1900-01-01 10:50:00,LEFT,43.0,55.0,4.0,17.0,119.0,JehangirChowk,j3,j3_15.csv,HIGH,131.5,53
1900-01-01 10:50:00,RIGHT,8.0,15.0,0.0,0.0,23.0,JehangirChowk,j3,j3_15.csv,MEDIUM,15.5,19
1900-01-01 10:50:00,UP,9.0,0.0,1.0,4.0,14.0,JehangirChowk,j3,j3_15.csv,MEDIUM,23.5,22
1900-01-01 10:55:00,DOWN,5.0,0.0,0.0,0.0,5.0,JehangirChowk,j3,j3_15.csv,MEDIUM,5.0,16
1900-01-01 10:55:00,LEFT,53.0,62.0,7.0,15.0,137.0,JehangirChowk,j3,j3_15.csv,HIGH,146.5,57
1900-01-01 10:55:00,RIGHT,6.0,4.0,2.0,4.0,16.0,JehangirChowk,j3,j3_15.csv,MEDIUM,25.0,22
1900-01-01 10:55:00,UP,13.0,0.0,0.0,2.0,15.0,JehangirChowk,j3,j3_15.csv,MEDIUM,19.0,20
1900-01-01 11:00:00,DOWN,5.0,0.0,0.0,0.0,5.0,JehangirChowk,j3,j3_15.csv,MEDIUM,5.0,16
1900-01-01 11:00:00,LEFT,45.0,64.0,10.0,11.0,130.0,JehangirChowk,j3,j3_15.csv,HIGH,135.0,54
1900-01-01 11:00:00,RIGHT,8.0,6.0,5.0,5.0,24.0,JehangirChowk,j3,j3_15.csv,MEDIUM,38.5,26
1900-01-01 11:00:00,UP,11.0,0.0,2.0,2.0,15.0,JehangirChowk,j3,j3_15.csv,MEDIUM,22.0,21
1900-01-01 11:05:00,DOWN,11.0,2.0,0.0,0.0,13.0,JehangirChowk,j3,j3_15.csv,MEDIUM,12.0,18
1900-01-01 11:05:00,LEFT,53.0,71.0,5.0,13.0,142.0,JehangirChowk,j3,j3_15.csv,HIGH,140.0,56
1900-01-01 11:05:00,RIGHT,9.0,5.0,5.0,1.0,20.0,JehangirChowk,j3,j3_15.csv,MEDIUM,27.0,23
1900-01-01 11:05:00,UP,40.0,1.0,1.0,2.0,44.0,JehangirChowk,j3,j3_15.csv,MEDIUM,49.0,29
1900-01-01 11:10:00,DOWN,5.0,1.0,0.0,2.0,8.0,JehangirChowk,j3,j3_15.csv,MEDIUM,11.5,18
1900-01-01 11:10:00,LEFT,47.0,58.0,6.0,16.0,127.0,JehangirChowk,j3,j3_15.csv,HIGH,139.0,55
1900-01-01 11:10:00,RIGHT,13.0,7.0,4.0,1.0,25.0,JehangirChowk,j3,j3_15.csv,MEDIUM,29.5,24
1900-01-01 11:10:00,UP,11.0,2.0,1.0,3.0,17.0,JehangirChowk,j3,j3_15.csv,MEDIUM,23.5,22
1900-01-01 11:15:00,DOWN,4.0,0.0,0.0,0.0,4.0,JehangirChowk,j3,j3_15.csv,LOW,4.0,16
1900-01-01 11:15:00,LEFT,51.0,84.0,7.0,13.0,155.0,JehangirChowk,j3,j3_15.csv,VERY_HIGH,149.5,58
1900-01-01 11:15:00,RIGHT,4.0,12.0,3.0,5.0,24.0,JehangirChowk,j3,j3_15.csv,MEDIUM,32.5,24
1900-01-01 11:15:00,UP,10.0,2.0,0.0,1.0,13.0,JehangirChowk,j3,j3_15.csv,MEDIUM,14.0,19
1900-01-01 11:20:00,DOWN,5.0,0.0,0.0,1.0,6.0,JehangirChowk,j3,j3_15.csv,MEDIUM,8.0,17
1900-01-01 11:20:00,LEFT,42.0,82.0,8.0,17.0,149.0,JehangirChowk,j3,j3_15.csv,HIGH,154.0,60
1900-01-01 11:20:00,RIGHT,10.0,6.0,4.0,3.0,23.0,JehangirChowk,j3,j3_15.csv,MEDIUM,32.0,24
1900-01-01 11:20:00,UP,14.0,0.0,0.0,0.0,14.0,JehangirChowk,j3,j3_15.csv,MEDIUM,14.0,19
1900-01-01 11:25:00,DOWN,4.0,0.0,0.0,0.0,4.0,JehangirChowk,j3,j3_15.csv,LOW,4.0,16
1900-01-01 11:25:00,LEFT,21.0,34.0,4.0,7.0,66.0,JehangirChowk,j3,j3_15.csv,MEDIUM,69.0,35
1900-01-01 11:25:00,RIGHT,5.0,6.0,2.0,1.0,14.0,JehangirChowk,j3,j3_15.csv,MEDIUM,16.0,20
1900-01-01 11:25:00,UP,5.0,0.0,0.0,1.0,6.0,JehangirChowk,j3,j3_15.csv,MEDIUM,8.0,17
1900-01-01 09:00:00,DOWN,0.0,0.0,1.0,0.0,1.0,JehangirChowk,j3,j3_11.csv,LOW,2.5,16
1900-01-01 09:00:00,LEFT,25.0,31.0,6.0,4.0,66.0,JehangirChowk,j3,j3_11.csv,MEDIUM,67.5,35
1900-01-01 09:00:00,RIGHT,1.0,4.0,5.0,3.0,13.0,JehangirChowk,j3,j3_11.csv,MEDIUM,24.5,22
1900-01-01 09:00:00,UP,1.0,0.0,3.0,0.0,4.0,JehangirChowk,j3,j3_11.csv,LOW,8.5,17
1900-01-01 09:05:00,DOWN,0.0,0.0,0.0,0.0,0.0,JehangirChowk,j3,j3_11.csv,LOW,0.0,15
1900-01-01 09:05:00,LEFT,23.0,31.0,7.0,14.0,75.0,JehangirChowk,j3,j3_11.csv,HIGH,98.0,43
1900-01-01 09:05:00,RIGHT,3.0,4.0,5.0,5.0,17.0,JehangirChowk,j3,j3_11.csv,MEDIUM,32.5,24
1900-01-01 09:05:00,UP,4.0,0.0,1.0,0.0,5.0,JehangirChowk,j3,j3_11.csv,MEDIUM,6.5,17
1900-01-01 09:10:00,DOWN,1.0,0.0,0.0,1.0,2.0,JehangirChowk,j3,j3_11.csv,LOW,4.0,16
1900-01-01 09:10:00,LEFT,30.0,33.0,10.0,5.0,78.0,JehangirChowk,j3,j3_11.csv,HIGH,86.5,40
1900-01-01 09:10:00,RIGHT,1.0,2.0,4.0,4.0,11.0,JehangirChowk,j3,j3_11.csv,MEDIUM,24.0,22
1900-01-01 09:10:00,UP,2.0,0.0,0.0,1.0,3.0,JehangirChowk,j3,j3_11.csv,LOW,5.0,16
1900-01-01 09:15:00,DOWN,1.0,0.0,0.0,0.0,1.0,JehangirChowk,j3,j3_11.csv,LOW,1.0,15
1900-01-01 09:15:00,LEFT,41.0,33.0,10.0,9.0,93.0,JehangirChowk,j3,j3_11.csv,HIGH,109.5,47
1900-01-01 09:15:00,RIGHT,2.0,2.0,3.0,6.0,13.0,JehangirChowk,j3,j3_11.csv,MEDIUM,28.5,23
1900-01-01 09:15:00,UP,3.0,0.0,0.0,0.0,3.0,JehangirChowk,j3,j3_11.csv,LOW,3.0,16
1900-01-01 09:20:00,DOWN,1.0,0.0,0.0,0.0,1.0,JehangirChowk,j3,j3_11.csv,LOW,1.0,15
1900-01-01 09:20:00,LEFT,36.0,36.0,6.0,11.0,89.0,JehangirChowk,j3,j3_11.csv,HIGH,102.0,45
1900-01-01 09:20:00,RIGHT,1.0,6.0,5.0,4.0,16.0,JehangirChowk,j3,j3_11.csv,MEDIUM,28.5,23
1900-01-01 09:20:00,UP,3.0,0.0,0.0,0.0,3.0,JehangirChowk,j3,j3_11.csv,LOW,3.0,16
1900-01-01 09:25:00,DOWN,1.0,1.0,0.0,0.0,2.0,JehangirChowk,j3,j3_11.csv,LOW,1.5,15
1900-01-01 09:25:00,LEFT,27.0,34.0,6.0,7.0,74.0,JehangirChowk,j3,j3_11.csv,MEDIUM,80.0,38
1900-01-01 09:25:00,RIGHT,9.0,4.0,4.0,4.0,21.0,JehangirChowk,j3,j3_11.csv,MEDIUM,33.0,25
1900-01-01 09:25:00,UP,1.0,0.0,0.0,1.0,2.0,JehangirChowk,j3,j3_11.csv,LOW,4.0,16
1900-01-01 09:30:00,DOWN,0.0,0.0,1.0,0.0,1.0,JehangirChowk,j3,j3_11.csv,LOW,2.5,16
1900-01-01 09:30:00,LEFT,20.0,43.0,8.0,5.0,76.0,JehangirChowk,j3,j3_11.csv,HIGH,76.5,37
1900-01-01 09:30:00,RIGHT,1.0,0.0,1.0,3.0,5.0,JehangirChowk,j3,j3_11.csv,MEDIUM,12.5,19
1900-01-01 09:30:00,UP,2.0,0.0,2.0,0.0,4.0,JehangirChowk,j3,j3_11.csv,LOW,7.0,17
1900-01-01 09:35:00,DOWN,0.0,0.0,0.0,0.0,0.0,JehangirChowk,j3,j3_11.csv,LOW,0.0,15
1900-01-01 09:35:00,LEFT,28.0,43.0,10.0,13.0,94.0,JehangirChowk,j3,j3_11.csv,HIGH,113.5,48
1900-01-01 09:35:00,RIGHT,6.0,0.0,1.0,4.0,11.0,JehangirChowk,j3,j3_11.csv,MEDIUM,20.5,21
1900-01-01 09:35:00,UP,6.0,0.0,0.0,0.0,6.0,JehangirChowk,j3,j3_11.csv,MEDIUM,6.0,17
1900-01-01 09:40:00,DOWN,1.0,0.0,0.0,0.0,1.0,JehangirChowk,j3,j3_11.csv,LOW,1.0,15
1900-01-01 09:40:00,LEFT,30.0,39.0,6.0,18.0,93.0,JehangirChowk,j3,j3_11.csv,HIGH,118.5,49
1900-01-01 09:40:00,RIGHT,8.0,1.0,6.0,4.0,19.0,JehangirChowk,j3,j3_11.csv,MEDIUM,35.5,25
1900-01-01 09:40:00,UP,6.0,0.0,0.0,0.0,6.0,JehangirChowk,j3,j3_11.csv,MEDIUM,6.0,17
1900-01-01 09:45:00,DOWN,1.0,0.0,0.0,0.0,1.0,JehangirChowk,j3,j3_11.csv,LOW,1.0,15
1900-01-01 09:45:00,LEFT,37.0,38.0,11.0,9.0,95.0,JehangirChowk,j3,j3_11.csv,HIGH,110.5,47
1900-01-01 09:45:00,RIGHT,3.0,2.0,2.0,3.0,10.0,JehangirChowk,j3,j3_11.csv,MEDIUM,18.0,20
1900-01-01 09:45:00,UP,3.0,0.0,1.0,0.0,4.0,JehangirChowk,j3,j3_11.csv,LOW,5.5,17
1900-01-01 09:50:00,DOWN,0.0,0.0,0.0,0.0,0.0,JehangirChowk,j3,j3_11.csv,LOW,0.0,15
1900-01-01 09:50:00,LEFT,42.0,42.0,8.0,8.0,100.0,JehangirChowk,j3,j3_11.csv,HIGH,107.0,46
1900-01-01 09:50:00,RIGHT,10.0,2.0,5.0,2.0,19.0,JehangirChowk,j3,j3_11.csv,MEDIUM,29.5,24
1900-01-01 09:50:00,UP,4.0,0.0,0.0,0.0,4.0,JehangirChowk,j3,j3_11.csv,LOW,4.0,16
1900-01-01 09:55:00,DOWN,1.0,0.0,0.0,1.0,2.0,JehangirChowk,j3,j3_11.csv,LOW,4.0,16
1900-01-01 09:55:00,LEFT,31.0,34.0,7.0,10.0,82.0,JehangirChowk,j3,j3_11.csv,HIGH,95.5,43
1900-01-01 09:55:00,RIGHT,4.0,2.0,6.0,2.0,14.0,JehangirChowk,j3,j3_11.csv,MEDIUM,26.0,23
1900-01-01 09:55:00,UP,2.0,0.0,0.0,0.0,2.0,JehangirChowk,j3,j3_11.csv,LOW,2.0,16
1900-01-01 10:00:00,DOWN,1.0,0.0,1.0,0.0,2.0,JehangirChowk,j3,j3_11.csv,LOW,3.5,16
1900-01-01 10:00:00,LEFT,25.0,30.0,11.0,17.0,83.0,JehangirChowk,j3,j3_11.csv,HIGH,118.5,49
1900-01-01 10:00:00,RIGHT,6.0,14.0,2.0,3.0,25.0,JehangirChowk,j3,j3_11.csv,MEDIUM,27.0,23
1900-01-01 10:00:00,UP,4.0,0.0,0.0,0.0,4.0,JehangirChowk,j3,j3_11.csv,LOW,4.0,16
1900-01-01 10:05:00,DOWN,1.0,0.0,0.0,0.0,1.0,JehangirChowk,j3,j3_11.csv,LOW,1.0,15
1900-01-01 10:05:00,LEFT,31.0,37.0,7.0,10.0,85.0,JehangirChowk,j3,j3_11.csv,HIGH,97.0,43
1900-01-01 10:05:00,RIGHT,2.0,9.0,4.0,1.0,16.0,JehangirChowk,j3,j3_11.csv,MEDIUM,19.5,21
1900-01-01 10:05:00,UP,5.0,0.0,0.0,0.0,5.0,JehangirChowk,j3,j3_11.csv,MEDIUM,5.0,16
1900-01-01 10:10:00,DOWN,1.0,0.0,0.0,0.0,1.0,JehangirChowk,j3,j3_11.csv,LOW,1.0,15
1900-01-01 10:10:00,LEFT,22.0,33.0,8.0,12.0,75.0,JehangirChowk,j3,j3_11.csv,HIGH,94.5,42
1900-01-01 10:10:00,RIGHT,4.0,1.0,1.0,4.0,10.0,JehangirChowk,j3,j3_11.csv,MEDIUM,19.0,20
1900-01-01 10:10:00,UP,3.0,0.0,0.0,0.0,3.0,JehangirChowk,j3,j3_11.csv,LOW,3.0,16
1900-01-01 10:15:00,DOWN,3.0,0.0,0.0,0.0,3.0,JehangirChowk,j3,j3_11.csv,LOW,3.0,16
1900-01-01 10:15:00,LEFT,31.0,41.0,5.0,15.0,92.0,JehangirChowk,j3,j3_11.csv,HIGH,109.0,47
1900-01-01 10:15:00,RIGHT,6.0,9.0,5.0,2.0,22.0,JehangirChowk,j3,j3_11.csv,MEDIUM,29.0,23
1900-01-01 10:15:00,UP,1.0,0.0,0.0,0.0,1.0,JehangirChowk,j3,j3_11.csv,LOW,1.0,15
1900-01-01 10:20:00,DOWN,0.0,0.0,0.0,1.0,1.0,JehangirChowk,j3,j3_11.csv,LOW,3.0,16
1900-01-01 10:20:00,LEFT,27.0,41.0,4.0,14.0,86.0,JehangirChowk,j3,j3_11.csv,HIGH,99.5,44
1900-01-01 10:20:00,RIGHT,4.0,7.0,1.0,2.0,14.0,JehangirChowk,j3,j3_11.csv,MEDIUM,16.0,20
1900-01-01 10:20:00,UP,3.0,0.0,0.0,0.0,3.0,JehangirChowk,j3,j3_11.csv,LOW,3.0,16
1900-01-01 10:25:00,DOWN,1.0,0.0,0.0,0.0,1.0,JehangirChowk,j3,j3_11.csv,LOW,1.0,15
1900-01-01 10:25:00,LEFT,28.0,36.0,9.0,13.0,86.0,JehangirChowk,j3,j3_11.csv,HIGH,107.5,46
1900-01-01 10:25:00,RIGHT,6.0,5.0,5.0,2.0,18.0,JehangirChowk,j3,j3_11.csv,MEDIUM,27.0,23
1900-01-01 10:25:00,UP,4.0,0.0,0.0,0.0,4.0,JehangirChowk,j3,j3_11.csv,LOW,4.0,16
1900-01-01 10:30:00,DOWN,1.0,1.0,0.0,0.0,2.0,JehangirChowk,j3,j3_11.csv,LOW,1.5,15
1900-01-01 10:30:00,LEFT,39.0,45.0,6.0,13.0,103.0,JehangirChowk,j3,j3_11.csv,HIGH,115.5,48
1900-01-01 10:30:00,RIGHT,7.0,0.0,2.0,2.0,11.0,JehangirChowk,j3,j3_11.csv,MEDIUM,18.0,20
1900-01-01 10:30:00,UP,3.0,0.0,1.0,1.0,5.0,JehangirChowk,j3,j3_11.csv,MEDIUM,8.5,17
1900-01-01 10:35:00,DOWN,4.0,0.0,0.0,0.0,4.0,JehangirChowk,j3,j3_11.csv,LOW,4.0,16
1900-01-01 10:35:00,LEFT,38.0,47.0,5.0,14.0,104.0,JehangirChowk,j3,j3_11.csv,HIGH,116.0,49
1900-01-01 10:35:00,RIGHT,1.0,4.0,3.0,5.0,13.0,JehangirChowk,j3,j3_11.csv,MEDIUM,25.5,22
1900-01-01 10:35:00,UP,4.0,0.0,0.0,0.0,4.0,JehangirChowk,j3,j3_11.csv,LOW,4.0,16
1900-01-01 10:40:00,DOWN,3.0,0.0,0.0,0.0,3.0,JehangirChowk,j3,j3_11.csv,LOW,3.0,16
1900-01-01 10:40:00,LEFT,42.0,57.0,5.0,14.0,118.0,JehangirChowk,j3,j3_11.csv,HIGH,125.0,51
1900-01-01 10:40:00,RIGHT,5.0,4.0,3.0,2.0,14.0,JehangirChowk,j3,j3_11.csv,MEDIUM,20.5,21
1900-01-01 10:40:00,UP,4.0,0.0,0.0,0.0,4.0,JehangirChowk,j3,j3_11.csv,LOW,4.0,16
1900-01-01 10:45:00,DOWN,0.0,0.0,0.0,0.0,0.0,JehangirChowk,j3,j3_11.csv,LOW,0.0,15
1900-01-01 10:45:00,LEFT,43.0,56.0,6.0,17.0,122.0,JehangirChowk,j3,j3_11.csv,HIGH,137.0,55
1900-01-01 10:45:00,RIGHT,2.0,1.0,4.0,2.0,9.0,JehangirChowk,j3,j3_11.csv,MEDIUM,18.5,20
1900-01-01 10:45:00,UP,3.0,0.0,4.0,0.0,7.0,JehangirChowk,j3,j3_11.csv,MEDIUM,13.0,19
1900-01-01 10:50:00,DOWN,2.0,0.0,0.0,1.0,3.0,JehangirChowk,j3,j3_11.csv,LOW,5.0,16
1900-01-01 10:50:00,LEFT,37.0,62.0,10.0,7.0,116.0,JehangirChowk,j3,j3_11.csv,HIGH,114.0,48
1900-01-01 10:50:00,RIGHT,9.0,1.0,0.0,5.0,15.0,JehangirChowk,j3,j3_11.csv,MEDIUM,24.5,22
1900-01-01 10:50:00,UP,5.0,0.0,0.0,0.0,5.0,JehangirChowk,j3,j3_11.csv,MEDIUM,5.0,16
1900-01-01 10:55:00,DOWN,1.0,0.0,0.0,0.0,1.0,JehangirChowk,j3,j3_11.csv,LOW,1.0,15
1900-01-01 10:55:00,LEFT,37.0,62.0,5.0,17.0,121.0,JehangirChowk,j3,j3_11.csv,HIGH,131.5,53
1900-01-01 10:55:00,RIGHT,7.0,2.0,2.0,2.0,13.0,JehangirChowk,j3,j3_11.csv,MEDIUM,19.0,20
1900-01-01 10:55:00,UP,0.0,0.0,0.0,1.0,1.0,JehangirChowk,j3,j3_11.csv,LOW,3.0,16
1900-01-01 11:00:00,DOWN,2.0,0.0,0.0,0.0,2.0,JehangirChowk,j3,j3_11.csv,LOW,2.0,16
1900-01-01 11:00:00,LEFT,41.0,50.0,6.0,8.0,105.0,JehangirChowk,j3,j3_11.csv,HIGH,105.0,45
1900-01-01 11:00:00,RIGHT,5.0,0.0,3.0,2.0,10.0,JehangirChowk,j3,j3_11.csv,MEDIUM,18.5,20
1900-01-01 11:00:00,UP,4.0,0.0,0.0,0.0,4.0,JehangirChowk,j3,j3_11.csv,LOW,4.0,16
1900-01-01 11:05:00,DOWN,1.0,0.0,0.0,0.0,1.0,JehangirChowk,j3,j3_11.csv,LOW,1.0,15
1900-01-01 11:05:00,LEFT,40.0,40.0,10.0,10.0,100.0,JehangirChowk,j3,j3_11.csv,HIGH,115.0,48
1900-01-01 11:05:00,RIGHT,3.0,6.0,1.0,2.0,12.0,JehangirChowk,j3,j3_11.csv,MEDIUM,14.5,19
1900-01-01 11:05:00,UP,8.0,0.0,2.0,0.0,10.0,JehangirChowk,j3,j3_11.csv,MEDIUM,13.0,19
1900-01-01 11:10:00,DOWN,3.0,0.0,0.0,0.0,3.0,JehangirChowk,j3,j3_11.csv,LOW,3.0,16
1900-01-01 11:10:00,LEFT,43.0,58.0,6.0,16.0,123.0,JehangirChowk,j3,j3_11.csv,HIGH,135.0,54
1900-01-01 11:10:00,RIGHT,5.0,3.0,2.0,2.0,12.0,JehangirChowk,j3,j3_11.csv,MEDIUM,17.5,20
1900-01-01 11:10:00,UP,0.0,0.0,1.0,0.0,1.0,JehangirChowk,j3,j3_11.csv,LOW,2.5,16
1900-01-01 11:15:00,DOWN,0.0,0.0,0.0,0.0,0.0,JehangirChowk,j3,j3_11.csv,LOW,0.0,15
1900-01-01 11:15:00,LEFT,41.0,67.0,4.0,13.0,125.0,JehangirChowk,j3,j3_11.csv,HIGH,123.5,51
1900-01-01 11:15:00,RIGHT,6.0,3.0,1.0,1.0,11.0,JehangirChowk,j3,j3_11.csv,MEDIUM,13.0,19
1900-01-01 11:15:00,UP,5.0,0.0,0.0,0.0,5.0,JehangirChowk,j3,j3_11.csv,MEDIUM,5.0,16
1900-01-01 11:20:00,DOWN,2.0,0.0,0.0,0.0,2.0,JehangirChowk,j3,j3_11.csv,LOW,2.0,16
1900-01-01 11:20:00,LEFT,35.0,34.0,5.0,18.0,92.0,JehangirChowk,j3,j3_11.csv,HIGH,118.5,49
1900-01-01 11:20:00,RIGHT,5.0,6.0,1.0,4.0,16.0,JehangirChowk,j3,j3_11.csv,MEDIUM,22.5,22
1900-01-01 11:20:00,UP,3.0,0.0,1.0,0.0,4.0,JehangirChowk,j3,j3_11.csv,LOW,5.5,17
1900-01-01 11:25:00,DOWN,2.0,0.0,0.0,0.0,2.0,JehangirChowk,j3,j3_11.csv,LOW,2.0,16
1900-01-01 11:25:00,LEFT,49.0,56.0,6.0,18.0,129.0,JehangirChowk,j3,j3_11.csv,HIGH,146.0,57
1900-01-01 11:25:00,RIGHT,3.0,4.0,5.0,4.0,16.0,JehangirChowk,j3,j3_11.csv,MEDIUM,29.5,24
1900-01-01 11:25:00,UP,7.0,0.0,1.0,0.0,8.0,JehangirChowk,j3,j3_11.csv,MEDIUM,9.5,18
1900-01-01 11:30:00,DOWN,3.0,0.0,0.0,0.0,3.0,JehangirChowk,j3,j3_11.csv,LOW,3.0,16
1900-01-01 11:30:00,LEFT,49.0,50.0,7.0,9.0,115.0,JehangirChowk,j3,j3_11.csv,HIGH,118.5,49
1900-01-01 11:30:00,RIGHT,14.0,5.0,2.0,4.0,25.0,JehangirChowk,j3,j3_11.csv,MEDIUM,33.5,25
1900-01-01 11:30:00,UP,3.0,0.0,0.0,0.0,3.0,JehangirChowk,j3,j3_11.csv,LOW,3.0,16
1900-01-01 11:35:00,DOWN,2.0,0.0,0.0,0.0,2.0,JehangirChowk,j3,j3_11.csv,LOW,2.0,16
1900-01-01 11:35:00,LEFT,39.0,62.0,5.0,21.0,127.0,JehangirChowk,j3,j3_11.csv,HIGH,145.5,57
1900-01-01 11:35:00,RIGHT,8.0,4.0,1.0,2.0,15.0,JehangirChowk,j3,j3_11.csv,MEDIUM,18.5,20
1900-01-01 11:35:00,UP,3.0,0.0,0.0,1.0,4.0,JehangirChowk,j3,j3_11.csv,LOW,6.0,17
1900-01-01 11:40:00,DOWN,0.0,0.0,0.0,0.0,0.0,JehangirChowk,j3,j3_11.csv,LOW,0.0,15
1900-01-01 11:40:00,LEFT,38.0,51.0,5.0,16.0,110.0,JehangirChowk,j3,j3_11.csv,HIGH,124.0,51
1900-01-01 11:40:00,RIGHT,6.0,9.0,2.0,8.0,25.0,JehangirChowk,j3,j3_11.csv,MEDIUM,39.5,26
1900-01-01 11:40:00,UP,4.0,0.0,0.0,0.0,4.0,JehangirChowk,j3,j3_11.csv,LOW,4.0,16
1900-01-01 11:45:00,DOWN,4.0,0.0,0.0,0.0,4.0,JehangirChowk,j3,j3_11.csv,LOW,4.0,16
1900-01-01 11:45:00,LEFT,46.0,61.0,7.0,11.0,125.0,JehangirChowk,j3,j3_11.csv,HIGH,127.0,52
1900-01-01 11:45:00,RIGHT,5.0,4.0,2.0,2.0,13.0,JehangirChowk,j3,j3_11.csv,MEDIUM,18.0,20
1900-01-01 11:45:00,UP,4.0,0.0,1.0,0.0,5.0,JehangirChowk,j3,j3_11.csv,MEDIUM,6.5,17
1900-01-01 11:50:00,DOWN,3.0,0.0,0.0,2.0,5.0,JehangirChowk,j3,j3_11.csv,MEDIUM,9.0,18
1900-01-01 11:50:00,LEFT,42.0,56.0,11.0,13.0,122.0,JehangirChowk,j3,j3_11.csv,HIGH,136.5,55
1900-01-01 11:50:00,RIGHT,8.0,3.0,6.0,2.0,19.0,JehangirChowk,j3,j3_11.csv,MEDIUM,30.5,24
1900-01-01 11:50:00,UP,0.0,0.0,0.0,1.0,1.0,JehangirChowk,j3,j3_11.csv,LOW,3.0,16
1900-01-01 11:55:00,DOWN,1.0,1.0,0.0,0.0,2.0,JehangirChowk,j3,j3_11.csv,LOW,1.5,15
1900-01-01 11:55:00,LEFT,42.0,58.0,4.0,9.0,113.0,JehangirChowk,j3,j3_11.csv,HIGH,108.0,46
1900-01-01 11:55:00,RIGHT,3.0,4.0,4.0,6.0,17.0,JehangirChowk,j3,j3_11.csv,MEDIUM,33.0,25
1900-01-01 11:55:00,UP,6.0,0.0,1.0,3.0,10.0,JehangirChowk,j3,j3_11.csv,MEDIUM,17.5,20
1900-01-01 12:00:00,DOWN,4.0,0.0,0.0,1.0,5.0,JehangirChowk,j3,j3_11.csv,MEDIUM,7.0,17
1900-01-01 12:00:00,LEFT,24.0,30.0,3.0,8.0,65.0,JehangirChowk,j3,j3_11.csv,MEDIUM,70.5,35
1900-01-01 12:00:00,RIGHT,4.0,5.0,0.0,7.0,16.0,JehangirChowk,j3,j3_11.csv,MEDIUM,27.5,23
1900-01-01 12:00:00,UP,3.0,0.0,0.0,0.0,3.0,JehangirChowk,j3,j3_11.csv,LOW,3.0,16
1900-01-01 08:55:00,DOWN,0.0,0.0,0.0,0.0,0.0,JehangirChowk,j3,j3_12.csv,LOW,0.0,15
1900-01-01 08:55:00,LEFT,2.0,2.0,0.0,1.0,5.0,JehangirChowk,j3,j3_12.csv,MEDIUM,6.0,17
1900-01-01 08:55:00,RIGHT,0.0,0.0,0.0,0.0,0.0,JehangirChowk,j3,j3_12.csv,LOW,0.0,15
1900-01-01 08:55:00,UP,0.0,0.0,0.0,0.0,0.0,JehangirChowk,j3,j3_12.csv,LOW,0.0,15
1900-01-01 09:00:00,DOWN,1.0,0.0,1.0,0.0,2.0,JehangirChowk,j3,j3_12.csv,LOW,3.5,16
1900-01-01 09:00:00,LEFT,54.0,73.0,11.0,5.0,143.0,JehangirChowk,j3,j3_12.csv,HIGH,133.0,53
1900-01-01 09:00:00,RIGHT,10.0,2.0,7.0,1.0,20.0,JehangirChowk,j3,j3_12.csv,MEDIUM,31.5,24
1900-01-01 09:00:00,UP,5.0,0.0,0.0,2.0,7.0,JehangirChowk,j3,j3_12.csv,MEDIUM,11.0,18
1900-01-01 09:05:00,DOWN,1.0,0.0,0.0,0.0,1.0,JehangirChowk,j3,j3_12.csv,LOW,1.0,15
1900-01-01 09:05:00,LEFT,34.0,72.0,4.0,6.0,116.0,JehangirChowk,j3,j3_12.csv,HIGH,98.0,43
1900-01-01 09:05:00,RIGHT,3.0,5.0,3.0,3.0,14.0,JehangirChowk,j3,j3_12.csv,MEDIUM,22.0,21
1900-01-01 09:05:00,UP,12.0,2.0,0.0,3.0,17.0,JehangirChowk,j3,j3_12.csv,MEDIUM,22.0,21
1900-01-01 09:10:00,DOWN,1.0,0.0,0.0,2.0,3.0,JehangirChowk,j3,j3_12.csv,LOW,7.0,17
1900-01-01 09:10:00,LEFT,33.0,99.0,13.0,4.0,149.0,JehangirChowk,j3,j3_12.csv,HIGH,127.0,52
1900-01-01 09:10:00,RIGHT,5.0,4.0,3.0,13.0,25.0,JehangirChowk,j3,j3_12.csv,MEDIUM,53.5,30
1900-01-01 09:10:00,UP,4.0,2.0,1.0,1.0,8.0,JehangirChowk,j3,j3_12.csv,MEDIUM,10.5,18
1900-01-01 09:15:00,DOWN,1.0,0.0,0.0,0.0,1.0,JehangirChowk,j3,j3_12.csv,LOW,1.0,15
1900-01-01 09:15:00,LEFT,56.0,114.0,7.0,6.0,183.0,JehangirChowk,j3,j3_12.csv,VERY_HIGH,148.5,58
1900-01-01 09:15:00,RIGHT,3.0,8.0,2.0,2.0,15.0,JehangirChowk,j3,j3_12.csv,MEDIUM,18.0,20
1900-01-01 09:15:00,UP,8.0,1.0,0.0,0.0,9.0,JehangirChowk,j3,j3_12.csv,MEDIUM,8.5,17
1900-01-01 09:20:00,DOWN,2.0,0.0,0.0,2.0,4.0,JehangirChowk,j3,j3_12.csv,LOW,8.0,17
1900-01-01 09:20:00,LEFT,41.0,95.0,8.0,8.0,152.0,JehangirChowk,j3,j3_12.csv,HIGH,132.5,53
1900-01-01 09:20:00,RIGHT,6.0,6.0,2.0,4.0,18.0,JehangirChowk,j3,j3_12.csv,MEDIUM,26.0,23
1900-01-01 09:20:00,UP,17.0,0.0,1.0,2.0,20.0,JehangirChowk,j3,j3_12.csv,MEDIUM,25.5,22
1900-01-01 09:25:00,DOWN,2.0,0.0,0.0,0.0,2.0,JehangirChowk,j3,j3_12.csv,LOW,2.0,16
1900-01-01 09:25:00,LEFT,63.0,112.0,6.0,8.0,189.0,JehangirChowk,j3,j3_12.csv,VERY_HIGH,158.0,60
1900-01-01 09:25:00,RIGHT,6.0,12.0,1.0,3.0,22.0,JehangirChowk,j3,j3_12.csv,MEDIUM,23.5,22
1900-01-01 09:25:00,UP,5.0,0.0,1.0,1.0,7.0,JehangirChowk,j3,j3_12.csv,MEDIUM,10.5,18
1900-01-01 09:30:00,DOWN,0.0,0.0,1.0,2.0,3.0,JehangirChowk,j3,j3_12.csv,LOW,8.5,17
1900-01-01 09:30:00,LEFT,46.0,111.0,6.0,11.0,174.0,JehangirChowk,j3,j3_12.csv,VERY_HIGH,149.5,58
1900-01-01 09:30:00,RIGHT,4.0,5.0,4.0,1.0,14.0,JehangirChowk,j3,j3_12.csv,MEDIUM,19.5,21
1900-01-01 09:30:00,UP,7.0,1.0,1.0,0.0,9.0,JehangirChowk,j3,j3_12.csv,MEDIUM,10.0,18
1900-01-01 09:35:00,DOWN,2.0,0.0,0.0,1.0,3.0,JehangirChowk,j3,j3_12.csv,LOW,5.0,16
1900-01-01 09:35:00,LEFT,47.0,105.0,8.0,7.0,167.0,JehangirChowk,j3,j3_12.csv,VERY_HIGH,140.5,56
1900-01-01 09:35:00,RIGHT,4.0,10.0,4.0,4.0,22.0,JehangirChowk,j3,j3_12.csv,MEDIUM,31.0,24
1900-01-01 09:35:00,UP,15.0,0.0,1.0,0.0,16.0,JehangirChowk,j3,j3_12.csv,MEDIUM,17.5,20
1900-01-01 09:40:00,DOWN,4.0,0.0,0.0,0.0,4.0,JehangirChowk,j3,j3_12.csv,LOW,4.0,16
1900-01-01 09:40:00,LEFT,47.0,95.0,6.0,5.0,153.0,JehangirChowk,j3,j3_12.csv,HIGH,124.5,51
1900-01-01 09:40:00,RIGHT,8.0,5.0,2.0,5.0,20.0,JehangirChowk,j3,j3_12.csv,MEDIUM,30.5,24
1900-01-01 09:40:00,UP,7.0,1.0,0.0,1.0,9.0,JehangirChowk,j3,j3_12.csv,MEDIUM,10.5,18
1900-01-01 09:45:00,DOWN,2.0,0.0,0.0,2.0,4.0,JehangirChowk,j3,j3_12.csv,LOW,8.0,17
1900-01-01 09:45:00,LEFT,36.0,89.0,5.0,12.0,142.0,JehangirChowk,j3,j3_12.csv,HIGH,129.0,52
1900-01-01 09:45:00,RIGHT,4.0,3.0,6.0,3.0,16.0,JehangirChowk,j3,j3_12.csv,MEDIUM,29.5,24
1900-01-01 09:45:00,UP,9.0,3.0,2.0,2.0,16.0,JehangirChowk,j3,j3_12.csv,MEDIUM,21.5,21
1900-01-01 09:50:00,DOWN,0.0,1.0,0.0,0.0,1.0,JehangirChowk,j3,j3_12.csv,LOW,0.5,15
1900-01-01 09:50:00,LEFT,43.0,95.0,1.0,9.0,148.0,JehangirChowk,j3,j3_12.csv,HIGH,120.0,50
1900-01-01 09:50:00,RIGHT,8.0,11.0,0.0,5.0,24.0,JehangirChowk,j3,j3_12.csv,MEDIUM,28.5,23
1900-01-01 09:50:00,UP,9.0,0.0,1.0,0.0,10.0,JehangirChowk,j3,j3_12.csv,MEDIUM,11.5,18
1900-01-01 09:55:00,DOWN,2.0,0.0,0.0,0.0,2.0,JehangirChowk,j3,j3_12.csv,LOW,2.0,16
1900-01-01 09:55:00,LEFT,54.0,106.0,10.0,7.0,177.0,JehangirChowk,j3,j3_12.csv,VERY_HIGH,153.0,59
1900-01-01 09:55:00,RIGHT,6.0,6.0,2.0,4.0,18.0,JehangirChowk,j3,j3_12.csv,MEDIUM,26.0,23
1900-01-01 09:55:00,UP,5.0,1.0,0.0,3.0,9.0,JehangirChowk,j3,j3_12.csv,MEDIUM,14.5,19
1900-01-01 10:00:00,DOWN,6.0,0.0,0.0,0.0,6.0,JehangirChowk,j3,j3_12.csv,MEDIUM,6.0,17
1900-01-01 10:00:00,LEFT,49.0,105.0,7.0,7.0,168.0,JehangirChowk,j3,j3_12.csv,VERY_HIGH,140.0,56
1900-01-01 10:00:00,RIGHT,6.0,8.0,7.0,6.0,27.0,JehangirChowk,j3,j3_12.csv,MEDIUM,45.5,28
1900-01-01 10:00:00,UP,8.0,1.0,0.0,0.0,9.0,JehangirChowk,j3,j3_12.csv,MEDIUM,8.5,17
1900-01-01 10:05:00,DOWN,1.0,0.0,0.0,0.0,1.0,JehangirChowk,j3,j3_12.csv,LOW,1.0,15
1900-01-01 10:05:00,LEFT,33.0,99.0,11.0,6.0,149.0,JehangirChowk,j3,j3_12.csv,HIGH,128.0,52
1900-01-01 10:05:00,RIGHT,5.0,5.0,2.0,5.0,17.0,JehangirChowk,j3,j3_12.csv,MEDIUM,27.5,23
1900-01-01 10:05:00,UP,7.0,0.0,2.0,0.0,9.0,JehangirChowk,j3,j3_12.csv,MEDIUM,12.0,18
1900-01-01 10:10:00,DOWN,1.0,0.0,0.0,1.0,2.0,JehangirChowk,j3,j3_12.csv,LOW,4.0,16
1900-01-01 10:10:00,LEFT,55.0,101.0,8.0,3.0,167.0,JehangirChowk,j3,j3_12.csv,VERY_HIGH,134.5,54
1900-01-01 10:10:00,RIGHT,6.0,10.0,4.0,2.0,22.0,JehangirChowk,j3,j3_12.csv,MEDIUM,27.0,23
1900-01-01 10:10:00,UP,10.0,0.0,1.0,1.0,12.0,JehangirChowk,j3,j3_12.csv,MEDIUM,15.5,19
1900-01-01 10:15:00,DOWN,3.0,0.0,0.0,1.0,4.0,JehangirChowk,j3,j3_12.csv,LOW,6.0,17
1900-01-01 10:15:00,LEFT,50.0,73.0,4.0,10.0,137.0,JehangirChowk,j3,j3_12.csv,HIGH,126.5,52
1900-01-01 10:15:00,RIGHT,3.0,9.0,1.0,4.0,17.0,JehangirChowk,j3,j3_12.csv,MEDIUM,22.0,21
1900-01-01 10:15:00,UP,11.0,0.0,0.0,3.0,14.0,JehangirChowk,j3,j3_12.csv,MEDIUM,20.0,21
1900-01-01 10:20:00,DOWN,3.0,0.0,0.0,0.0,3.0,JehangirChowk,j3,j3_12.csv,LOW,3.0,16
1900-01-01 10:20:00,LEFT,61.0,87.0,10.0,3.0,161.0,JehangirChowk,j3,j3_12.csv,VERY_HIGH,138.5,55
1900-01-01 10:20:00,RIGHT,5.0,8.0,4.0,2.0,19.0,JehangirChowk,j3,j3_12.csv,MEDIUM,25.0,22
1900-01-01 10:20:00,UP,7.0,1.0,1.0,0.0,9.0,JehangirChowk,j3,j3_12.csv,MEDIUM,10.0,18
1900-01-01 10:25:00,DOWN,1.0,0.0,0.0,0.0,1.0,JehangirChowk,j3,j3_12.csv,LOW,1.0,15
1900-01-01 10:25:00,LEFT,52.0,56.0,4.0,20.0,132.0,JehangirChowk,j3,j3_12.csv,HIGH,150.0,58
1900-01-01 10:25:00,RIGHT,2.0,4.0,6.0,1.0,13.0,JehangirChowk,j3,j3_12.csv,MEDIUM,22.0,21
1900-01-01 10:25:00,UP,7.0,0.0,0.0,2.0,9.0,JehangirChowk,j3,j3_12.csv,MEDIUM,13.0,19
1900-01-01 10:30:00,DOWN,4.0,0.0,0.0,0.0,4.0,JehangirChowk,j3,j3_12.csv,LOW,4.0,16
1900-01-01 10:30:00,LEFT,52.0,99.0,10.0,4.0,165.0,JehangirChowk,j3,j3_12.csv,VERY_HIGH,138.5,55
1900-01-01 10:30:00,RIGHT,5.0,4.0,5.0,2.0,16.0,JehangirChowk,j3,j3_12.csv,MEDIUM,25.5,22
1900-01-01 10:30:00,UP,11.0,1.0,1.0,1.0,14.0,JehangirChowk,j3,j3_12.csv,MEDIUM,17.0,20
1900-01-01 10:35:00,DOWN,3.0,1.0,0.0,1.0,5.0,JehangirChowk,j3,j3_12.csv,MEDIUM,6.5,17
1900-01-01 10:35:00,LEFT,45.0,66.0,8.0,6.0,125.0,JehangirChowk,j3,j3_12.csv,HIGH,116.0,49
1900-01-01 10:35:00,RIGHT,10.0,13.0,3.0,3.0,29.0,JehangirChowk,j3,j3_12.csv,MEDIUM,33.0,25
1900-01-01 10:35:00,UP,12.0,0.0,0.0,1.0,13.0,JehangirChowk,j3,j3_12.csv,MEDIUM,15.0,19
1900-01-01 10:40:00,DOWN,5.0,0.0,0.0,0.0,5.0,JehangirChowk,j3,j3_12.csv,MEDIUM,5.0,16
1900-01-01 10:40:00,LEFT,50.0,84.0,10.0,7.0,151.0,JehangirChowk,j3,j3_12.csv,HIGH,138.0,55
1900-01-01 10:40:00,RIGHT,7.0,4.0,2.0,3.0,16.0,JehangirChowk,j3,j3_12.csv,MEDIUM,23.0,22
1900-01-01 10:40:00,UP,12.0,1.0,0.0,0.0,13.0,JehangirChowk,j3,j3_12.csv,MEDIUM,12.5,19
1900-01-01 10:45:00,DOWN,5.0,0.0,0.0,0.0,5.0,JehangirChowk,j3,j3_12.csv,MEDIUM,5.0,16
1900-01-01 10:45:00,LEFT,59.0,88.0,11.0,7.0,165.0,JehangirChowk,j3,j3_12.csv,VERY_HIGH,151.5,59
1900-01-01 10:45:00,RIGHT,10.0,3.0,5.0,0.0,18.0,JehangirChowk,j3,j3_12.csv,MEDIUM,24.0,22
1900-01-01 10:45:00,UP,15.0,0.0,2.0,0.0,17.0,JehangirChowk,j3,j3_12.csv,MEDIUM,20.0,21
1900-01-01 10:50:00,DOWN,8.0,0.0,0.0,0.0,8.0,JehangirChowk,j3,j3_12.csv,MEDIUM,8.0,17
1900-01-01 10:50:00,LEFT,51.0,86.0,8.0,5.0,150.0,JehangirChowk,j3,j3_12.csv,HIGH,129.0,52
1900-01-01 10:50:00,RIGHT,8.0,2.0,3.0,2.0,15.0,JehangirChowk,j3,j3_12.csv,MEDIUM,22.5,22
1900-01-01 10:50:00,UP,19.0,0.0,1.0,1.0,21.0,JehangirChowk,j3,j3_12.csv,MEDIUM,24.5,22
1900-01-01 10:55:00,DOWN,7.0,0.0,0.0,0.0,7.0,JehangirChowk,j3,j3_12.csv,MEDIUM,7.0,17
1900-01-01 10:55:00,LEFT,52.0,80.0,7.0,6.0,145.0,JehangirChowk,j3,j3_12.csv,HIGH,127.5,52
1900-01-01 10:55:00,RIGHT,9.0,5.0,1.0,5.0,20.0,JehangirChowk,j3,j3_12.csv,MEDIUM,29.0,23
1900-01-01 10:55:00,UP,26.0,1.0,1.0,0.0,28.0,JehangirChowk,j3,j3_12.csv,MEDIUM,29.0,23
1900-01-01 11:00:00,DOWN,6.0,0.0,0.0,0.0,6.0,JehangirChowk,j3,j3_12.csv,MEDIUM,6.0,17
1900-01-01 11:00:00,LEFT,40.0,69.0,6.0,9.0,124.0,JehangirChowk,j3,j3_12.csv,HIGH,116.5,49
1900-01-01 11:00:00,RIGHT,7.0,3.0,1.0,4.0,15.0,JehangirChowk,j3,j3_12.csv,MEDIUM,23.0,22
1900-01-01 11:00:00,UP,6.0,0.0,2.0,1.0,9.0,JehangirChowk,j3,j3_12.csv,MEDIUM,14.0,19
1900-01-01 11:05:00,DOWN,7.0,0.0,0.0,1.0,8.0,JehangirChowk,j3,j3_12.csv,MEDIUM,10.0,18
1900-01-01 11:05:00,LEFT,38.0,73.0,12.0,12.0,135.0,JehangirChowk,j3,j3_12.csv,HIGH,140.5,56
1900-01-01 11:05:00,RIGHT,5.0,6.0,2.0,1.0,14.0,JehangirChowk,j3,j3_12.csv,MEDIUM,16.0,20
1900-01-01 11:05:00,UP,5.0,2.0,1.0,1.0,9.0,JehangirChowk,j3,j3_12.csv,MEDIUM,11.5,18
1900-01-01 11:10:00,DOWN,4.0,0.0,0.0,0.0,4.0,JehangirChowk,j3,j3_12.csv,LOW,4.0,16
1900-01-01 11:10:00,LEFT,54.0,54.0,6.0,6.0,120.0,JehangirChowk,j3,j3_12.csv,HIGH,114.0,48
1900-01-01 11:10:00,RIGHT,6.0,4.0,2.0,2.0,14.0,JehangirChowk,j3,j3_12.csv,MEDIUM,19.0,20
1900-01-01 11:10:00,UP,13.0,0.0,0.0,0.0,13.0,JehangirChowk,j3,j3_12.csv,MEDIUM,13.0,19
1900-01-01 11:15:00,DOWN,5.0,0.0,0.0,1.0,6.0,JehangirChowk,j3,j3_12.csv,MEDIUM,8.0,17
1900-01-01 11:15:00,LEFT,28.0,60.0,11.0,6.0,105.0,JehangirChowk,j3,j3_12.csv,HIGH,103.5,45
1900-01-01 11:15:00,RIGHT,12.0,6.0,1.0,10.0,29.0,JehangirChowk,j3,j3_12.csv,MEDIUM,47.5,29
1900-01-01 11:15:00,UP,4.0,1.0,0.0,0.0,5.0,JehangirChowk,j3,j3_12.csv,MEDIUM,4.5,16
1900-01-01 11:20:00,DOWN,10.0,0.0,0.0,3.0,13.0,JehangirChowk,j3,j3_12.csv,MEDIUM,19.0,20
1900-01-01 11:20:00,LEFT,50.0,68.0,5.0,7.0,130.0,JehangirChowk,j3,j3_12.csv,HIGH,117.5,49
1900-01-01 11:20:00,RIGHT,11.0,95.0,3.0,3.0,112.0,JehangirChowk,j3,j3_12.csv,HIGH,75.0,37
1900-01-01 11:20:00,UP,33.0,0.0,3.0,0.0,36.0,JehangirChowk,j3,j3_12.csv,MEDIUM,40.5,27
1900-01-01 11:25:00,DOWN,5.0,1.0,0.0,0.0,6.0,JehangirChowk,j3,j3_12.csv,MEDIUM,5.5,17
1900-01-01 11:25:00,LEFT,40.0,82.0,10.0,5.0,137.0,JehangirChowk,j3,j3_12.csv,HIGH,121.0,50
1900-01-01 11:25:00,RIGHT,5.0,6.0,3.0,5.0,19.0,JehangirChowk,j3,j3_12.csv,MEDIUM,30.5,24
1900-01-01 11:25:00,UP,9.0,0.0,1.0,1.0,11.0,JehangirChowk,j3,j3_12.csv,MEDIUM,14.5,19
1900-01-01 11:30:00,DOWN,6.0,2.0,0.0,0.0,8.0,JehangirChowk,j3,j3_12.csv,MEDIUM,7.0,17
1900-01-01 11:30:00,LEFT,25.0,47.0,6.0,8.0,86.0,JehangirChowk,j3,j3_12.csv,HIGH,87.5,40
1900-01-01 11:30:00,RIGHT,14.0,11.0,2.0,4.0,31.0,JehangirChowk,j3,j3_12.csv,MEDIUM,36.5,26
1900-01-01 11:30:00,UP,7.0,2.0,1.0,1.0,11.0,JehangirChowk,j3,j3_12.csv,MEDIUM,13.5,19
1900-01-01 11:35:00,DOWN,4.0,0.0,0.0,1.0,5.0,JehangirChowk,j3,j3_12.csv,MEDIUM,7.0,17
1900-01-01 11:35:00,LEFT,39.0,95.0,7.0,8.0,149.0,JehangirChowk,j3,j3_12.csv,HIGH,128.0,52
1900-01-01 11:35:00,RIGHT,4.0,5.0,1.0,6.0,16.0,JehangirChowk,j3,j3_12.csv,MEDIUM,27.0,23
1900-01-01 11:35:00,UP,7.0,0.0,1.0,0.0,8.0,JehangirChowk,j3,j3_12.csv,MEDIUM,9.5,18
1900-01-01 11:40:00,DOWN,7.0,3.0,0.0,0.0,10.0,JehangirChowk,j3,j3_12.csv,MEDIUM,8.5,17
1900-01-01 11:40:00,LEFT,43.0,86.0,8.0,8.0,145.0,JehangirChowk,j3,j3_12.csv,HIGH,130.0,53
1900-01-01 11:40:00,RIGHT,12.0,15.0,2.0,7.0,36.0,JehangirChowk,j3,j3_12.csv,MEDIUM,45.5,28
1900-01-01 11:40:00,UP,20.0,1.0,1.0,1.0,23.0,JehangirChowk,j3,j3_12.csv,MEDIUM,26.0,23
1900-01-01 11:45:00,DOWN,7.0,0.0,0.0,0.0,7.0,JehangirChowk,j3,j3_12.csv,MEDIUM,7.0,17
1900-01-01 11:45:00,LEFT,53.0,114.0,4.0,13.0,184.0,JehangirChowk,j3,j3_12.csv,VERY_HIGH,159.0,60
1900-01-01 11:45:00,RIGHT,4.0,4.0,5.0,2.0,15.0,JehangirChowk,j3,j3_12.csv,MEDIUM,24.5,22
1900-01-01 11:45:00,UP,13.0,0.0,0.0,0.0,13.0,JehangirChowk,j3,j3_12.csv,MEDIUM,13.0,19
1900-01-01 11:50:00,DOWN,8.0,1.0,0.0,0.0,9.0,JehangirChowk,j3,j3_12.csv,MEDIUM,8.5,17
1900-01-01 11:50:00,LEFT,45.0,89.0,13.0,9.0,156.0,JehangirChowk,j3,j3_12.csv,VERY_HIGH,149.0,58
1900-01-01 11:50:00,RIGHT,7.0,9.0,6.0,2.0,24.0,JehangirChowk,j3,j3_12.csv,MEDIUM,32.5,24
1900-01-01 11:50:00,UP,10.0,0.0,5.0,1.0,16.0,JehangirChowk,j3,j3_12.csv,MEDIUM,25.5,22
1900-01-01 11:55:00,DOWN,2.0,0.0,0.0,0.0,2.0,JehangirChowk,j3,j3_12.csv,LOW,2.0,16
1900-01-01 11:55:00,LEFT,44.0,90.0,1.0,9.0,144.0,JehangirChowk,j3,j3_12.csv,HIGH,118.5,49
1900-01-01 11:55:00,RIGHT,3.0,6.0,0.0,1.0,10.0,JehangirChowk,j3,j3_12.csv,MEDIUM,9.0,18
1900-01-01 11:55:00,UP,7.0,1.0,0.0,2.0,10.0,JehangirChowk,j3,j3_12.csv,MEDIUM,13.5,19
1900-01-01 12:00:00,DOWN,0.0,0.0,0.0,0.0,0.0,JehangirChowk,j3,j3_12.csv,LOW,0.0,15
1900-01-01 12:00:00,LEFT,23.0,21.0,1.0,6.0,51.0,JehangirChowk,j3,j3_12.csv,MEDIUM,54.0,31
1900-01-01 12:00:00,RIGHT,2.0,1.0,1.0,1.0,5.0,JehangirChowk,j3,j3_12.csv,MEDIUM,8.0,17
1900-01-01 12:00:00,UP,2.0,0.0,0.0,0.0,2.0,JehangirChowk,j3,j3_12.csv,LOW,2.0,16
1900-01-01 08:55:00,DOWN,0.0,0.0,0.0,0.0,0.0,JehangirChowk,j3,j3_13.csv,LOW,0.0,15
1900-01-01 08:55:00,LEFT,0.0,0.0,1.0,0.0,1.0,JehangirChowk,j3,j3_13.csv,LOW,2.5,16
1900-01-01 08:55:00,RIGHT,0.0,0.0,0.0,0.0,0.0,JehangirChowk,j3,j3_13.csv,LOW,0.0,15
1900-01-01 08:55:00,UP,0.0,0.0,0.0,0.0,0.0,JehangirChowk,j3,j3_13.csv,LOW,0.0,15
1900-01-01 09:00:00,DOWN,5.0,0.0,1.0,0.0,6.0,JehangirChowk,j3,j3_13.csv,MEDIUM,7.5,17
1900-01-01 09:00:00,LEFT,47.0,75.0,3.0,6.0,131.0,JehangirChowk,j3,j3_13.csv,HIGH,110.0,47
1900-01-01 09:00:00,RIGHT,7.0,5.0,4.0,1.0,17.0,JehangirChowk,j3,j3_13.csv,MEDIUM,22.5,22
1900-01-01 09:00:00,UP,12.0,1.0,2.0,1.0,16.0,JehangirChowk,j3,j3_13.csv,MEDIUM,20.5,21
1900-01-01 09:05:00,DOWN,4.0,0.0,0.0,0.0,4.0,JehangirChowk,j3,j3_13.csv,LOW,4.0,16
1900-01-01 09:05:00,LEFT,40.0,97.0,7.0,5.0,149.0,JehangirChowk,j3,j3_13.csv,HIGH,121.0,50
1900-01-01 09:05:00,RIGHT,8.0,3.0,3.0,1.0,15.0,JehangirChowk,j3,j3_13.csv,MEDIUM,20.0,21
1900-01-01 09:05:00,UP,7.0,1.0,3.0,3.0,14.0,JehangirChowk,j3,j3_13.csv,MEDIUM,24.0,22
1900-01-01 09:10:00,DOWN,2.0,0.0,0.0,0.0,2.0,JehangirChowk,j3,j3_13.csv,LOW,2.0,16
1900-01-01 09:10:00,LEFT,36.0,58.0,5.0,3.0,102.0,JehangirChowk,j3,j3_13.csv,HIGH,86.5,40
1900-01-01 09:10:00,RIGHT,2.0,9.0,1.0,4.0,16.0,JehangirChowk,j3,j3_13.csv,MEDIUM,21.0,21
1900-01-01 09:10:00,UP,8.0,3.0,0.0,2.0,13.0,JehangirChowk,j3,j3_13.csv,MEDIUM,15.5,19
1900-01-01 09:15:00,DOWN,1.0,2.0,0.0,0.0,3.0,JehangirChowk,j3,j3_13.csv,LOW,2.0,16
1900-01-01 09:15:00,LEFT,44.0,85.0,8.0,8.0,145.0,JehangirChowk,j3,j3_13.csv,HIGH,130.5,53
1900-01-01 09:15:00,RIGHT,8.0,5.0,3.0,3.0,19.0,JehangirChowk,j3,j3_13.csv,MEDIUM,27.0,23
1900-01-01 09:15:00,UP,7.0,0.0,1.0,0.0,8.0,JehangirChowk,j3,j3_13.csv,MEDIUM,9.5,18
1900-01-01 09:20:00,DOWN,2.0,1.0,0.0,1.0,4.0,JehangirChowk,j3,j3_13.csv,LOW,5.5,17
1900-01-01 09:20:00,LEFT,40.0,88.0,3.0,8.0,139.0,JehangirChowk,j3,j3_13.csv,HIGH,115.5,48
1900-01-01 09:20:00,RIGHT,6.0,6.0,3.0,2.0,17.0,JehangirChowk,j3,j3_13.csv,MEDIUM,22.5,22
1900-01-01 09:20:00,UP,8.0,2.0,0.0,1.0,11.0,JehangirChowk,j3,j3_13.csv,MEDIUM,12.0,18
1900-01-01 09:25:00,DOWN,2.0,0.0,0.0,1.0,3.0,JehangirChowk,j3,j3_13.csv,LOW,5.0,16
1900-01-01 09:25:00,LEFT,49.0,67.0,7.0,10.0,133.0,JehangirChowk,j3,j3_13.csv,HIGH,130.0,53
1900-01-01 09:25:00,RIGHT,7.0,9.0,1.0,3.0,20.0,JehangirChowk,j3,j3_13.csv,MEDIUM,23.0,22
1900-01-01 09:25:00,UP,18.0,2.0,1.0,1.0,22.0,JehangirChowk,j3,j3_13.csv,MEDIUM,24.5,22
1900-01-01 09:30:00,DOWN,1.0,0.0,1.0,0.0,2.0,JehangirChowk,j3,j3_13.csv,LOW,3.5,16
1900-01-01 09:30:00,LEFT,37.0,105.0,4.0,3.0,149.0,JehangirChowk,j3,j3_13.csv,HIGH,108.5,46
1900-01-01 09:30:00,RIGHT,4.0,8.0,6.0,4.0,22.0,JehangirChowk,j3,j3_13.csv,MEDIUM,35.0,25
1900-01-01 09:30:00,UP,7.0,1.0,0.0,0.0,8.0,JehangirChowk,j3,j3_13.csv,MEDIUM,7.5,17
1900-01-01 09:35:00,DOWN,1.0,0.0,0.0,0.0,1.0,JehangirChowk,j3,j3_13.csv,LOW,1.0,15
1900-01-01 09:35:00,LEFT,39.0,93.0,9.0,6.0,147.0,JehangirChowk,j3,j3_13.csv,HIGH,126.0,51
1900-01-01 09:35:00,RIGHT,4.0,11.0,1.0,3.0,19.0,JehangirChowk,j3,j3_13.csv,MEDIUM,21.0,21
1900-01-01 09:35:00,UP,7.0,3.0,0.0,1.0,11.0,JehangirChowk,j3,j3_13.csv,MEDIUM,11.5,18
1900-01-01 09:40:00,DOWN,4.0,0.0,0.0,0.0,4.0,JehangirChowk,j3,j3_13.csv,LOW,4.0,16
1900-01-01 09:40:00,LEFT,35.0,102.0,9.0,3.0,149.0,JehangirChowk,j3,j3_13.csv,HIGH,117.5,49
1900-01-01 09:40:00,RIGHT,12.0,3.0,3.0,1.0,19.0,JehangirChowk,j3,j3_13.csv,MEDIUM,24.0,22
1900-01-01 09:40:00,UP,5.0,0.0,0.0,0.0,5.0,JehangirChowk,j3,j3_13.csv,MEDIUM,5.0,16
1900-01-01 09:45:00,DOWN,2.0,1.0,0.0,0.0,3.0,JehangirChowk,j3,j3_13.csv,LOW,2.5,16
1900-01-01 09:45:00,LEFT,27.0,65.0,5.0,2.0,99.0,JehangirChowk,j3,j3_13.csv,HIGH,78.0,38
1900-01-01 09:45:00,RIGHT,3.0,5.0,2.0,0.0,10.0,JehangirChowk,j3,j3_13.csv,MEDIUM,10.5,18
1900-01-01 09:45:00,UP,4.0,1.0,0.0,1.0,6.0,JehangirChowk,j3,j3_13.csv,MEDIUM,7.5,17
1900-01-01 09:50:00,DOWN,4.0,0.0,0.0,0.0,4.0,JehangirChowk,j3,j3_13.csv,LOW,4.0,16
1900-01-01 09:50:00,LEFT,46.0,90.0,4.0,2.0,142.0,JehangirChowk,j3,j3_13.csv,HIGH,107.0,46
1900-01-01 09:50:00,RIGHT,8.0,3.0,4.0,3.0,18.0,JehangirChowk,j3,j3_13.csv,MEDIUM,28.5,23
1900-01-01 09:50:00,UP,11.0,0.0,1.0,0.0,12.0,JehangirChowk,j3,j3_13.csv,MEDIUM,13.5,19
1900-01-01 09:55:00,DOWN,4.0,0.0,0.0,0.0,4.0,JehangirChowk,j3,j3_13.csv,LOW,4.0,16
1900-01-01 09:55:00,LEFT,34.0,86.0,6.0,5.0,131.0,JehangirChowk,j3,j3_13.csv,HIGH,107.0,46
1900-01-01 09:55:00,RIGHT,6.0,7.0,2.0,2.0,17.0,JehangirChowk,j3,j3_13.csv,MEDIUM,20.5,21
1900-01-01 09:55:00,UP,4.0,0.0,2.0,1.0,7.0,JehangirChowk,j3,j3_13.csv,MEDIUM,12.0,18
1900-01-01 10:00:00,DOWN,5.0,0.0,0.0,0.0,5.0,JehangirChowk,j3,j3_13.csv,MEDIUM,5.0,16
1900-01-01 10:00:00,LEFT,53.0,116.0,6.0,9.0,184.0,JehangirChowk,j3,j3_13.csv,VERY_HIGH,153.0,59
1900-01-01 10:00:00,RIGHT,13.0,6.0,1.0,2.0,22.0,JehangirChowk,j3,j3_13.csv,MEDIUM,24.5,22
1900-01-01 10:00:00,UP,17.0,1.0,2.0,1.0,21.0,JehangirChowk,j3,j3_13.csv,MEDIUM,25.5,22
1900-01-01 10:05:00,DOWN,4.0,1.0,0.0,1.0,6.0,JehangirChowk,j3,j3_13.csv,MEDIUM,7.5,17
1900-01-01 10:05:00,LEFT,36.0,79.0,9.0,8.0,132.0,JehangirChowk,j3,j3_13.csv,HIGH,122.0,50
1900-01-01 10:05:00,RIGHT,2.0,7.0,1.0,1.0,11.0,JehangirChowk,j3,j3_13.csv,MEDIUM,11.0,18
1900-01-01 10:05:00,UP,9.0,1.0,1.0,0.0,11.0,JehangirChowk,j3,j3_13.csv,MEDIUM,12.0,18
1900-01-01 10:10:00,DOWN,4.0,1.0,0.0,0.0,5.0,JehangirChowk,j3,j3_13.csv,MEDIUM,4.5,16
1900-01-01 10:10:00,LEFT,31.0,91.0,4.0,3.0,129.0,JehangirChowk,j3,j3_13.csv,HIGH,95.5,43
1900-01-01 10:10:00,RIGHT,1.0,48.0,4.0,0.0,53.0,JehangirChowk,j3,j3_13.csv,MEDIUM,35.0,25
1900-01-01 10:10:00,UP,5.0,0.0,2.0,1.0,8.0,JehangirChowk,j3,j3_13.csv,MEDIUM,13.0,19
1900-01-01 10:15:00,DOWN,1.0,0.0,0.0,1.0,2.0,JehangirChowk,j3,j3_13.csv,LOW,4.0,16
1900-01-01 10:15:00,LEFT,38.0,78.0,7.0,7.0,130.0,JehangirChowk,j3,j3_13.csv,HIGH,115.5,48
1900-01-01 10:15:00,RIGHT,7.0,8.0,2.0,2.0,19.0,JehangirChowk,j3,j3_13.csv,MEDIUM,22.0,21
1900-01-01 10:15:00,UP,6.0,1.0,0.0,1.0,8.0,JehangirChowk,j3,j3_13.csv,MEDIUM,9.5,18
1900-01-01 10:20:00,DOWN,2.0,0.0,0.0,1.0,3.0,JehangirChowk,j3,j3_13.csv,LOW,5.0,16
1900-01-01 10:20:00,LEFT,33.0,58.0,6.0,5.0,102.0,JehangirChowk,j3,j3_13.csv,HIGH,92.0,42
1900-01-01 10:20:00,RIGHT,6.0,11.0,0.0,2.0,19.0,JehangirChowk,j3,j3_13.csv,MEDIUM,17.5,20
1900-01-01 10:20:00,UP,6.0,0.0,1.0,1.0,8.0,JehangirChowk,j3,j3_13.csv,MEDIUM,11.5,18
1900-01-01 10:25:00,DOWN,1.0,0.0,0.0,0.0,1.0,JehangirChowk,j3,j3_13.csv,LOW,1.0,15
1900-01-01 10:25:00,LEFT,36.0,47.0,5.0,7.0,95.0,JehangirChowk,j3,j3_13.csv,HIGH,93.0,42
1900-01-01 10:25:00,RIGHT,4.0,5.0,4.0,2.0,15.0,JehangirChowk,j3,j3_13.csv,MEDIUM,22.5,22
1900-01-01 10:25:00,UP,6.0,0.0,0.0,1.0,7.0,JehangirChowk,j3,j3_13.csv,MEDIUM,9.0,18
1900-01-01 10:30:00,DOWN,2.0,0.0,0.0,1.0,3.0,JehangirChowk,j3,j3_13.csv,LOW,5.0,16
1900-01-01 10:30:00,LEFT,50.0,71.0,3.0,10.0,134.0,JehangirChowk,j3,j3_13.csv,HIGH,123.0,51
1900-01-01 10:30:00,RIGHT,4.0,34.0,3.0,2.0,43.0,JehangirChowk,j3,j3_13.csv,MEDIUM,34.5,25
1900-01-01 10:30:00,UP,8.0,1.0,0.0,1.0,10.0,JehangirChowk,j3,j3_13.csv,MEDIUM,11.5,18
1900-01-01 10:35:00,DOWN,3.0,0.0,0.0,0.0,3.0,JehangirChowk,j3,j3_13.csv,LOW,3.0,16
1900-01-01 10:35:00,LEFT,28.0,52.0,3.0,8.0,91.0,JehangirChowk,j3,j3_13.csv,HIGH,85.5,40
1900-01-01 10:35:00,RIGHT,4.0,12.0,3.0,5.0,24.0,JehangirChowk,j3,j3_13.csv,MEDIUM,32.5,24
1900-01-01 10:35:00,UP,6.0,0.0,4.0,1.0,11.0,JehangirChowk,j3,j3_13.csv,MEDIUM,19.0,20
1900-01-01 10:40:00,DOWN,4.0,0.0,0.0,0.0,4.0,JehangirChowk,j3,j3_13.csv,LOW,4.0,16
1900-01-01 10:40:00,LEFT,45.0,66.0,1.0,2.0,114.0,JehangirChowk,j3,j3_13.csv,HIGH,86.5,40
1900-01-01 10:40:00,RIGHT,6.0,4.0,2.0,0.0,12.0,JehangirChowk,j3,j3_13.csv,MEDIUM,13.0,19
1900-01-01 10:40:00,UP,3.0,0.0,0.0,0.0,3.0,JehangirChowk,j3,j3_13.csv,LOW,3.0,16
1900-01-01 10:45:00,DOWN,5.0,0.0,0.0,0.0,5.0,JehangirChowk,j3,j3_13.csv,MEDIUM,5.0,16
1900-01-01 10:45:00,LEFT,41.0,95.0,3.0,6.0,145.0,JehangirChowk,j3,j3_13.csv,HIGH,114.0,48
1900-01-01 10:45:00,RIGHT,4.0,9.0,3.0,4.0,20.0,JehangirChowk,j3,j3_13.csv,MEDIUM,28.0,23
1900-01-01 10:45:00,UP,11.0,3.0,0.0,2.0,16.0,JehangirChowk,j3,j3_13.csv,MEDIUM,18.5,20
1900-01-01 10:50:00,DOWN,2.0,0.0,0.0,0.0,2.0,JehangirChowk,j3,j3_13.csv,LOW,2.0,16
1900-01-01 10:50:00,LEFT,34.0,73.0,9.0,6.0,122.0,JehangirChowk,j3,j3_13.csv,HIGH,111.0,47
1900-01-01 10:50:00,RIGHT,4.0,10.0,0.0,2.0,16.0,JehangirChowk,j3,j3_13.csv,MEDIUM,15.0,19
1900-01-01 10:50:00,UP,5.0,0.0,1.0,0.0,6.0,JehangirChowk,j3,j3_13.csv,MEDIUM,7.5,17
1900-01-01 10:55:00,DOWN,2.0,0.0,0.0,1.0,3.0,JehangirChowk,j3,j3_13.csv,LOW,5.0,16
1900-01-01 10:55:00,LEFT,52.0,57.0,9.0,4.0,122.0,JehangirChowk,j3,j3_13.csv,HIGH,115.0,48
1900-01-01 10:55:00,RIGHT,3.0,15.0,4.0,0.0,22.0,JehangirChowk,j3,j3_13.csv,MEDIUM,20.5,21
1900-01-01 10:55:00,UP,7.0,0.0,1.0,1.0,9.0,JehangirChowk,j3,j3_13.csv,MEDIUM,12.5,19
1900-01-01 11:00:00,DOWN,4.0,0.0,0.0,0.0,4.0,JehangirChowk,j3,j3_13.csv,LOW,4.0,16
1900-01-01 11:00:00,LEFT,45.0,70.0,7.0,11.0,133.0,JehangirChowk,j3,j3_13.csv,HIGH,130.5,53
1900-01-01 11:00:00,RIGHT,8.0,7.0,1.0,3.0,19.0,JehangirChowk,j3,j3_13.csv,MEDIUM,23.0,22
1900-01-01 11:00:00,UP,11.0,0.0,2.0,3.0,16.0,JehangirChowk,j3,j3_13.csv,MEDIUM,25.0,22
1900-01-01 11:05:00,DOWN,4.0,0.0,0.0,0.0,4.0,JehangirChowk,j3,j3_13.csv,LOW,4.0,16
1900-01-01 11:05:00,LEFT,42.0,73.0,4.0,5.0,124.0,JehangirChowk,j3,j3_13.csv,HIGH,103.5,45
1900-01-01 11:05:00,RIGHT,9.0,9.0,2.0,1.0,21.0,JehangirChowk,j3,j3_13.csv,MEDIUM,21.5,21
1900-01-01 11:05:00,UP,35.0,1.0,0.0,0.0,36.0,JehangirChowk,j3,j3_13.csv,MEDIUM,35.5,25
1900-01-01 11:10:00,DOWN,6.0,0.0,0.0,3.0,9.0,JehangirChowk,j3,j3_13.csv,MEDIUM,15.0,19
1900-01-01 11:10:00,LEFT,45.0,71.0,6.0,0.0,122.0,JehangirChowk,j3,j3_13.csv,HIGH,95.5,43
1900-01-01 11:10:00,RIGHT,10.0,3.0,1.0,2.0,16.0,JehangirChowk,j3,j3_13.csv,MEDIUM,20.0,21
1900-01-01 11:10:00,UP,12.0,1.0,0.0,1.0,14.0,JehangirChowk,j3,j3_13.csv,MEDIUM,15.5,19
1900-01-01 11:15:00,DOWN,7.0,0.0,0.0,1.0,8.0,JehangirChowk,j3,j3_13.csv,MEDIUM,10.0,18
1900-01-01 11:15:00,LEFT,36.0,68.0,6.0,4.0,114.0,JehangirChowk,j3,j3_13.csv,HIGH,97.0,43
1900-01-01 11:15:00,RIGHT,7.0,6.0,1.0,5.0,19.0,JehangirChowk,j3,j3_13.csv,MEDIUM,27.5,23
1900-01-01 11:15:00,UP,20.0,0.0,1.0,2.0,23.0,JehangirChowk,j3,j3_13.csv,MEDIUM,28.5,23
1900-01-01 11:20:00,DOWN,6.0,0.0,0.0,0.0,6.0,JehangirChowk,j3,j3_13.csv,MEDIUM,6.0,17
1900-01-01 11:20:00,LEFT,46.0,66.0,4.0,4.0,120.0,JehangirChowk,j3,j3_13.csv,HIGH,101.0,44
1900-01-01 11:20:00,RIGHT,7.0,9.0,2.0,1.0,19.0,JehangirChowk,j3,j3_13.csv,MEDIUM,19.5,21
1900-01-01 11:20:00,UP,8.0,0.0,0.0,0.0,8.0,JehangirChowk,j3,j3_13.csv,MEDIUM,8.0,17
1900-01-01 11:25:00,DOWN,7.0,0.0,0.0,0.0,7.0,JehangirChowk,j3,j3_13.csv,MEDIUM,7.0,17
1900-01-01 11:25:00,LEFT,42.0,62.0,10.0,5.0,119.0,JehangirChowk,j3,j3_13.csv,HIGH,113.0,48
1900-01-01 11:25:00,RIGHT,7.0,5.0,3.0,2.0,17.0,JehangirChowk,j3,j3_13.csv,MEDIUM,23.0,22
1900-01-01 11:25:00,UP,7.0,2.0,0.0,2.0,11.0,JehangirChowk,j3,j3_13.csv,MEDIUM,14.0,19
1900-01-01 11:30:00,DOWN,8.0,0.0,0.0,1.0,9.0,JehangirChowk,j3,j3_13.csv,MEDIUM,11.0,18
1900-01-01 11:30:00,LEFT,44.0,70.0,3.0,7.0,124.0,JehangirChowk,j3,j3_13.csv,HIGH,107.5,46
1900-01-01 11:30:00,RIGHT,6.0,6.0,0.0,2.0,14.0,JehangirChowk,j3,j3_13.csv,MEDIUM,15.0,19
1900-01-01 11:30:00,UP,14.0,2.0,1.0,1.0,18.0,JehangirChowk,j3,j3_13.csv,MEDIUM,20.5,21
1900-01-01 11:35:00,DOWN,8.0,0.0,0.0,0.0,8.0,JehangirChowk,j3,j3_13.csv,MEDIUM,8.0,17
1900-01-01 11:35:00,LEFT,30.0,66.0,4.0,4.0,104.0,JehangirChowk,j3,j3_13.csv,HIGH,85.0,40
1900-01-01 11:35:00,RIGHT,6.0,4.0,2.0,2.0,14.0,JehangirChowk,j3,j3_13.csv,MEDIUM,19.0,20
1900-01-01 11:35:00,UP,11.0,0.0,0.0,1.0,12.0,JehangirChowk,j3,j3_13.csv,MEDIUM,14.0,19
1900-01-01 11:40:00,DOWN,3.0,0.0,0.0,0.0,3.0,JehangirChowk,j3,j3_13.csv,LOW,3.0,16
1900-01-01 11:40:00,LEFT,28.0,75.0,6.0,7.0,116.0,JehangirChowk,j3,j3_13.csv,HIGH,101.5,44
1900-01-01 11:40:00,RIGHT,4.0,7.0,1.0,3.0,15.0,JehangirChowk,j3,j3_13.csv,MEDIUM,19.0,20
1900-01-01 11:40:00,UP,11.0,1.0,0.0,1.0,13.0,JehangirChowk,j3,j3_13.csv,MEDIUM,14.5,19
1900-01-01 11:45:00,DOWN,7.0,0.0,0.0,0.0,7.0,JehangirChowk,j3,j3_13.csv,MEDIUM,7.0,17
1900-01-01 11:45:00,LEFT,28.0,70.0,0.0,11.0,109.0,JehangirChowk,j3,j3_13.csv,HIGH,96.0,43
1900-01-01 11:45:00,RIGHT,4.0,7.0,5.0,4.0,20.0,JehangirChowk,j3,j3_13.csv,MEDIUM,32.0,24
1900-01-01 11:45:00,UP,8.0,2.0,2.0,1.0,13.0,JehangirChowk,j3,j3_13.csv,MEDIUM,17.0,20
1900-01-01 11:50:00,DOWN,3.0,0.0,0.0,2.0,5.0,JehangirChowk,j3,j3_13.csv,MEDIUM,9.0,18
1900-01-01 11:50:00,LEFT,39.0,69.0,4.0,2.0,114.0,JehangirChowk,j3,j3_13.csv,HIGH,89.5,41
1900-01-01 11:50:00,RIGHT,4.0,67.0,2.0,1.0,74.0,JehangirChowk,j3,j3_13.csv,MEDIUM,45.5,28
1900-01-01 11:50:00,UP,8.0,0.0,1.0,1.0,10.0,JehangirChowk,j3,j3_13.csv,MEDIUM,13.5,19
1900-01-01 11:55:00,DOWN,6.0,0.0,0.0,1.0,7.0,JehangirChowk,j3,j3_13.csv,MEDIUM,9.0,18
1900-01-01 11:55:00,LEFT,29.0,93.0,2.0,4.0,128.0,JehangirChowk,j3,j3_13.csv,HIGH,92.5,42
1900-01-01 11:55:00,RIGHT,4.0,6.0,3.0,0.0,13.0,JehangirChowk,j3,j3_13.csv,MEDIUM,14.5,19
1900-01-01 11:55:00,UP,1.0,0.0,1.0,1.0,3.0,JehangirChowk,j3,j3_13.csv,LOW,6.5,17
1900-01-01 12:00:00,DOWN,2.0,0.0,0.0,0.0,2.0,JehangirChowk,j3,j3_13.csv,LOW,2.0,16
1900-01-01 12:00:00,LEFT,11.0,19.0,1.0,1.0,32.0,JehangirChowk,j3,j3_13.csv,MEDIUM,26.0,23
1900-01-01 12:00:00,RIGHT,1.0,0.0,2.0,2.0,5.0,JehangirChowk,j3,j3_13.csv,MEDIUM,12.0,18
1900-01-01 12:00:00,UP,2.0,0.0,0.0,0.0,2.0,JehangirChowk,j3,j3_13.csv,LOW,2.0,16
1900-01-01 11:25:00,DOWN,1.0,0.0,0.0,1.0,2.0,JehangirChowk,j3,j3_14_one.csv,LOW,4.0,16
1900-01-01 11:25:00,LEFT,40.0,58.0,11.0,11.0,120.0,JehangirChowk,j3,j3_14_one.csv,HIGH,129.5,52
1900-01-01 11:25:00,RIGHT,5.0,1.0,1.0,4.0,11.0,JehangirChowk,j3,j3_14_one.csv,MEDIUM,20.0,21
1900-01-01 11:25:00,UP,13.0,0.0,0.0,2.0,15.0,JehangirChowk,j3,j3_14_one.csv,MEDIUM,19.0,20
1900-01-01 11:30:00,DOWN,5.0,0.0,0.0,0.0,5.0,JehangirChowk,j3,j3_14_one.csv,MEDIUM,5.0,16
1900-01-01 11:30:00,LEFT,43.0,67.0,5.0,8.0,123.0,JehangirChowk,j3,j3_14_one.csv,HIGH,113.0,48
1900-01-01 11:30:00,RIGHT,16.0,8.0,3.0,1.0,28.0,JehangirChowk,j3,j3_14_one.csv,MEDIUM,30.5,24
1900-01-01 11:30:00,UP,8.0,0.0,4.0,1.0,13.0,JehangirChowk,j3,j3_14_one.csv,MEDIUM,21.0,21
1900-01-01 11:35:00,DOWN,4.0,0.0,0.0,2.0,6.0,JehangirChowk,j3,j3_14_one.csv,MEDIUM,10.0,18
1900-01-01 11:35:00,LEFT,45.0,65.0,6.0,19.0,135.0,JehangirChowk,j3,j3_14_one.csv,HIGH,149.5,58
1900-01-01 11:35:00,RIGHT,6.0,3.0,0.0,2.0,11.0,JehangirChowk,j3,j3_14_one.csv,MEDIUM,13.5,19
1900-01-01 11:35:00,UP,8.0,0.0,1.0,0.0,9.0,JehangirChowk,j3,j3_14_one.csv,MEDIUM,10.5,18
1900-01-01 11:40:00,DOWN,4.0,0.0,0.0,0.0,4.0,JehangirChowk,j3,j3_14_one.csv,LOW,4.0,16
1900-01-01 11:40:00,LEFT,45.0,62.0,3.0,10.0,120.0,JehangirChowk,j3,j3_14_one.csv,HIGH,113.5,48
1900-01-01 11:40:00,RIGHT,8.0,3.0,3.0,2.0,16.0,JehangirChowk,j3,j3_14_one.csv,MEDIUM,23.0,22
1900-01-01 11:40:00,UP,7.0,0.0,0.0,5.0,12.0,JehangirChowk,j3,j3_14_one.csv,MEDIUM,22.0,21
1900-01-01 11:45:00,DOWN,3.0,0.0,0.0,0.0,3.0,JehangirChowk,j3,j3_14_one.csv,LOW,3.0,16
1900-01-01 11:45:00,LEFT,53.0,58.0,7.0,16.0,134.0,JehangirChowk,j3,j3_14_one.csv,HIGH,147.5,58
1900-01-01 11:45:00,RIGHT,13.0,5.0,5.0,4.0,27.0,JehangirChowk,j3,j3_14_one.csv,MEDIUM,40.0,27
1900-01-01 11:45:00,UP,1.0,0.0,3.0,0.0,4.0,JehangirChowk,j3,j3_14_one.csv,LOW,8.5,17
1900-01-01 11:50:00,DOWN,2.0,0.0,0.0,0.0,2.0,JehangirChowk,j3,j3_14_one.csv,LOW,2.0,16
1900-01-01 11:50:00,LEFT,37.0,78.0,5.0,10.0,130.0,JehangirChowk,j3,j3_14_one.csv,HIGH,118.5,49
1900-01-01 11:50:00,RIGHT,8.0,5.0,2.0,5.0,20.0,JehangirChowk,j3,j3_14_one.csv,MEDIUM,30.5,24
1900-01-01 11:50:00,UP,4.0,0.0,1.0,0.0,5.0,JehangirChowk,j3,j3_14_one.csv,MEDIUM,6.5,17
1900-01-01 11:55:00,DOWN,4.0,0.0,0.0,0.0,4.0,JehangirChowk,j3,j3_14_one.csv,LOW,4.0,16
1900-01-01 11:55:00,LEFT,44.0,83.0,7.0,12.0,146.0,JehangirChowk,j3,j3_14_one.csv,HIGH,139.0,55
1900-01-01 11:55:00,RIGHT,5.0,7.0,2.0,0.0,14.0,JehangirChowk,j3,j3_14_one.csv,MEDIUM,13.5,19
1900-01-01 11:55:00,UP,5.0,0.0,2.0,2.0,9.0,JehangirChowk,j3,j3_14_one.csv,MEDIUM,16.0,20
1900-01-01 11:25:00,DOWN,1.0,0.0,0.0,1.0,2.0,JehangirChowk,j3,j3_15_one.csv,LOW,4.0,16
1900-01-01 11:25:00,LEFT,21.0,29.0,7.0,10.0,67.0,JehangirChowk,j3,j3_15_one.csv,MEDIUM,83.0,39
1900-01-01 11:25:00,RIGHT,4.0,3.0,1.0,2.0,10.0,JehangirChowk,j3,j3_15_one.csv,MEDIUM,14.0,19
1900-01-01 11:25:00,UP,5.0,5.0,3.0,0.0,13.0,JehangirChowk,j3,j3_15_one.csv,MEDIUM,15.0,19
1900-01-01 11:30:00,DOWN,7.0,0.0,0.0,1.0,8.0,JehangirChowk,j3,j3_15_one.csv,MEDIUM,10.0,18
1900-01-01 11:30:00,LEFT,40.0,83.0,6.0,18.0,147.0,JehangirChowk,j3,j3_15_one.csv,HIGH,150.5,59
1900-01-01 11:30:00,RIGHT,9.0,15.0,3.0,6.0,33.0,JehangirChowk,j3,j3_15_one.csv,MEDIUM,42.0,27
1900-01-01 11:30:00,UP,11.0,0.0,0.0,1.0,12.0,JehangirChowk,j3,j3_15_one.csv,MEDIUM,14.0,19
1900-01-01 11:35:00,DOWN,6.0,0.0,0.0,0.0,6.0,JehangirChowk,j3,j3_15_one.csv,MEDIUM,6.0,17
1900-01-01 11:35:00,LEFT,41.0,107.0,8.0,14.0,170.0,JehangirChowk,j3,j3_15_one.csv,VERY_HIGH,156.5,60
1900-01-01 11:35:00,RIGHT,15.0,15.0,1.0,1.0,32.0,JehangirChowk,j3,j3_15_one.csv,MEDIUM,28.0,23
1900-01-01 11:35:00,UP,6.0,0.0,1.0,0.0,7.0,JehangirChowk,j3,j3_15_one.csv,MEDIUM,8.5,17
1900-01-01 11:40:00,DOWN,1.0,0.0,2.0,1.0,4.0,JehangirChowk,j3,j3_15_one.csv,LOW,9.0,18
1900-01-01 11:40:00,LEFT,41.0,66.0,7.0,13.0,127.0,JehangirChowk,j3,j3_15_one.csv,HIGH,130.5,53
1900-01-01 11:40:00,RIGHT,3.0,5.0,5.0,6.0,19.0,JehangirChowk,j3,j3_15_one.csv,MEDIUM,36.0,25
1900-01-01 11:40:00,UP,11.0,0.0,7.0,1.0,19.0,JehangirChowk,j3,j3_15_one.csv,MEDIUM,31.5,24
1900-01-01 11:45:00,DOWN,2.0,0.0,0.0,1.0,3.0,JehangirChowk,j3,j3_15_one.csv,LOW,5.0,16
1900-01-01 11:45:00,LEFT,32.0,62.0,8.0,12.0,114.0,JehangirChowk,j3,j3_15_one.csv,HIGH,119.0,49
1900-01-01 11:45:00,RIGHT,10.0,1.0,7.0,3.0,21.0,JehangirChowk,j3,j3_15_one.csv,MEDIUM,37.0,26
1900-01-01 11:45:00,UP,9.0,0.0,2.0,3.0,14.0,JehangirChowk,j3,j3_15_one.csv,MEDIUM,23.0,22
1900-01-01 11:50:00,DOWN,5.0,0.0,0.0,0.0,5.0,JehangirChowk,j3,j3_15_one.csv,MEDIUM,5.0,16
1900-01-01 11:50:00,LEFT,47.0,78.0,9.0,9.0,143.0,JehangirChowk,j3,j3_15_one.csv,HIGH,135.5,54
1900-01-01 11:50:00,RIGHT,13.0,7.0,1.0,4.0,25.0,JehangirChowk,j3,j3_15_one.csv,MEDIUM,31.0,24
1900-01-01 11:50:00,UP,12.0,0.0,0.0,3.0,15.0,JehangirChowk,j3,j3_15_one.csv,MEDIUM,21.0,21
1900-01-01 11:55:00,DOWN,3.0,0.0,0.0,2.0,5.0,JehangirChowk,j3,j3_15_one.csv,MEDIUM,9.0,18
1900-01-01 11:55:00,LEFT,44.0,75.0,7.0,11.0,137.0,JehangirChowk,j3,j3_15_one.csv,HIGH,132.0,53
1900-01-01 11:55:00,RIGHT,12.0,3.0,0.0,2.0,17.0,JehangirChowk,j3,j3_15_one.csv,MEDIUM,19.5,21
1900-01-01 11:55:00,UP,7.0,0.0,1.0,2.0,10.0,JehangirChowk,j3,j3_15_one.csv,MEDIUM,15.5,19
1900-01-01 08:55:00,DOWN,0.0,0.0,0.0,0.0,0.0,JehangirChowk,j3,j3_18.csv,LOW,0.0,15
1900-01-01 08:55:00,LEFT,0.0,0.0,0.0,0.0,0.0,JehangirChowk,j3,j3_18.csv,LOW,0.0,15
1900-01-01 08:55:00,RIGHT,0.0,0.0,0.0,0.0,0.0,JehangirChowk,j3,j3_18.csv,LOW,0.0,15
1900-01-01 08:55:00,UP,0.0,0.0,0.0,0.0,0.0,JehangirChowk,j3,j3_18.csv,LOW,0.0,15
1900-01-01 09:00:00,DOWN,0.0,0.0,1.0,0.0,1.0,JehangirChowk,j3,j3_18.csv,LOW,2.5,16
1900-01-01 09:00:00,LEFT,32.0,43.0,4.0,11.0,90.0,JehangirChowk,j3,j3_18.csv,HIGH,96.5,43
1900-01-01 09:00:00,RIGHT,3.0,5.0,6.0,5.0,19.0,JehangirChowk,j3,j3_18.csv,MEDIUM,35.5,25
1900-01-01 09:00:00,UP,1.0,0.0,0.0,0.0,1.0,JehangirChowk,j3,j3_18.csv,LOW,1.0,15
1900-01-01 09:05:00,DOWN,1.0,0.0,0.0,0.0,1.0,JehangirChowk,j3,j3_18.csv,LOW,1.0,15
1900-01-01 09:05:00,LEFT,23.0,36.0,6.0,11.0,76.0,JehangirChowk,j3,j3_18.csv,HIGH,89.0,41
1900-01-01 09:05:00,RIGHT,7.0,6.0,5.0,3.0,21.0,JehangirChowk,j3,j3_18.csv,MEDIUM,31.5,24
1900-01-01 09:05:00,UP,3.0,0.0,0.0,0.0,3.0,JehangirChowk,j3,j3_18.csv,LOW,3.0,16
1900-01-01 09:10:00,DOWN,1.0,0.0,0.0,1.0,2.0,JehangirChowk,j3,j3_18.csv,LOW,4.0,16
1900-01-01 09:10:00,LEFT,27.0,36.0,11.0,15.0,89.0,JehangirChowk,j3,j3_18.csv,HIGH,117.5,49
1900-01-01 09:10:00,RIGHT,5.0,6.0,2.0,4.0,17.0,JehangirChowk,j3,j3_18.csv,MEDIUM,25.0,22
1900-01-01 09:10:00,UP,2.0,0.0,0.0,0.0,2.0,JehangirChowk,j3,j3_18.csv,LOW,2.0,16
1900-01-01 09:15:00,DOWN,1.0,0.0,0.0,0.0,1.0,JehangirChowk,j3,j3_18.csv,LOW,1.0,15
1900-01-01 09:15:00,LEFT,26.0,44.0,14.0,8.0,92.0,JehangirChowk,j3,j3_18.csv,HIGH,107.0,46
1900-01-01 09:15:00,RIGHT,2.0,4.0,5.0,1.0,12.0,JehangirChowk,j3,j3_18.csv,MEDIUM,19.5,21
1900-01-01 09:15:00,UP,1.0,0.0,0.0,0.0,1.0,JehangirChowk,j3,j3_18.csv,LOW,1.0,15
1900-01-01 09:20:00,DOWN,0.0,0.0,0.0,0.0,0.0,JehangirChowk,j3,j3_18.csv,LOW,0.0,15
1900-01-01 09:20:00,LEFT,29.0,31.0,2.0,9.0,71.0,JehangirChowk,j3,j3_18.csv,MEDIUM,76.5,37
1900-01-01 09:20:00,RIGHT,3.0,6.0,4.0,3.0,16.0,JehangirChowk,j3,j3_18.csv,MEDIUM,25.0,22
1900-01-01 09:20:00,UP,3.0,0.0,0.0,0.0,3.0,JehangirChowk,j3,j3_18.csv,LOW,3.0,16
1900-01-01 09:25:00,DOWN,0.0,0.0,0.0,0.0,0.0,JehangirChowk,j3,j3_18.csv,LOW,0.0,15
1900-01-01 09:25:00,LEFT,19.0,36.0,4.0,11.0,70.0,JehangirChowk,j3,j3_18.csv,MEDIUM,80.0,38
1900-01-01 09:25:00,RIGHT,1.0,5.0,5.0,3.0,14.0,JehangirChowk,j3,j3_18.csv,MEDIUM,25.0,22
1900-01-01 09:25:00,UP,4.0,0.0,0.0,0.0,4.0,JehangirChowk,j3,j3_18.csv,LOW,4.0,16
1900-01-01 09:30:00,DOWN,1.0,0.0,1.0,0.0,2.0,JehangirChowk,j3,j3_18.csv,LOW,3.5,16
1900-01-01 09:30:00,LEFT,22.0,46.0,11.0,19.0,98.0,JehangirChowk,j3,j3_18.csv,HIGH,129.5,52
1900-01-01 09:30:00,RIGHT,6.0,3.0,4.0,1.0,14.0,JehangirChowk,j3,j3_18.csv,MEDIUM,20.5,21
1900-01-01 09:30:00,UP,0.0,0.0,1.0,0.0,1.0,JehangirChowk,j3,j3_18.csv,LOW,2.5,16
1900-01-01 09:35:00,DOWN,2.0,0.0,0.0,1.0,3.0,JehangirChowk,j3,j3_18.csv,LOW,5.0,16
1900-01-01 09:35:00,LEFT,24.0,45.0,8.0,14.0,91.0,JehangirChowk,j3,j3_18.csv,HIGH,108.5,46
1900-01-01 09:35:00,RIGHT,5.0,5.0,4.0,2.0,16.0,JehangirChowk,j3,j3_18.csv,MEDIUM,23.5,22
1900-01-01 09:35:00,UP,5.0,0.0,1.0,0.0,6.0,JehangirChowk,j3,j3_18.csv,MEDIUM,7.5,17
1900-01-01 09:40:00,DOWN,2.0,0.0,0.0,0.0,2.0,JehangirChowk,j3,j3_18.csv,LOW,2.0,16
1900-01-01 09:40:00,LEFT,27.0,40.0,7.0,12.0,86.0,JehangirChowk,j3,j3_18.csv,HIGH,100.5,44
1900-01-01 09:40:00,RIGHT,5.0,13.0,4.0,2.0,24.0,JehangirChowk,j3,j3_18.csv,MEDIUM,27.5,23
1900-01-01 09:40:00,UP,4.0,0.0,0.0,0.0,4.0,JehangirChowk,j3,j3_18.csv,LOW,4.0,16
1900-01-01 09:45:00,DOWN,1.0,0.0,0.0,0.0,1.0,JehangirChowk,j3,j3_18.csv,LOW,1.0,15
1900-01-01 09:45:00,LEFT,30.0,43.0,2.0,9.0,84.0,JehangirChowk,j3,j3_18.csv,HIGH,83.5,39
1900-01-01 09:45:00,RIGHT,6.0,130.0,3.0,2.0,141.0,JehangirChowk,j3,j3_18.csv,HIGH,84.5,39
1900-01-01 09:45:00,UP,1.0,0.0,0.0,0.0,1.0,JehangirChowk,j3,j3_18.csv,LOW,1.0,15
1900-01-01 09:50:00,DOWN,0.0,0.0,0.0,0.0,0.0,JehangirChowk,j3,j3_18.csv,LOW,0.0,15
1900-01-01 09:50:00,LEFT,18.0,49.0,10.0,20.0,97.0,JehangirChowk,j3,j3_18.csv,HIGH,127.5,52
1900-01-01 09:50:00,RIGHT,2.0,6.0,4.0,2.0,14.0,JehangirChowk,j3,j3_18.csv,MEDIUM,21.0,21
1900-01-01 09:50:00,UP,2.0,0.0,4.0,0.0,6.0,JehangirChowk,j3,j3_18.csv,MEDIUM,12.0,18
1900-01-01 09:55:00,DOWN,2.0,0.0,0.0,1.0,3.0,JehangirChowk,j3,j3_18.csv,LOW,5.0,16
1900-01-01 09:55:00,LEFT,26.0,31.0,6.0,28.0,91.0,JehangirChowk,j3,j3_18.csv,HIGH,140.5,56
1900-01-01 09:55:00,RIGHT,2.0,4.0,3.0,1.0,10.0,JehangirChowk,j3,j3_18.csv,MEDIUM,14.5,19
1900-01-01 09:55:00,UP,3.0,0.0,0.0,0.0,3.0,JehangirChowk,j3,j3_18.csv,LOW,3.0,16
1900-01-01 10:00:00,DOWN,0.0,0.0,0.0,0.0,0.0,JehangirChowk,j3,j3_18.csv,LOW,0.0,15
1900-01-01 10:00:00,LEFT,31.0,44.0,6.0,17.0,98.0,JehangirChowk,j3,j3_18.csv,HIGH,119.0,49
1900-01-01 10:00:00,RIGHT,4.0,6.0,2.0,4.0,16.0,JehangirChowk,j3,j3_18.csv,MEDIUM,24.0,22
1900-01-01 10:00:00,UP,2.0,0.0,0.0,0.0,2.0,JehangirChowk,j3,j3_18.csv,LOW,2.0,16
1900-01-01 10:05:00,DOWN,0.0,0.0,0.0,0.0,0.0,JehangirChowk,j3,j3_18.csv,LOW,0.0,15
1900-01-01 10:05:00,LEFT,35.0,46.0,7.0,17.0,105.0,JehangirChowk,j3,j3_18.csv,HIGH,126.5,52
1900-01-01 10:05:00,RIGHT,4.0,2.0,2.0,3.0,11.0,JehangirChowk,j3,j3_18.csv,MEDIUM,19.0,20
1900-01-01 10:05:00,UP,4.0,0.0,0.0,0.0,4.0,JehangirChowk,j3,j3_18.csv,LOW,4.0,16
1900-01-01 10:10:00,DOWN,0.0,0.0,0.0,0.0,0.0,JehangirChowk,j3,j3_18.csv,LOW,0.0,15
1900-01-01 10:10:00,LEFT,33.0,43.0,5.0,14.0,95.0,JehangirChowk,j3,j3_18.csv,HIGH,109.0,47
1900-01-01 10:10:00,RIGHT,7.0,13.0,4.0,1.0,25.0,JehangirChowk,j3,j3_18.csv,MEDIUM,26.5,23
1900-01-01 10:10:00,UP,6.0,0.0,1.0,0.0,7.0,JehangirChowk,j3,j3_18.csv,MEDIUM,8.5,17
1900-01-01 10:15:00,DOWN,2.0,0.0,0.0,1.0,3.0,JehangirChowk,j3,j3_18.csv,LOW,5.0,16
1900-01-01 10:15:00,LEFT,45.0,32.0,5.0,17.0,99.0,JehangirChowk,j3,j3_18.csv,HIGH,124.5,51
1900-01-01 10:15:00,RIGHT,1.0,2.0,4.0,1.0,8.0,JehangirChowk,j3,j3_18.csv,MEDIUM,15.0,19
1900-01-01 10:15:00,UP,6.0,0.0,0.0,0.0,6.0,JehangirChowk,j3,j3_18.csv,MEDIUM,6.0,17
1900-01-01 10:20:00,DOWN,0.0,0.0,0.0,0.0,0.0,JehangirChowk,j3,j3_18.csv,LOW,0.0,15
1900-01-01 10:20:00,LEFT,30.0,44.0,7.0,22.0,103.0,JehangirChowk,j3,j3_18.csv,HIGH,135.5,54
1900-01-01 10:20:00,RIGHT,8.0,6.0,2.0,4.0,20.0,JehangirChowk,j3,j3_18.csv,MEDIUM,28.0,23
1900-01-01 10:20:00,UP,3.0,0.0,0.0,0.0,3.0,JehangirChowk,j3,j3_18.csv,LOW,3.0,16
1900-01-01 10:25:00,DOWN,0.0,0.0,0.0,0.0,0.0,JehangirChowk,j3,j3_18.csv,LOW,0.0,15
1900-01-01 10:25:00,LEFT,34.0,43.0,2.0,18.0,97.0,JehangirChowk,j3,j3_18.csv,HIGH,114.5,48
1900-01-01 10:25:00,RIGHT,8.0,2.0,5.0,1.0,16.0,JehangirChowk,j3,j3_18.csv,MEDIUM,24.5,22
1900-01-01 10:25:00,UP,4.0,0.0,0.0,0.0,4.0,JehangirChowk,j3,j3_18.csv,LOW,4.0,16
1900-01-01 10:30:00,DOWN,1.0,0.0,0.0,0.0,1.0,JehangirChowk,j3,j3_18.csv,LOW,1.0,15
1900-01-01 10:30:00,LEFT,37.0,44.0,10.0,25.0,116.0,JehangirChowk,j3,j3_18.csv,HIGH,159.0,60
1900-01-01 10:30:00,RIGHT,5.0,0.0,2.0,1.0,8.0,JehangirChowk,j3,j3_18.csv,MEDIUM,13.0,19
1900-01-01 10:30:00,UP,3.0,0.0,1.0,0.0,4.0,JehangirChowk,j3,j3_18.csv,LOW,5.5,17
1900-01-01 10:35:00,DOWN,2.0,0.0,0.0,0.0,2.0,JehangirChowk,j3,j3_18.csv,LOW,2.0,16
1900-01-01 10:35:00,LEFT,32.0,28.0,6.0,16.0,82.0,JehangirChowk,j3,j3_18.csv,HIGH,109.0,47
1900-01-01 10:35:00,RIGHT,7.0,3.0,3.0,4.0,17.0,JehangirChowk,j3,j3_18.csv,MEDIUM,28.0,23
1900-01-01 10:35:00,UP,2.0,0.0,0.0,0.0,2.0,JehangirChowk,j3,j3_18.csv,LOW,2.0,16
1900-01-01 10:40:00,DOWN,2.0,0.0,0.0,1.0,3.0,JehangirChowk,j3,j3_18.csv,LOW,5.0,16
1900-01-01 10:40:00,LEFT,34.0,54.0,3.0,13.0,104.0,JehangirChowk,j3,j3_18.csv,HIGH,107.5,46
1900-01-01 10:40:00,RIGHT,4.0,3.0,1.0,4.0,12.0,JehangirChowk,j3,j3_18.csv,MEDIUM,20.0,21
1900-01-01 10:40:00,UP,5.0,0.0,1.0,0.0,6.0,JehangirChowk,j3,j3_18.csv,MEDIUM,7.5,17
1900-01-01 10:45:00,DOWN,1.0,0.0,0.0,0.0,1.0,JehangirChowk,j3,j3_18.csv,LOW,1.0,15
1900-01-01 10:45:00,LEFT,39.0,61.0,5.0,11.0,116.0,JehangirChowk,j3,j3_18.csv,HIGH,115.0,48
1900-01-01 10:45:00,RIGHT,9.0,3.0,3.0,3.0,18.0,JehangirChowk,j3,j3_18.csv,MEDIUM,27.0,23
1900-01-01 10:45:00,UP,1.0,0.0,0.0,0.0,1.0,JehangirChowk,j3,j3_18.csv,LOW,1.0,15
1900-01-01 10:50:00,DOWN,1.0,0.0,0.0,0.0,1.0,JehangirChowk,j3,j3_18.csv,LOW,1.0,15
1900-01-01 10:50:00,LEFT,33.0,44.0,6.0,11.0,94.0,JehangirChowk,j3,j3_18.csv,HIGH,103.0,45
1900-01-01 10:50:00,RIGHT,5.0,5.0,3.0,1.0,14.0,JehangirChowk,j3,j3_18.csv,MEDIUM,18.0,20
1900-01-01 10:50:00,UP,3.0,0.0,1.0,2.0,6.0,JehangirChowk,j3,j3_18.csv,MEDIUM,11.5,18
1900-01-01 10:55:00,DOWN,2.0,0.0,0.0,0.0,2.0,JehangirChowk,j3,j3_18.csv,LOW,2.0,16
1900-01-01 10:55:00,LEFT,43.0,39.0,10.0,14.0,106.0,JehangirChowk,j3,j3_18.csv,HIGH,129.5,52
1900-01-01 10:55:00,RIGHT,11.0,4.0,2.0,2.0,19.0,JehangirChowk,j3,j3_18.csv,MEDIUM,24.0,22
1900-01-01 10:55:00,UP,1.0,0.0,0.0,0.0,1.0,JehangirChowk,j3,j3_18.csv,LOW,1.0,15
1900-01-01 11:00:00,DOWN,2.0,0.0,0.0,0.0,2.0,JehangirChowk,j3,j3_18.csv,LOW,2.0,16
1900-01-01 11:00:00,LEFT,27.0,49.0,12.0,14.0,102.0,JehangirChowk,j3,j3_18.csv,HIGH,123.5,51
1900-01-01 11:00:00,RIGHT,5.0,6.0,2.0,2.0,15.0,JehangirChowk,j3,j3_18.csv,MEDIUM,19.0,20
1900-01-01 11:00:00,UP,5.0,0.0,0.0,0.0,5.0,JehangirChowk,j3,j3_18.csv,MEDIUM,5.0,16
1900-01-01 11:05:00,DOWN,3.0,0.0,0.0,1.0,4.0,JehangirChowk,j3,j3_18.csv,LOW,6.0,17
1900-01-01 11:05:00,LEFT,44.0,50.0,1.0,10.0,105.0,JehangirChowk,j3,j3_18.csv,HIGH,101.5,44
1900-01-01 11:05:00,RIGHT,8.0,3.0,6.0,2.0,19.0,JehangirChowk,j3,j3_18.csv,MEDIUM,30.5,24
1900-01-01 11:05:00,UP,4.0,0.0,1.0,0.0,5.0,JehangirChowk,j3,j3_18.csv,MEDIUM,6.5,17
1900-01-01 11:10:00,DOWN,2.0,0.0,0.0,0.0,2.0,JehangirChowk,j3,j3_18.csv,LOW,2.0,16
1900-01-01 11:10:00,LEFT,46.0,43.0,7.0,10.0,106.0,JehangirChowk,j3,j3_18.csv,HIGH,115.0,48
1900-01-01 11:10:00,RIGHT,7.0,1.0,0.0,1.0,9.0,JehangirChowk,j3,j3_18.csv,MEDIUM,10.5,18
1900-01-01 11:10:00,UP,3.0,0.0,0.0,0.0,3.0,JehangirChowk,j3,j3_18.csv,LOW,3.0,16
1900-01-01 11:15:00,DOWN,2.0,0.0,0.0,0.0,2.0,JehangirChowk,j3,j3_18.csv,LOW,2.0,16
1900-01-01 11:15:00,LEFT,30.0,40.0,7.0,10.0,87.0,JehangirChowk,j3,j3_18.csv,HIGH,97.5,43
1900-01-01 11:15:00,RIGHT,6.0,5.0,5.0,4.0,20.0,JehangirChowk,j3,j3_18.csv,MEDIUM,33.0,25
1900-01-01 11:15:00,UP,3.0,0.0,0.0,0.0,3.0,JehangirChowk,j3,j3_18.csv,LOW,3.0,16
1900-01-01 11:20:00,DOWN,0.0,0.0,0.0,2.0,2.0,JehangirChowk,j3,j3_18.csv,LOW,6.0,17
1900-01-01 11:20:00,LEFT,26.0,50.0,4.0,13.0,93.0,JehangirChowk,j3,j3_18.csv,HIGH,100.0,44
1900-01-01 11:20:00,RIGHT,4.0,0.0,3.0,5.0,12.0,JehangirChowk,j3,j3_18.csv,MEDIUM,26.5,23
1900-01-01 11:20:00,UP,3.0,0.0,0.0,0.0,3.0,JehangirChowk,j3,j3_18.csv,LOW,3.0,16
1900-01-01 11:25:00,DOWN,2.0,0.0,0.0,2.0,4.0,JehangirChowk,j3,j3_18.csv,LOW,8.0,17
1900-01-01 11:25:00,LEFT,44.0,48.0,3.0,21.0,116.0,JehangirChowk,j3,j3_18.csv,HIGH,138.5,55
1900-01-01 11:25:00,RIGHT,5.0,2.0,3.0,3.0,13.0,JehangirChowk,j3,j3_18.csv,MEDIUM,22.5,22
1900-01-01 11:25:00,UP,3.0,0.0,1.0,0.0,4.0,JehangirChowk,j3,j3_18.csv,LOW,5.5,17
1900-01-01 11:30:00,DOWN,4.0,0.0,0.0,0.0,4.0,JehangirChowk,j3,j3_18.csv,LOW,4.0,16
1900-01-01 11:30:00,LEFT,43.0,52.0,9.0,11.0,115.0,JehangirChowk,j3,j3_18.csv,HIGH,124.5,51
1900-01-01 11:30:00,RIGHT,5.0,3.0,1.0,3.0,12.0,JehangirChowk,j3,j3_18.csv,MEDIUM,18.0,20
1900-01-01 11:30:00,UP,2.0,0.0,1.0,0.0,3.0,JehangirChowk,j3,j3_18.csv,LOW,4.5,16
1900-01-01 11:35:00,DOWN,2.0,0.0,0.0,0.0,2.0,JehangirChowk,j3,j3_18.csv,LOW,2.0,16
1900-01-01 11:35:00,LEFT,53.0,68.0,5.0,14.0,140.0,JehangirChowk,j3,j3_18.csv,HIGH,141.5,56
1900-01-01 11:35:00,RIGHT,5.0,2.0,1.0,1.0,9.0,JehangirChowk,j3,j3_18.csv,MEDIUM,11.5,18
1900-01-01 11:35:00,UP,2.0,0.0,1.0,0.0,3.0,JehangirChowk,j3,j3_18.csv,LOW,4.5,16
1900-01-01 11:40:00,DOWN,2.0,0.0,0.0,0.0,2.0,JehangirChowk,j3,j3_18.csv,LOW,2.0,16
1900-01-01 11:40:00,LEFT,46.0,36.0,3.0,20.0,105.0,JehangirChowk,j3,j3_18.csv,HIGH,131.5,53
1900-01-01 11:40:00,RIGHT,4.0,3.0,2.0,1.0,10.0,JehangirChowk,j3,j3_18.csv,MEDIUM,13.5,19
1900-01-01 11:40:00,UP,7.0,0.0,1.0,0.0,8.0,JehangirChowk,j3,j3_18.csv,MEDIUM,9.5,18
1900-01-01 11:45:00,DOWN,5.0,0.0,0.0,0.0,5.0,JehangirChowk,j3,j3_18.csv,MEDIUM,5.0,16
1900-01-01 11:45:00,LEFT,45.0,52.0,5.0,12.0,114.0,JehangirChowk,j3,j3_18.csv,HIGH,119.5,50
1900-01-01 11:45:00,RIGHT,9.0,1.0,3.0,3.0,16.0,JehangirChowk,j3,j3_18.csv,MEDIUM,26.0,23
1900-01-01 11:45:00,UP,3.0,0.0,0.0,0.0,3.0,JehangirChowk,j3,j3_18.csv,LOW,3.0,16
1900-01-01 11:50:00,DOWN,2.0,0.0,0.0,1.0,3.0,JehangirChowk,j3,j3_18.csv,LOW,5.0,16
1900-01-01 11:50:00,LEFT,46.0,45.0,6.0,17.0,114.0,JehangirChowk,j3,j3_18.csv,HIGH,134.5,54
1900-01-01 11:50:00,RIGHT,12.0,3.0,4.0,2.0,21.0,JehangirChowk,j3,j3_18.csv,MEDIUM,29.5,24
1900-01-01 11:50:00,UP,4.0,0.0,0.0,0.0,4.0,JehangirChowk,j3,j3_18.csv,LOW,4.0,16
1900-01-01 11:55:00,DOWN,2.0,1.0,0.0,0.0,3.0,JehangirChowk,j3,j3_18.csv,LOW,2.5,16
1900-01-01 11:55:00,LEFT,48.0,164.0,3.0,16.0,231.0,JehangirChowk,j3,j3_18.csv,VERY_HIGH,185.5,60
1900-01-01 11:55:00,RIGHT,3.0,75.0,4.0,5.0,87.0,JehangirChowk,j3,j3_18.csv,HIGH,65.5,34
1900-01-01 11:55:00,UP,1.0,0.0,0.0,0.0,1.0,JehangirChowk,j3,j3_18.csv,LOW,1.0,15
1900-01-01 12:00:00,DOWN,1.0,0.0,0.0,1.0,2.0,JehangirChowk,j3,j3_18.csv,LOW,4.0,16
1900-01-01 12:00:00,LEFT,29.0,28.0,4.0,8.0,69.0,JehangirChowk,j3,j3_18.csv,MEDIUM,77.0,37
1900-01-01 12:00:00,RIGHT,5.0,5.0,1.0,2.0,13.0,JehangirChowk,j3,j3_18.csv,MEDIUM,16.0,20
1900-01-01 12:00:00,UP,1.0,0.0,0.0,0.0,1.0,JehangirChowk,j3,j3_18.csv,LOW,1.0,15
1900-01-01 11:25:00,DOWN,3.0,0.0,0.0,0.0,3.0,JehangirChowk,j3,j3_16_one.csv,LOW,3.0,16
1900-01-01 11:25:00,LEFT,18.0,37.0,2.0,7.0,64.0,JehangirChowk,j3,j3_16_one.csv,MEDIUM,62.5,33
1900-01-01 11:25:00,RIGHT,2.0,1.0,0.0,0.0,3.0,JehangirChowk,j3,j3_16_one.csv,LOW,2.5,16
1900-01-01 11:25:00,UP,7.0,0.0,0.0,1.0,8.0,JehangirChowk,j3,j3_16_one.csv,MEDIUM,10.0,18
1900-01-01 11:30:00,DOWN,4.0,0.0,0.0,3.0,7.0,JehangirChowk,j3,j3_16_one.csv,MEDIUM,13.0,19
1900-01-01 11:30:00,LEFT,48.0,49.0,6.0,11.0,114.0,JehangirChowk,j3,j3_16_one.csv,HIGH,120.5,50
1900-01-01 11:30:00,RIGHT,5.0,9.0,3.0,2.0,19.0,JehangirChowk,j3,j3_16_one.csv,MEDIUM,23.0,22
1900-01-01 11:30:00,UP,7.0,0.0,1.0,0.0,8.0,JehangirChowk,j3,j3_16_one.csv,MEDIUM,9.5,18
1900-01-01 11:35:00,DOWN,2.0,0.0,0.0,1.0,3.0,JehangirChowk,j3,j3_16_one.csv,LOW,5.0,16
1900-01-01 11:35:00,LEFT,56.0,66.0,6.0,16.0,144.0,JehangirChowk,j3,j3_16_one.csv,HIGH,152.0,59
1900-01-01 11:35:00,RIGHT,6.0,1.0,5.0,4.0,16.0,JehangirChowk,j3,j3_16_one.csv,MEDIUM,31.0,24
1900-01-01 11:35:00,UP,12.0,0.0,3.0,0.0,15.0,JehangirChowk,j3,j3_16_one.csv,MEDIUM,19.5,21
1900-01-01 11:40:00,DOWN,5.0,1.0,0.0,2.0,8.0,JehangirChowk,j3,j3_16_one.csv,MEDIUM,11.5,18
1900-01-01 11:40:00,LEFT,52.0,58.0,6.0,15.0,131.0,JehangirChowk,j3,j3_16_one.csv,HIGH,141.0,56
1900-01-01 11:40:00,RIGHT,9.0,6.0,2.0,2.0,19.0,JehangirChowk,j3,j3_16_one.csv,MEDIUM,23.0,22
1900-01-01 11:40:00,UP,11.0,0.0,0.0,0.0,11.0,JehangirChowk,j3,j3_16_one.csv,MEDIUM,11.0,18
1900-01-01 11:45:00,DOWN,2.0,0.0,0.0,0.0,2.0,JehangirChowk,j3,j3_16_one.csv,LOW,2.0,16
1900-01-01 11:45:00,LEFT,54.0,61.0,5.0,17.0,137.0,JehangirChowk,j3,j3_16_one.csv,HIGH,148.0,58
1900-01-01 11:45:00,RIGHT,13.0,8.0,5.0,2.0,28.0,JehangirChowk,j3,j3_16_one.csv,MEDIUM,35.5,25
1900-01-01 11:45:00,UP,15.0,0.0,0.0,2.0,17.0,JehangirChowk,j3,j3_16_one.csv,MEDIUM,21.0,21
1900-01-01 11:50:00,DOWN,5.0,0.0,0.0,0.0,5.0,JehangirChowk,j3,j3_16_one.csv,MEDIUM,5.0,16
1900-01-01 11:50:00,LEFT,46.0,77.0,9.0,12.0,144.0,JehangirChowk,j3,j3_16_one.csv,HIGH,143.0,56
1900-01-01 11:50:00,RIGHT,11.0,5.0,5.0,8.0,29.0,JehangirChowk,j3,j3_16_one.csv,MEDIUM,50.0,29
1900-01-01 11:50:00,UP,9.0,0.0,3.0,1.0,13.0,JehangirChowk,j3,j3_16_one.csv,MEDIUM,19.5,21
1900-01-01 11:55:00,DOWN,0.0,0.0,0.0,1.0,1.0,JehangirChowk,j3,j3_16_one.csv,LOW,3.0,16
1900-01-01 11:55:00,LEFT,21.0,52.0,6.0,7.0,86.0,JehangirChowk,j3,j3_16_one.csv,HIGH,83.0,39
1900-01-01 11:55:00,RIGHT,10.0,6.0,3.0,5.0,24.0,JehangirChowk,j3,j3_16_one.csv,MEDIUM,35.5,25
1900-01-01 11:55:00,UP,4.0,0.0,1.0,3.0,8.0,JehangirChowk,j3,j3_16_one.csv,MEDIUM,15.5,19
1900-01-01 11:25:00,DOWN,38.0,30.0,11.0,11.0,90.0,AlankarChowk,a3,a3_17_one.csv,HIGH,113.5,48
1900-01-01 11:25:00,LEFT,64.0,44.0,1.0,8.0,117.0,AlankarChowk,a3,a3_17_one.csv,HIGH,112.5,48
1900-01-01 11:25:00,RIGHT,25.0,24.0,6.0,11.0,66.0,AlankarChowk,a3,a3_17_one.csv,MEDIUM,85.0,40
1900-01-01 11:25:00,UP,71.0,3.0,0.0,0.0,74.0,AlankarChowk,a3,a3_17_one.csv,MEDIUM,72.5,36
1900-01-01 11:30:00,DOWN,172.0,45.0,18.0,15.0,250.0,AlankarChowk,a3,a3_17_one.csv,VERY_HIGH,284.5,60
1900-01-01 11:30:00,LEFT,56.0,48.0,12.0,17.0,133.0,AlankarChowk,a3,a3_17_one.csv,HIGH,161.0,60
1900-01-01 11:30:00,RIGHT,28.0,19.0,9.0,29.0,85.0,AlankarChowk,a3,a3_17_one.csv,HIGH,147.0,58
1900-01-01 11:30:00,UP,158.0,14.0,8.0,1.0,181.0,AlankarChowk,a3,a3_17_one.csv,VERY_HIGH,188.0,60
1900-01-01 11:35:00,DOWN,112.0,47.0,15.0,17.0,191.0,AlankarChowk,a3,a3_17_one.csv,VERY_HIGH,224.0,60
1900-01-01 11:35:00,LEFT,65.0,50.0,4.0,15.0,134.0,AlankarChowk,a3,a3_17_one.csv,HIGH,145.0,57
1900-01-01 11:35:00,RIGHT,30.0,25.0,8.0,16.0,79.0,AlankarChowk,a3,a3_17_one.csv,HIGH,110.5,47
1900-01-01 11:35:00,UP,441.0,19.0,1.0,1.0,462.0,AlankarChowk,a3,a3_17_one.csv,VERY_HIGH,456.0,60
1900-01-01 11:40:00,DOWN,52.0,70.0,8.0,7.0,137.0,AlankarChowk,a3,a3_17_one.csv,HIGH,128.0,52
1900-01-01 11:40:00,LEFT,72.0,50.0,9.0,10.0,141.0,AlankarChowk,a3,a3_17_one.csv,HIGH,149.5,58
1900-01-01 11:40:00,RIGHT,31.0,26.0,10.0,21.0,88.0,AlankarChowk,a3,a3_17_one.csv,HIGH,132.0,53
1900-01-01 11:40:00,UP,129.0,5.0,13.0,3.0,150.0,AlankarChowk,a3,a3_17_one.csv,HIGH,173.0,60
1900-01-01 11:45:00,DOWN,41.0,64.0,11.0,11.0,127.0,AlankarChowk,a3,a3_17_one.csv,HIGH,133.5,54
1900-01-01 11:45:00,LEFT,61.0,52.0,4.0,7.0,124.0,AlankarChowk,a3,a3_17_one.csv,HIGH,118.0,49
1900-01-01 11:45:00,RIGHT,24.0,29.0,4.0,10.0,67.0,AlankarChowk,a3,a3_17_one.csv,MEDIUM,78.5,38
1900-01-01 11:45:00,UP,56.0,8.0,2.0,0.0,66.0,AlankarChowk,a3,a3_17_one.csv,MEDIUM,65.0,34
1900-01-01 11:50:00,DOWN,49.0,33.0,17.0,11.0,110.0,AlankarChowk,a3,a3_17_one.csv,HIGH,141.0,56
1900-01-01 11:50:00,LEFT,59.0,41.0,8.0,7.0,115.0,AlankarChowk,a3,a3_17_one.csv,HIGH,120.5,50
1900-01-01 11:50:00,RIGHT,20.0,31.0,10.0,12.0,73.0,AlankarChowk,a3,a3_17_one.csv,MEDIUM,96.5,43
1900-01-01 11:50:00,UP,66.0,5.0,2.0,2.0,75.0,AlankarChowk,a3,a3_17_one.csv,HIGH,79.5,38
1900-01-01 11:55:00,DOWN,39.0,27.0,12.0,11.0,89.0,AlankarChowk,a3,a3_17_one.csv,HIGH,115.5,48
1900-01-01 11:55:00,LEFT,49.0,53.0,4.0,15.0,121.0,AlankarChowk,a3,a3_17_one.csv,HIGH,130.5,53
1900-01-01 11:55:00,RIGHT,14.0,21.0,9.0,12.0,56.0,AlankarChowk,a3,a3_17_one.csv,MEDIUM,83.0,39
1900-01-01 11:55:00,UP,50.0,2.0,1.0,0.0,53.0,AlankarChowk,a3,a3_17_one.csv,MEDIUM,53.5,30
1900-01-01 11:20:00,DOWN,4.0,2.0,4.0,0.0,10.0,AlankarChowk,a3,a3_16_one.csv,MEDIUM,15.0,19
1900-01-01 11:20:00,LEFT,6.0,4.0,0.0,1.0,11.0,AlankarChowk,a3,a3_16_one.csv,MEDIUM,11.0,18
1900-01-01 11:20:00,RIGHT,5.0,1.0,1.0,4.0,11.0,AlankarChowk,a3,a3_16_one.csv,MEDIUM,20.0,21
1900-01-01 11:20:00,UP,23.0,0.0,1.0,0.0,24.0,AlankarChowk,a3,a3_16_one.csv,MEDIUM,25.5,22
1900-01-01 11:25:00,DOWN,113.0,33.0,22.0,10.0,178.0,AlankarChowk,a3,a3_16_one.csv,VERY_HIGH,214.5,60
1900-01-01 11:25:00,LEFT,67.0,40.0,6.0,7.0,120.0,AlankarChowk,a3,a3_16_one.csv,HIGH,123.0,51
1900-01-01 11:25:00,RIGHT,32.0,21.0,5.0,27.0,85.0,AlankarChowk,a3,a3_16_one.csv,HIGH,136.0,54
1900-01-01 11:25:00,UP,190.0,19.0,4.0,0.0,213.0,AlankarChowk,a3,a3_16_one.csv,VERY_HIGH,209.5,60
1900-01-01 11:30:00,DOWN,31.0,20.0,14.0,17.0,82.0,AlankarChowk,a3,a3_16_one.csv,HIGH,127.0,52
1900-01-01 11:30:00,LEFT,63.0,25.0,5.0,12.0,105.0,AlankarChowk,a3,a3_16_one.csv,HIGH,124.0,51
1900-01-01 11:30:00,RIGHT,27.0,22.0,10.0,21.0,80.0,AlankarChowk,a3,a3_16_one.csv,HIGH,126.0,51
1900-01-01 11:30:00,UP,41.0,2.0,2.0,0.0,45.0,AlankarChowk,a3,a3_16_one.csv,MEDIUM,47.0,29
1900-01-01 11:35:00,DOWN,42.0,24.0,11.0,11.0,88.0,AlankarChowk,a3,a3_16_one.csv,HIGH,114.5,48
1900-01-01 11:35:00,LEFT,48.0,35.0,2.0,12.0,97.0,AlankarChowk,a3,a3_16_one.csv,HIGH,106.5,46
1900-01-01 11:35:00,RIGHT,23.0,15.0,4.0,15.0,57.0,AlankarChowk,a3,a3_16_one.csv,MEDIUM,85.5,40
1900-01-01 11:35:00,UP,322.0,6.0,0.0,0.0,328.0,AlankarChowk,a3,a3_16_one.csv,VERY_HIGH,325.0,60
1900-01-01 11:40:00,DOWN,66.0,37.0,15.0,9.0,127.0,AlankarChowk,a3,a3_16_one.csv,HIGH,149.0,58
1900-01-01 11:40:00,LEFT,58.0,31.0,3.0,7.0,99.0,AlankarChowk,a3,a3_16_one.csv,HIGH,102.0,45
1900-01-01 11:40:00,RIGHT,26.0,23.0,6.0,14.0,69.0,AlankarChowk,a3,a3_16_one.csv,MEDIUM,94.5,42
1900-01-01 11:40:00,UP,117.0,0.0,3.0,0.0,120.0,AlankarChowk,a3,a3_16_one.csv,HIGH,124.5,51
1900-01-01 11:45:00,DOWN,54.0,42.0,18.0,8.0,122.0,AlankarChowk,a3,a3_16_one.csv,HIGH,144.0,57
1900-01-01 11:45:00,LEFT,59.0,35.0,5.0,9.0,108.0,AlankarChowk,a3,a3_16_one.csv,HIGH,116.0,49
1900-01-01 11:45:00,RIGHT,35.0,21.0,10.0,19.0,85.0,AlankarChowk,a3,a3_16_one.csv,HIGH,127.5,52
1900-01-01 11:45:00,UP,214.0,4.0,1.0,1.0,220.0,AlankarChowk,a3,a3_16_one.csv,VERY_HIGH,221.5,60
1900-01-01 11:50:00,DOWN,420.0,38.0,14.0,8.0,480.0,AlankarChowk,a3,a3_16_one.csv,VERY_HIGH,498.0,60
1900-01-01 11:50:00,LEFT,58.0,34.0,2.0,9.0,103.0,AlankarChowk,a3,a3_16_one.csv,HIGH,107.0,46
1900-01-01 11:50:00,RIGHT,27.0,23.0,6.0,20.0,76.0,AlankarChowk,a3,a3_16_one.csv,HIGH,113.5,48
1900-01-01 11:50:00,UP,89.0,26.0,0.0,0.0,115.0,AlankarChowk,a3,a3_16_one.csv,HIGH,102.0,45
1900-01-01 11:55:00,DOWN,52.0,12.0,26.0,11.0,101.0,AlankarChowk,a3,a3_16_one.csv,HIGH,156.0,60
1900-01-01 11:55:00,LEFT,33.0,24.0,3.0,7.0,67.0,AlankarChowk,a3,a3_16_one.csv,MEDIUM,73.5,36
1900-01-01 11:55:00,RIGHT,32.0,8.0,4.0,14.0,58.0,AlankarChowk,a3,a3_16_one.csv,MEDIUM,88.0,40
1900-01-01 11:55:00,UP,466.0,0.0,2.0,8.0,476.0,AlankarChowk,a3,a3_16_one.csv,VERY_HIGH,495.0,60
1900-01-01 08:55:00,DOWN,0.0,0.0,0.0,0.0,0.0,AlankarChowk,a3,a3_12.csv,LOW,0.0,15
1900-01-01 08:55:00,LEFT,0.0,0.0,0.0,1.0,1.0,AlankarChowk,a3,a3_12.csv,LOW,3.0,16
1900-01-01 08:55:00,RIGHT,0.0,0.0,0.0,0.0,0.0,AlankarChowk,a3,a3_12.csv,LOW,0.0,15
1900-01-01 08:55:00,UP,0.0,0.0,0.0,0.0,0.0,AlankarChowk,a3,a3_12.csv,LOW,0.0,15
1900-01-01 09:00:00,DOWN,56.0,20.0,15.0,7.0,98.0,AlankarChowk,a3,a3_12.csv,HIGH,124.5,51
1900-01-01 09:00:00,LEFT,149.0,63.0,1.0,1.0,214.0,AlankarChowk,a3,a3_12.csv,VERY_HIGH,186.0,60
1900-01-01 09:00:00,RIGHT,34.0,25.0,8.0,6.0,73.0,AlankarChowk,a3,a3_12.csv,MEDIUM,84.5,39
1900-01-01 09:00:00,UP,97.0,1.0,0.0,0.0,98.0,AlankarChowk,a3,a3_12.csv,HIGH,97.5,43
1900-01-01 09:05:00,DOWN,78.0,36.0,12.0,13.0,139.0,AlankarChowk,a3,a3_12.csv,HIGH,165.0,60
1900-01-01 09:05:00,LEFT,74.0,60.0,3.0,3.0,140.0,AlankarChowk,a3,a3_12.csv,HIGH,120.5,50
1900-01-01 09:05:00,RIGHT,41.0,34.0,4.0,6.0,85.0,AlankarChowk,a3,a3_12.csv,HIGH,86.0,40
1900-01-01 09:05:00,UP,156.0,6.0,3.0,0.0,165.0,AlankarChowk,a3,a3_12.csv,VERY_HIGH,166.5,60
1900-01-01 09:10:00,DOWN,27.0,25.0,18.0,6.0,76.0,AlankarChowk,a3,a3_12.csv,HIGH,102.5,45
1900-01-01 09:10:00,LEFT,46.0,74.0,5.0,3.0,128.0,AlankarChowk,a3,a3_12.csv,HIGH,104.5,45
1900-01-01 09:10:00,RIGHT,19.0,28.0,8.0,6.0,61.0,AlankarChowk,a3,a3_12.csv,MEDIUM,71.0,36
1900-01-01 09:10:00,UP,29.0,0.0,2.0,0.0,31.0,AlankarChowk,a3,a3_12.csv,MEDIUM,34.0,25
1900-01-01 09:15:00,DOWN,33.0,56.0,14.0,9.0,112.0,AlankarChowk,a3,a3_12.csv,HIGH,123.0,51
1900-01-01 09:15:00,LEFT,129.0,57.0,4.0,4.0,194.0,AlankarChowk,a3,a3_12.csv,VERY_HIGH,179.5,60
1900-01-01 09:15:00,RIGHT,133.0,18.0,10.0,5.0,166.0,AlankarChowk,a3,a3_12.csv,VERY_HIGH,182.0,60
1900-01-01 09:15:00,UP,64.0,22.0,1.0,0.0,87.0,AlankarChowk,a3,a3_12.csv,HIGH,77.5,37
1900-01-01 09:20:00,DOWN,193.0,37.0,17.0,5.0,252.0,AlankarChowk,a3,a3_12.csv,VERY_HIGH,269.0,60
1900-01-01 09:20:00,LEFT,191.0,64.0,3.0,7.0,265.0,AlankarChowk,a3,a3_12.csv,VERY_HIGH,251.5,60
1900-01-01 09:20:00,RIGHT,240.0,22.0,8.0,11.0,281.0,AlankarChowk,a3,a3_12.csv,VERY_HIGH,304.0,60
1900-01-01 09:20:00,UP,211.0,8.0,1.0,2.0,222.0,AlankarChowk,a3,a3_12.csv,VERY_HIGH,223.5,60
1900-01-01 09:25:00,DOWN,63.0,48.0,11.0,6.0,128.0,AlankarChowk,a3,a3_12.csv,HIGH,132.5,53
1900-01-01 09:25:00,LEFT,126.0,81.0,5.0,4.0,216.0,AlankarChowk,a3,a3_12.csv,VERY_HIGH,191.0,60
1900-01-01 09:25:00,RIGHT,329.0,24.0,8.0,11.0,372.0,AlankarChowk,a3,a3_12.csv,VERY_HIGH,394.0,60
1900-01-01 09:25:00,UP,223.0,23.0,2.0,1.0,249.0,AlankarChowk,a3,a3_12.csv,VERY_HIGH,242.5,60
1900-01-01 09:30:00,DOWN,51.0,19.0,20.0,1.0,91.0,AlankarChowk,a3,a3_12.csv,HIGH,113.5,48
1900-01-01 09:30:00,LEFT,93.0,65.0,5.0,9.0,172.0,AlankarChowk,a3,a3_12.csv,VERY_HIGH,165.0,60
1900-01-01 09:30:00,RIGHT,32.0,44.0,9.0,11.0,96.0,AlankarChowk,a3,a3_12.csv,HIGH,109.5,47
1900-01-01 09:30:00,UP,51.0,1.0,4.0,0.0,56.0,AlankarChowk,a3,a3_12.csv,MEDIUM,61.5,33
1900-01-01 09:35:00,DOWN,59.0,14.0,16.0,3.0,92.0,AlankarChowk,a3,a3_12.csv,HIGH,115.0,48
1900-01-01 09:35:00,LEFT,135.0,68.0,2.0,5.0,210.0,AlankarChowk,a3,a3_12.csv,VERY_HIGH,189.0,60
1900-01-01 09:35:00,RIGHT,27.0,35.0,9.0,3.0,74.0,AlankarChowk,a3,a3_12.csv,MEDIUM,76.0,37
1900-01-01 09:35:00,UP,1480.0,9.0,1.0,0.0,1490.0,AlankarChowk,a3,a3_12.csv,VERY_HIGH,1487.0,60
1900-01-01 09:40:00,DOWN,46.0,18.0,13.0,4.0,81.0,AlankarChowk,a3,a3_12.csv,HIGH,99.5,44
1900-01-01 09:40:00,LEFT,128.0,92.0,4.0,5.0,229.0,AlankarChowk,a3,a3_12.csv,VERY_HIGH,199.0,60
1900-01-01 09:40:00,RIGHT,33.0,25.0,8.0,6.0,72.0,AlankarChowk,a3,a3_12.csv,MEDIUM,83.5,39
1900-01-01 09:40:00,UP,95.0,5.0,15.0,0.0,115.0,AlankarChowk,a3,a3_12.csv,HIGH,135.0,54
1900-01-01 09:45:00,DOWN,64.0,52.0,10.0,9.0,135.0,AlankarChowk,a3,a3_12.csv,HIGH,142.0,56
1900-01-01 09:45:00,LEFT,72.0,72.0,3.0,7.0,154.0,AlankarChowk,a3,a3_12.csv,VERY_HIGH,136.5,55
1900-01-01 09:45:00,RIGHT,31.0,26.0,7.0,6.0,70.0,AlankarChowk,a3,a3_12.csv,MEDIUM,79.5,38
1900-01-01 09:45:00,UP,49.0,22.0,2.0,0.0,73.0,AlankarChowk,a3,a3_12.csv,MEDIUM,65.0,34
1900-01-01 09:50:00,DOWN,49.0,30.0,15.0,4.0,98.0,AlankarChowk,a3,a3_12.csv,HIGH,113.5,48
1900-01-01 09:50:00,LEFT,73.0,70.0,6.0,5.0,154.0,AlankarChowk,a3,a3_12.csv,VERY_HIGH,138.0,55
1900-01-01 09:50:00,RIGHT,43.0,30.0,7.0,3.0,83.0,AlankarChowk,a3,a3_12.csv,HIGH,84.5,39
1900-01-01 09:50:00,UP,73.0,10.0,4.0,0.0,87.0,AlankarChowk,a3,a3_12.csv,HIGH,88.0,40
1900-01-01 09:55:00,DOWN,40.0,10.0,17.0,2.0,69.0,AlankarChowk,a3,a3_12.csv,MEDIUM,93.5,42
1900-01-01 09:55:00,LEFT,55.0,73.0,2.0,7.0,137.0,AlankarChowk,a3,a3_12.csv,HIGH,117.5,49
1900-01-01 09:55:00,RIGHT,29.0,33.0,6.0,6.0,74.0,AlankarChowk,a3,a3_12.csv,MEDIUM,78.5,38
1900-01-01 09:55:00,UP,148.0,1.0,4.0,0.0,153.0,AlankarChowk,a3,a3_12.csv,HIGH,158.5,60
1900-01-01 10:00:00,DOWN,46.0,13.0,12.0,3.0,74.0,AlankarChowk,a3,a3_12.csv,MEDIUM,91.5,41
1900-01-01 10:00:00,LEFT,47.0,59.0,5.0,9.0,120.0,AlankarChowk,a3,a3_12.csv,HIGH,116.0,49
1900-01-01 10:00:00,RIGHT,22.0,22.0,9.0,6.0,59.0,AlankarChowk,a3,a3_12.csv,MEDIUM,73.5,36
1900-01-01 10:00:00,UP,133.0,13.0,6.0,0.0,152.0,AlankarChowk,a3,a3_12.csv,HIGH,154.5,60
1900-01-01 10:05:00,DOWN,38.0,31.0,16.0,4.0,89.0,AlankarChowk,a3,a3_12.csv,HIGH,105.5,46
1900-01-01 10:05:00,LEFT,52.0,57.0,2.0,7.0,118.0,AlankarChowk,a3,a3_12.csv,HIGH,106.5,46
1900-01-01 10:05:00,RIGHT,31.0,27.0,6.0,1.0,65.0,AlankarChowk,a3,a3_12.csv,MEDIUM,62.5,33
1900-01-01 10:05:00,UP,86.0,5.0,1.0,0.0,92.0,AlankarChowk,a3,a3_12.csv,HIGH,91.0,41
1900-01-01 10:10:00,DOWN,75.0,35.0,14.0,3.0,127.0,AlankarChowk,a3,a3_12.csv,HIGH,136.5,55
1900-01-01 10:10:00,LEFT,61.0,41.0,5.0,9.0,116.0,AlankarChowk,a3,a3_12.csv,HIGH,121.0,50
1900-01-01 10:10:00,RIGHT,37.0,21.0,6.0,4.0,68.0,AlankarChowk,a3,a3_12.csv,MEDIUM,74.5,37
1900-01-01 10:10:00,UP,101.0,14.0,2.0,0.0,117.0,AlankarChowk,a3,a3_12.csv,HIGH,113.0,48
1900-01-01 10:15:00,DOWN,30.0,31.0,14.0,1.0,76.0,AlankarChowk,a3,a3_12.csv,HIGH,83.5,39
1900-01-01 10:15:00,LEFT,64.0,51.0,3.0,9.0,127.0,AlankarChowk,a3,a3_12.csv,HIGH,124.0,51
1900-01-01 10:15:00,RIGHT,26.0,25.0,8.0,5.0,64.0,AlankarChowk,a3,a3_12.csv,MEDIUM,73.5,36
1900-01-01 10:15:00,UP,46.0,5.0,1.0,0.0,52.0,AlankarChowk,a3,a3_12.csv,MEDIUM,51.0,30
1900-01-01 10:20:00,DOWN,43.0,38.0,15.0,5.0,101.0,AlankarChowk,a3,a3_12.csv,HIGH,114.5,48
1900-01-01 10:20:00,LEFT,59.0,66.0,2.0,5.0,132.0,AlankarChowk,a3,a3_12.csv,HIGH,112.0,47
1900-01-01 10:20:00,RIGHT,26.0,14.0,8.0,5.0,53.0,AlankarChowk,a3,a3_12.csv,MEDIUM,68.0,35
1900-01-01 10:20:00,UP,35.0,8.0,1.0,0.0,44.0,AlankarChowk,a3,a3_12.csv,MEDIUM,41.5,27
1900-01-01 10:25:00,DOWN,37.0,34.0,12.0,8.0,91.0,AlankarChowk,a3,a3_12.csv,HIGH,108.0,46
1900-01-01 10:25:00,LEFT,50.0,59.0,3.0,4.0,116.0,AlankarChowk,a3,a3_12.csv,HIGH,99.0,44
1900-01-01 10:25:00,RIGHT,15.0,26.0,8.0,5.0,54.0,AlankarChowk,a3,a3_12.csv,MEDIUM,63.0,33
1900-01-01 10:25:00,UP,46.0,9.0,1.0,0.0,56.0,AlankarChowk,a3,a3_12.csv,MEDIUM,53.0,30
1900-01-01 10:30:00,DOWN,98.0,14.0,14.0,8.0,134.0,AlankarChowk,a3,a3_12.csv,HIGH,164.0,60
1900-01-01 10:30:00,LEFT,55.0,79.0,1.0,12.0,147.0,AlankarChowk,a3,a3_12.csv,HIGH,133.0,53
1900-01-01 10:30:00,RIGHT,30.0,19.0,8.0,11.0,68.0,AlankarChowk,a3,a3_12.csv,MEDIUM,92.5,42
1900-01-01 10:30:00,UP,135.0,14.0,2.0,0.0,151.0,AlankarChowk,a3,a3_12.csv,HIGH,147.0,58
1900-01-01 10:35:00,DOWN,44.0,25.0,9.0,8.0,86.0,AlankarChowk,a3,a3_12.csv,HIGH,103.0,45
1900-01-01 10:35:00,LEFT,49.0,74.0,6.0,5.0,134.0,AlankarChowk,a3,a3_12.csv,HIGH,116.0,49
1900-01-01 10:35:00,RIGHT,32.0,21.0,4.0,6.0,63.0,AlankarChowk,a3,a3_12.csv,MEDIUM,70.5,35
1900-01-01 10:35:00,UP,65.0,12.0,5.0,1.0,83.0,AlankarChowk,a3,a3_12.csv,HIGH,86.5,40
1900-01-01 10:40:00,DOWN,46.0,15.0,12.0,4.0,77.0,AlankarChowk,a3,a3_12.csv,HIGH,95.5,43
1900-01-01 10:40:00,LEFT,67.0,69.0,0.0,5.0,141.0,AlankarChowk,a3,a3_12.csv,HIGH,116.5,49
1900-01-01 10:40:00,RIGHT,29.0,34.0,2.0,5.0,70.0,AlankarChowk,a3,a3_12.csv,MEDIUM,66.0,34
1900-01-01 10:40:00,UP,93.0,1.0,0.0,0.0,94.0,AlankarChowk,a3,a3_12.csv,HIGH,93.5,42
1900-01-01 10:45:00,DOWN,65.0,24.0,12.0,1.0,102.0,AlankarChowk,a3,a3_12.csv,HIGH,110.0,47
1900-01-01 10:45:00,LEFT,67.0,64.0,1.0,5.0,137.0,AlankarChowk,a3,a3_12.csv,HIGH,116.5,49
1900-01-01 10:45:00,RIGHT,31.0,26.0,8.0,7.0,72.0,AlankarChowk,a3,a3_12.csv,MEDIUM,85.0,40
1900-01-01 10:45:00,UP,75.0,11.0,11.0,0.0,97.0,AlankarChowk,a3,a3_12.csv,HIGH,108.0,46
1900-01-01 10:50:00,DOWN,198.0,16.0,11.0,9.0,234.0,AlankarChowk,a3,a3_12.csv,VERY_HIGH,260.5,60
1900-01-01 10:50:00,LEFT,53.0,55.0,3.0,11.0,122.0,AlankarChowk,a3,a3_12.csv,HIGH,121.0,50
1900-01-01 10:50:00,RIGHT,50.0,32.0,4.0,4.0,90.0,AlankarChowk,a3,a3_12.csv,HIGH,88.0,40
1900-01-01 10:50:00,UP,338.0,29.0,4.0,0.0,371.0,AlankarChowk,a3,a3_12.csv,VERY_HIGH,362.5,60
1900-01-01 10:55:00,DOWN,66.0,30.0,7.0,0.0,103.0,AlankarChowk,a3,a3_12.csv,HIGH,98.5,44
1900-01-01 10:55:00,LEFT,67.0,46.0,4.0,10.0,127.0,AlankarChowk,a3,a3_12.csv,HIGH,130.0,53
1900-01-01 10:55:00,RIGHT,39.0,38.0,3.0,5.0,85.0,AlankarChowk,a3,a3_12.csv,HIGH,80.5,38
1900-01-01 10:55:00,UP,121.0,63.0,6.0,0.0,190.0,AlankarChowk,a3,a3_12.csv,VERY_HIGH,167.5,60
1900-01-01 11:00:00,DOWN,53.0,21.0,21.0,0.0,95.0,AlankarChowk,a3,a3_12.csv,HIGH,116.0,49
1900-01-01 11:00:00,LEFT,56.0,60.0,2.0,11.0,129.0,AlankarChowk,a3,a3_12.csv,HIGH,124.0,51
1900-01-01 11:00:00,RIGHT,30.0,23.0,6.0,4.0,63.0,AlankarChowk,a3,a3_12.csv,MEDIUM,68.5,35
1900-01-01 11:00:00,UP,79.0,11.0,4.0,0.0,94.0,AlankarChowk,a3,a3_12.csv,HIGH,94.5,42
1900-01-01 11:05:00,DOWN,60.0,8.0,11.0,9.0,88.0,AlankarChowk,a3,a3_12.csv,HIGH,118.5,49
1900-01-01 11:05:00,LEFT,64.0,59.0,0.0,9.0,132.0,AlankarChowk,a3,a3_12.csv,HIGH,120.5,50
1900-01-01 11:05:00,RIGHT,42.0,26.0,3.0,11.0,82.0,AlankarChowk,a3,a3_12.csv,HIGH,95.5,43
1900-01-01 11:05:00,UP,103.0,0.0,0.0,0.0,103.0,AlankarChowk,a3,a3_12.csv,HIGH,103.0,45
1900-01-01 11:10:00,DOWN,31.0,10.0,33.0,4.0,78.0,AlankarChowk,a3,a3_12.csv,HIGH,130.5,53
1900-01-01 11:10:00,LEFT,63.0,80.0,3.0,5.0,151.0,AlankarChowk,a3,a3_12.csv,HIGH,125.5,51
1900-01-01 11:10:00,RIGHT,33.0,43.0,4.0,11.0,91.0,AlankarChowk,a3,a3_12.csv,HIGH,97.5,43
1900-01-01 11:10:00,UP,155.0,2.0,5.0,3.0,165.0,AlankarChowk,a3,a3_12.csv,VERY_HIGH,177.5,60
1900-01-01 11:15:00,DOWN,119.0,11.0,18.0,3.0,151.0,AlankarChowk,a3,a3_12.csv,HIGH,178.5,60
1900-01-01 11:15:00,LEFT,73.0,60.0,2.0,8.0,143.0,AlankarChowk,a3,a3_12.csv,HIGH,132.0,53
1900-01-01 11:15:00,RIGHT,31.0,29.0,10.0,6.0,76.0,AlankarChowk,a3,a3_12.csv,HIGH,88.5,41
1900-01-01 11:15:00,UP,99.0,3.0,3.0,1.0,106.0,AlankarChowk,a3,a3_12.csv,HIGH,111.0,47
1900-01-01 11:20:00,DOWN,57.0,18.0,12.0,3.0,90.0,AlankarChowk,a3,a3_12.csv,HIGH,105.0,45
1900-01-01 11:20:00,LEFT,75.0,57.0,5.0,5.0,142.0,AlankarChowk,a3,a3_12.csv,HIGH,131.0,53
1900-01-01 11:20:00,RIGHT,26.0,23.0,7.0,4.0,60.0,AlankarChowk,a3,a3_12.csv,MEDIUM,67.0,34
1900-01-01 11:20:00,UP,181.0,17.0,4.0,0.0,202.0,AlankarChowk,a3,a3_12.csv,VERY_HIGH,199.5,60
1900-01-01 11:25:00,DOWN,12.0,18.0,6.0,2.0,38.0,AlankarChowk,a3,a3_12.csv,MEDIUM,42.0,27
1900-01-01 11:25:00,LEFT,14.0,9.0,0.0,1.0,24.0,AlankarChowk,a3,a3_12.csv,MEDIUM,21.5,21
1900-01-01 11:25:00,RIGHT,13.0,5.0,1.0,1.0,20.0,AlankarChowk,a3,a3_12.csv,MEDIUM,21.0,21
1900-01-01 11:25:00,UP,54.0,4.0,0.0,1.0,59.0,AlankarChowk,a3,a3_12.csv,MEDIUM,59.0,32
1900-01-01 08:55:00,DOWN,4.0,0.0,0.0,2.0,6.0,AlankarChowk,a3,a3_13.csv,MEDIUM,10.0,18
1900-01-01 08:55:00,LEFT,0.0,1.0,0.0,0.0,1.0,AlankarChowk,a3,a3_13.csv,LOW,0.5,15
1900-01-01 08:55:00,RIGHT,1.0,0.0,0.0,0.0,1.0,AlankarChowk,a3,a3_13.csv,LOW,1.0,15
1900-01-01 08:55:00,UP,1.0,0.0,0.0,0.0,1.0,AlankarChowk,a3,a3_13.csv,LOW,1.0,15
1900-01-01 09:00:00,DOWN,61.0,22.0,10.0,4.0,97.0,AlankarChowk,a3,a3_13.csv,HIGH,109.0,47
1900-01-01 09:00:00,LEFT,61.0,67.0,5.0,13.0,146.0,AlankarChowk,a3,a3_13.csv,HIGH,146.0,57
1900-01-01 09:00:00,RIGHT,31.0,13.0,7.0,9.0,60.0,AlankarChowk,a3,a3_13.csv,MEDIUM,82.0,39
1900-01-01 09:00:00,UP,111.0,0.0,1.0,0.0,112.0,AlankarChowk,a3,a3_13.csv,HIGH,113.5,48
1900-01-01 09:05:00,DOWN,80.0,29.0,21.0,8.0,138.0,AlankarChowk,a3,a3_13.csv,HIGH,171.0,60
1900-01-01 09:05:00,LEFT,78.0,57.0,7.0,5.0,147.0,AlankarChowk,a3,a3_13.csv,HIGH,139.0,55
1900-01-01 09:05:00,RIGHT,41.0,17.0,8.0,18.0,84.0,AlankarChowk,a3,a3_13.csv,HIGH,123.5,51
1900-01-01 09:05:00,UP,207.0,1.0,1.0,0.0,209.0,AlankarChowk,a3,a3_13.csv,VERY_HIGH,210.0,60
1900-01-01 09:10:00,DOWN,55.0,30.0,20.0,7.0,112.0,AlankarChowk,a3,a3_13.csv,HIGH,141.0,56
1900-01-01 09:10:00,LEFT,51.0,49.0,10.0,13.0,123.0,AlankarChowk,a3,a3_13.csv,HIGH,139.5,55
1900-01-01 09:10:00,RIGHT,35.0,15.0,6.0,16.0,72.0,AlankarChowk,a3,a3_13.csv,MEDIUM,105.5,46
1900-01-01 09:10:00,UP,99.0,0.0,2.0,0.0,101.0,AlankarChowk,a3,a3_13.csv,HIGH,104.0,45
1900-01-01 09:15:00,DOWN,72.0,19.0,23.0,19.0,133.0,AlankarChowk,a3,a3_13.csv,HIGH,196.0,60
1900-01-01 09:15:00,LEFT,62.0,51.0,7.0,6.0,126.0,AlankarChowk,a3,a3_13.csv,HIGH,123.0,51
1900-01-01 09:15:00,RIGHT,30.0,20.0,5.0,15.0,70.0,AlankarChowk,a3,a3_13.csv,MEDIUM,97.5,43
1900-01-01 09:15:00,UP,137.0,1.0,1.0,5.0,144.0,AlankarChowk,a3,a3_13.csv,HIGH,155.0,60
1900-01-01 09:20:00,DOWN,69.0,24.0,17.0,6.0,116.0,AlankarChowk,a3,a3_13.csv,HIGH,141.5,56
1900-01-01 09:20:00,LEFT,94.0,37.0,5.0,12.0,148.0,AlankarChowk,a3,a3_13.csv,HIGH,161.0,60
1900-01-01 09:20:00,RIGHT,34.0,15.0,13.0,14.0,76.0,AlankarChowk,a3,a3_13.csv,HIGH,116.0,49
1900-01-01 09:20:00,UP,349.0,0.0,1.0,1.0,351.0,AlankarChowk,a3,a3_13.csv,VERY_HIGH,354.5,60
1900-01-01 09:25:00,DOWN,250.0,21.0,11.0,12.0,294.0,AlankarChowk,a3,a3_13.csv,VERY_HIGH,324.0,60
1900-01-01 09:25:00,LEFT,79.0,47.0,7.0,11.0,144.0,AlankarChowk,a3,a3_13.csv,HIGH,153.0,59
1900-01-01 09:25:00,RIGHT,43.0,14.0,3.0,14.0,74.0,AlankarChowk,a3,a3_13.csv,MEDIUM,99.5,44
1900-01-01 09:25:00,UP,708.0,8.0,2.0,0.0,718.0,AlankarChowk,a3,a3_13.csv,VERY_HIGH,717.0,60
1900-01-01 09:30:00,DOWN,39.0,9.0,14.0,3.0,65.0,AlankarChowk,a3,a3_13.csv,MEDIUM,87.5,40
1900-01-01 09:30:00,LEFT,57.0,38.0,7.0,10.0,112.0,AlankarChowk,a3,a3_13.csv,HIGH,123.5,51
1900-01-01 09:30:00,RIGHT,29.0,17.0,10.0,10.0,66.0,AlankarChowk,a3,a3_13.csv,MEDIUM,92.5,42
1900-01-01 09:30:00,UP,299.0,3.0,1.0,1.0,304.0,AlankarChowk,a3,a3_13.csv,VERY_HIGH,306.0,60
1900-01-01 09:35:00,DOWN,34.0,17.0,13.0,9.0,73.0,AlankarChowk,a3,a3_13.csv,MEDIUM,102.0,45
1900-01-01 09:35:00,LEFT,56.0,55.0,13.0,14.0,138.0,AlankarChowk,a3,a3_13.csv,HIGH,158.0,60
1900-01-01 09:35:00,RIGHT,32.0,23.0,8.0,13.0,76.0,AlankarChowk,a3,a3_13.csv,HIGH,102.5,45
1900-01-01 09:35:00,UP,66.0,3.0,2.0,0.0,71.0,AlankarChowk,a3,a3_13.csv,MEDIUM,72.5,36
1900-01-01 09:40:00,DOWN,44.0,11.0,16.0,3.0,74.0,AlankarChowk,a3,a3_13.csv,MEDIUM,98.5,44
1900-01-01 09:40:00,LEFT,63.0,38.0,12.0,7.0,120.0,AlankarChowk,a3,a3_13.csv,HIGH,133.0,53
1900-01-01 09:40:00,RIGHT,33.0,23.0,9.0,13.0,78.0,AlankarChowk,a3,a3_13.csv,HIGH,106.0,46
1900-01-01 09:40:00,UP,81.0,1.0,0.0,0.0,82.0,AlankarChowk,a3,a3_13.csv,HIGH,81.5,39
1900-01-01 09:45:00,DOWN,26.0,6.0,12.0,6.0,50.0,AlankarChowk,a3,a3_13.csv,MEDIUM,77.0,37
1900-01-01 09:45:00,LEFT,51.0,43.0,9.0,6.0,109.0,AlankarChowk,a3,a3_13.csv,HIGH,113.0,48
1900-01-01 09:45:00,RIGHT,26.0,20.0,9.0,11.0,66.0,AlankarChowk,a3,a3_13.csv,MEDIUM,91.5,41
1900-01-01 09:45:00,UP,21.0,0.0,1.0,0.0,22.0,AlankarChowk,a3,a3_13.csv,MEDIUM,23.5,22
1900-01-01 09:50:00,DOWN,20.0,12.0,11.0,5.0,48.0,AlankarChowk,a3,a3_13.csv,MEDIUM,68.5,35
1900-01-01 09:50:00,LEFT,38.0,41.0,21.0,9.0,109.0,AlankarChowk,a3,a3_13.csv,HIGH,138.0,55
1900-01-01 09:50:00,RIGHT,15.0,12.0,5.0,6.0,38.0,AlankarChowk,a3,a3_13.csv,MEDIUM,51.5,30
1900-01-01 09:50:00,UP,12.0,0.0,1.0,1.0,14.0,AlankarChowk,a3,a3_13.csv,MEDIUM,17.5,20
1900-01-01 09:55:00,DOWN,204.0,6.0,38.0,4.0,252.0,AlankarChowk,a3,a3_13.csv,VERY_HIGH,314.0,60
1900-01-01 09:55:00,LEFT,48.0,41.0,10.0,6.0,105.0,AlankarChowk,a3,a3_13.csv,HIGH,111.5,47
1900-01-01 09:55:00,RIGHT,16.0,11.0,9.0,11.0,47.0,AlankarChowk,a3,a3_13.csv,MEDIUM,77.0,37
1900-01-01 09:55:00,UP,38.0,2.0,4.0,0.0,44.0,AlankarChowk,a3,a3_13.csv,MEDIUM,49.0,29
1900-01-01 10:00:00,DOWN,40.0,20.0,12.0,7.0,79.0,AlankarChowk,a3,a3_13.csv,HIGH,101.0,44
1900-01-01 10:00:00,LEFT,58.0,33.0,10.0,3.0,104.0,AlankarChowk,a3,a3_13.csv,HIGH,108.5,46
1900-01-01 10:00:00,RIGHT,34.0,16.0,8.0,16.0,74.0,AlankarChowk,a3,a3_13.csv,MEDIUM,110.0,47
1900-01-01 10:00:00,UP,69.0,1.0,3.0,2.0,75.0,AlankarChowk,a3,a3_13.csv,HIGH,83.0,39
1900-01-01 10:05:00,DOWN,44.0,14.0,8.0,10.0,76.0,AlankarChowk,a3,a3_13.csv,HIGH,101.0,44
1900-01-01 10:05:00,LEFT,61.0,39.0,9.0,17.0,126.0,AlankarChowk,a3,a3_13.csv,HIGH,154.0,60
1900-01-01 10:05:00,RIGHT,28.0,17.0,9.0,15.0,69.0,AlankarChowk,a3,a3_13.csv,MEDIUM,104.0,45
1900-01-01 10:05:00,UP,407.0,43.0,0.0,0.0,450.0,AlankarChowk,a3,a3_13.csv,VERY_HIGH,428.5,60
1900-01-01 10:10:00,DOWN,358.0,33.0,13.0,7.0,411.0,AlankarChowk,a3,a3_13.csv,VERY_HIGH,428.0,60
1900-01-01 10:10:00,LEFT,50.0,34.0,9.0,10.0,103.0,AlankarChowk,a3,a3_13.csv,HIGH,119.5,50
1900-01-01 10:10:00,RIGHT,32.0,11.0,11.0,29.0,83.0,AlankarChowk,a3,a3_13.csv,HIGH,152.0,59
1900-01-01 10:10:00,UP,1085.0,1.0,1.0,0.0,1087.0,AlankarChowk,a3,a3_13.csv,VERY_HIGH,1088.0,60
1900-01-01 10:15:00,DOWN,55.0,17.0,16.0,5.0,93.0,AlankarChowk,a3,a3_13.csv,HIGH,118.5,49
1900-01-01 10:15:00,LEFT,62.0,26.0,12.0,13.0,113.0,AlankarChowk,a3,a3_13.csv,HIGH,144.0,57
1900-01-01 10:15:00,RIGHT,31.0,12.0,10.0,17.0,70.0,AlankarChowk,a3,a3_13.csv,MEDIUM,113.0,48
1900-01-01 10:15:00,UP,34.0,0.0,6.0,2.0,42.0,AlankarChowk,a3,a3_13.csv,MEDIUM,55.0,31
1900-01-01 10:20:00,DOWN,71.0,13.0,19.0,2.0,105.0,AlankarChowk,a3,a3_13.csv,HIGH,131.0,53
1900-01-01 10:20:00,LEFT,59.0,37.0,6.0,9.0,111.0,AlankarChowk,a3,a3_13.csv,HIGH,119.5,50
1900-01-01 10:20:00,RIGHT,26.0,14.0,9.0,12.0,61.0,AlankarChowk,a3,a3_13.csv,MEDIUM,91.5,41
1900-01-01 10:20:00,UP,118.0,0.0,2.0,0.0,120.0,AlankarChowk,a3,a3_13.csv,HIGH,123.0,51
1900-01-01 10:25:00,DOWN,131.0,19.0,9.0,14.0,173.0,AlankarChowk,a3,a3_13.csv,VERY_HIGH,205.0,60
1900-01-01 10:25:00,LEFT,52.0,33.0,9.0,8.0,102.0,AlankarChowk,a3,a3_13.csv,HIGH,115.0,48
1900-01-01 10:25:00,RIGHT,24.0,15.0,8.0,19.0,66.0,AlankarChowk,a3,a3_13.csv,MEDIUM,108.5,46
1900-01-01 10:25:00,UP,545.0,0.0,0.0,1.0,546.0,AlankarChowk,a3,a3_13.csv,VERY_HIGH,548.0,60
1900-01-01 10:30:00,DOWN,82.0,8.0,16.0,4.0,110.0,AlankarChowk,a3,a3_13.csv,HIGH,138.0,55
1900-01-01 10:30:00,LEFT,55.0,16.0,6.0,11.0,88.0,AlankarChowk,a3,a3_13.csv,HIGH,111.0,47
1900-01-01 10:30:00,RIGHT,31.0,12.0,6.0,15.0,64.0,AlankarChowk,a3,a3_13.csv,MEDIUM,97.0,43
1900-01-01 10:30:00,UP,1061.0,8.0,3.0,0.0,1072.0,AlankarChowk,a3,a3_13.csv,VERY_HIGH,1072.5,60
1900-01-01 10:35:00,DOWN,97.0,21.0,18.0,7.0,143.0,AlankarChowk,a3,a3_13.csv,HIGH,173.5,60
1900-01-01 10:35:00,LEFT,50.0,30.0,4.0,9.0,93.0,AlankarChowk,a3,a3_13.csv,HIGH,102.0,45
1900-01-01 10:35:00,RIGHT,38.0,19.0,6.0,20.0,83.0,AlankarChowk,a3,a3_13.csv,HIGH,122.5,50
1900-01-01 10:35:00,UP,591.0,1.0,0.0,4.0,596.0,AlankarChowk,a3,a3_13.csv,VERY_HIGH,603.5,60
1900-01-01 10:40:00,DOWN,64.0,18.0,15.0,10.0,107.0,AlankarChowk,a3,a3_13.csv,HIGH,140.5,56
1900-01-01 10:40:00,LEFT,48.0,26.0,9.0,13.0,96.0,AlankarChowk,a3,a3_13.csv,HIGH,122.5,50
1900-01-01 10:40:00,RIGHT,32.0,14.0,5.0,23.0,74.0,AlankarChowk,a3,a3_13.csv,MEDIUM,120.5,50
1900-01-01 10:40:00,UP,253.0,3.0,100.0,36.0,392.0,AlankarChowk,a3,a3_13.csv,VERY_HIGH,612.5,60
1900-01-01 10:45:00,DOWN,115.0,20.0,28.0,16.0,179.0,AlankarChowk,a3,a3_13.csv,VERY_HIGH,243.0,60
1900-01-01 10:45:00,LEFT,47.0,25.0,14.0,10.0,96.0,AlankarChowk,a3,a3_13.csv,HIGH,124.5,51
1900-01-01 10:45:00,RIGHT,26.0,16.0,3.0,19.0,64.0,AlankarChowk,a3,a3_13.csv,MEDIUM,98.5,44
1900-01-01 10:45:00,UP,89.0,2.0,5.0,2.0,98.0,AlankarChowk,a3,a3_13.csv,HIGH,108.5,46
1900-01-01 10:50:00,DOWN,53.0,15.0,14.0,7.0,89.0,AlankarChowk,a3,a3_13.csv,HIGH,116.5,49
1900-01-01 10:50:00,LEFT,58.0,28.0,7.0,5.0,98.0,AlankarChowk,a3,a3_13.csv,HIGH,104.5,45
1900-01-01 10:50:00,RIGHT,26.0,10.0,7.0,16.0,59.0,AlankarChowk,a3,a3_13.csv,MEDIUM,96.5,43
1900-01-01 10:50:00,UP,102.0,6.0,2.0,0.0,110.0,AlankarChowk,a3,a3_13.csv,HIGH,110.0,47
1900-01-01 10:55:00,DOWN,38.0,15.0,18.0,9.0,80.0,AlankarChowk,a3,a3_13.csv,HIGH,117.5,49
1900-01-01 10:55:00,LEFT,42.0,31.0,9.0,8.0,90.0,AlankarChowk,a3,a3_13.csv,HIGH,104.0,45
1900-01-01 10:55:00,RIGHT,23.0,13.0,7.0,16.0,59.0,AlankarChowk,a3,a3_13.csv,MEDIUM,95.0,42
1900-01-01 10:55:00,UP,87.0,1.0,1.0,1.0,90.0,AlankarChowk,a3,a3_13.csv,HIGH,93.0,42
1900-01-01 11:00:00,DOWN,36.0,31.0,8.0,4.0,79.0,AlankarChowk,a3,a3_13.csv,HIGH,83.5,39
1900-01-01 11:00:00,LEFT,64.0,26.0,12.0,11.0,113.0,AlankarChowk,a3,a3_13.csv,HIGH,140.0,56
1900-01-01 11:00:00,RIGHT,35.0,17.0,8.0,22.0,82.0,AlankarChowk,a3,a3_13.csv,HIGH,129.5,52
1900-01-01 11:00:00,UP,128.0,1.0,1.0,0.0,130.0,AlankarChowk,a3,a3_13.csv,HIGH,131.0,53
1900-01-01 11:05:00,DOWN,39.0,24.0,13.0,6.0,82.0,AlankarChowk,a3,a3_13.csv,HIGH,101.5,44
1900-01-01 11:05:00,LEFT,40.0,27.0,11.0,7.0,85.0,AlankarChowk,a3,a3_13.csv,HIGH,102.0,45
1900-01-01 11:05:00,RIGHT,34.0,11.0,4.0,19.0,68.0,AlankarChowk,a3,a3_13.csv,MEDIUM,106.5,46
1900-01-01 11:05:00,UP,43.0,6.0,2.0,0.0,51.0,AlankarChowk,a3,a3_13.csv,MEDIUM,51.0,30
1900-01-01 11:10:00,DOWN,71.0,19.0,22.0,10.0,122.0,AlankarChowk,a3,a3_13.csv,HIGH,165.5,60
1900-01-01 11:10:00,LEFT,41.0,27.0,10.0,8.0,86.0,AlankarChowk,a3,a3_13.csv,HIGH,103.5,45
1900-01-01 11:10:00,RIGHT,30.0,12.0,8.0,20.0,70.0,AlankarChowk,a3,a3_13.csv,MEDIUM,116.0,49
1900-01-01 11:10:00,UP,356.0,5.0,0.0,2.0,363.0,AlankarChowk,a3,a3_13.csv,VERY_HIGH,364.5,60
1900-01-01 11:15:00,DOWN,135.0,10.0,21.0,7.0,173.0,AlankarChowk,a3,a3_13.csv,VERY_HIGH,213.5,60
1900-01-01 11:15:00,LEFT,42.0,26.0,4.0,3.0,75.0,AlankarChowk,a3,a3_13.csv,HIGH,74.0,36
1900-01-01 11:15:00,RIGHT,36.0,21.0,7.0,17.0,81.0,AlankarChowk,a3,a3_13.csv,HIGH,115.0,48
1900-01-01 11:15:00,UP,151.0,4.0,0.0,0.0,155.0,AlankarChowk,a3,a3_13.csv,VERY_HIGH,153.0,59
1900-01-01 11:20:00,DOWN,54.0,27.0,16.0,11.0,108.0,AlankarChowk,a3,a3_13.csv,HIGH,140.5,56
1900-01-01 11:20:00,LEFT,37.0,30.0,7.0,16.0,90.0,AlankarChowk,a3,a3_13.csv,HIGH,117.5,49
1900-01-01 11:20:00,RIGHT,32.0,20.0,9.0,19.0,80.0,AlankarChowk,a3,a3_13.csv,HIGH,121.5,50
1900-01-01 11:20:00,UP,283.0,1.0,4.0,0.0,288.0,AlankarChowk,a3,a3_13.csv,VERY_HIGH,293.5,60
1900-01-01 11:25:00,DOWN,0.0,2.0,1.0,0.0,3.0,AlankarChowk,a3,a3_13.csv,LOW,3.5,16
1900-01-01 11:25:00,LEFT,8.0,12.0,2.0,3.0,25.0,AlankarChowk,a3,a3_13.csv,MEDIUM,28.0,23
1900-01-01 11:25:00,RIGHT,0.0,0.0,0.0,1.0,1.0,AlankarChowk,a3,a3_13.csv,LOW,3.0,16
1900-01-01 11:25:00,UP,183.0,0.0,5.0,9.0,197.0,AlankarChowk,a3,a3_13.csv,VERY_HIGH,222.5,60
1900-01-01 09:00:00,DOWN,0.0,4.0,2.0,4.0,10.0,AlankarChowk,a3,a3_11.csv,MEDIUM,19.0,20
1900-01-01 09:00:00,LEFT,25.0,24.0,4.0,15.0,68.0,AlankarChowk,a3,a3_11.csv,MEDIUM,92.0,42
1900-01-01 09:00:00,RIGHT,16.0,7.0,6.0,13.0,42.0,AlankarChowk,a3,a3_11.csv,MEDIUM,73.5,36
1900-01-01 09:00:00,UP,10.0,10.0,7.0,11.0,38.0,AlankarChowk,a3,a3_11.csv,MEDIUM,65.5,34
1900-01-01 09:05:00,DOWN,5.0,7.0,4.0,3.0,19.0,AlankarChowk,a3,a3_11.csv,MEDIUM,27.5,23
1900-01-01 09:05:00,LEFT,30.0,38.0,2.0,23.0,93.0,AlankarChowk,a3,a3_11.csv,HIGH,123.0,51
1900-01-01 09:05:00,RIGHT,18.0,13.0,9.0,19.0,59.0,AlankarChowk,a3,a3_11.csv,MEDIUM,104.0,45
1900-01-01 09:05:00,UP,14.0,13.0,6.0,11.0,44.0,AlankarChowk,a3,a3_11.csv,MEDIUM,68.5,35
1900-01-01 09:10:00,DOWN,4.0,9.0,4.0,8.0,25.0,AlankarChowk,a3,a3_11.csv,MEDIUM,42.5,27
1900-01-01 09:10:00,LEFT,26.0,34.0,2.0,25.0,87.0,AlankarChowk,a3,a3_11.csv,HIGH,123.0,51
1900-01-01 09:10:00,RIGHT,22.0,23.0,5.0,15.0,65.0,AlankarChowk,a3,a3_11.csv,MEDIUM,91.0,41
1900-01-01 09:10:00,UP,13.0,14.0,3.0,8.0,38.0,AlankarChowk,a3,a3_11.csv,MEDIUM,51.5,30
1900-01-01 09:15:00,DOWN,5.0,10.0,3.0,4.0,22.0,AlankarChowk,a3,a3_11.csv,MEDIUM,29.5,24
1900-01-01 09:15:00,LEFT,30.0,30.0,5.0,13.0,78.0,AlankarChowk,a3,a3_11.csv,HIGH,96.5,43
1900-01-01 09:15:00,RIGHT,21.0,22.0,6.0,12.0,61.0,AlankarChowk,a3,a3_11.csv,MEDIUM,83.0,39
1900-01-01 09:15:00,UP,15.0,17.0,6.0,7.0,45.0,AlankarChowk,a3,a3_11.csv,MEDIUM,59.5,32
1900-01-01 09:20:00,DOWN,7.0,4.0,6.0,4.0,21.0,AlankarChowk,a3,a3_11.csv,MEDIUM,36.0,25
1900-01-01 09:20:00,LEFT,28.0,28.0,5.0,20.0,81.0,AlankarChowk,a3,a3_11.csv,HIGH,114.5,48
1900-01-01 09:20:00,RIGHT,21.0,13.0,9.0,10.0,53.0,AlankarChowk,a3,a3_11.csv,MEDIUM,80.0,38
1900-01-01 09:20:00,UP,10.0,12.0,1.0,7.0,30.0,AlankarChowk,a3,a3_11.csv,MEDIUM,39.5,26
1900-01-01 09:25:00,DOWN,8.0,15.0,4.0,5.0,32.0,AlankarChowk,a3,a3_11.csv,MEDIUM,40.5,27
1900-01-01 09:25:00,LEFT,36.0,26.0,5.0,16.0,83.0,AlankarChowk,a3,a3_11.csv,HIGH,109.5,47
1900-01-01 09:25:00,RIGHT,28.0,10.0,7.0,29.0,74.0,AlankarChowk,a3,a3_11.csv,MEDIUM,137.5,55
1900-01-01 09:25:00,UP,25.0,7.0,2.0,13.0,47.0,AlankarChowk,a3,a3_11.csv,MEDIUM,72.5,36
1900-01-01 09:30:00,DOWN,4.0,13.0,4.0,6.0,27.0,AlankarChowk,a3,a3_11.csv,MEDIUM,38.5,26
1900-01-01 09:30:00,LEFT,29.0,28.0,3.0,20.0,80.0,AlankarChowk,a3,a3_11.csv,HIGH,110.5,47
1900-01-01 09:30:00,RIGHT,23.0,17.0,6.0,11.0,57.0,AlankarChowk,a3,a3_11.csv,MEDIUM,79.5,38
1900-01-01 09:30:00,UP,13.0,13.0,4.0,12.0,42.0,AlankarChowk,a3,a3_11.csv,MEDIUM,65.5,34
1900-01-01 09:35:00,DOWN,5.0,5.0,8.0,9.0,27.0,AlankarChowk,a3,a3_11.csv,MEDIUM,54.5,31
1900-01-01 09:35:00,LEFT,30.0,31.0,7.0,16.0,84.0,AlankarChowk,a3,a3_11.csv,HIGH,111.0,47
1900-01-01 09:35:00,RIGHT,31.0,22.0,10.0,14.0,77.0,AlankarChowk,a3,a3_11.csv,HIGH,109.0,47
1900-01-01 09:35:00,UP,13.0,9.0,1.0,14.0,37.0,AlankarChowk,a3,a3_11.csv,MEDIUM,62.0,33
1900-01-01 09:40:00,DOWN,7.0,9.0,6.0,8.0,30.0,AlankarChowk,a3,a3_11.csv,MEDIUM,50.5,30
1900-01-01 09:40:00,LEFT,23.0,31.0,8.0,19.0,81.0,AlankarChowk,a3,a3_11.csv,HIGH,115.5,48
1900-01-01 09:40:00,RIGHT,19.0,21.0,9.0,19.0,68.0,AlankarChowk,a3,a3_11.csv,MEDIUM,109.0,47
1900-01-01 09:40:00,UP,12.0,9.0,5.0,6.0,32.0,AlankarChowk,a3,a3_11.csv,MEDIUM,47.0,29
1900-01-01 09:45:00,DOWN,8.0,6.0,6.0,10.0,30.0,AlankarChowk,a3,a3_11.csv,MEDIUM,56.0,31
1900-01-01 09:45:00,LEFT,37.0,26.0,10.0,18.0,91.0,AlankarChowk,a3,a3_11.csv,HIGH,129.0,52
1900-01-01 09:45:00,RIGHT,31.0,21.0,7.0,22.0,81.0,AlankarChowk,a3,a3_11.csv,HIGH,125.0,51
1900-01-01 09:45:00,UP,23.0,10.0,10.0,3.0,46.0,AlankarChowk,a3,a3_11.csv,MEDIUM,62.0,33
1900-01-01 09:50:00,DOWN,12.0,6.0,4.0,6.0,28.0,AlankarChowk,a3,a3_11.csv,MEDIUM,43.0,27
1900-01-01 09:50:00,LEFT,47.0,41.0,6.0,19.0,113.0,AlankarChowk,a3,a3_11.csv,HIGH,139.5,55
1900-01-01 09:50:00,RIGHT,37.0,14.0,11.0,21.0,83.0,AlankarChowk,a3,a3_11.csv,HIGH,134.5,54
1900-01-01 09:50:00,UP,27.0,17.0,8.0,9.0,61.0,AlankarChowk,a3,a3_11.csv,MEDIUM,82.5,39
1900-01-01 09:55:00,DOWN,11.0,9.0,5.0,10.0,35.0,AlankarChowk,a3,a3_11.csv,MEDIUM,58.0,32
1900-01-01 09:55:00,LEFT,37.0,34.0,9.0,13.0,93.0,AlankarChowk,a3,a3_11.csv,HIGH,115.5,48
1900-01-01 09:55:00,RIGHT,33.0,14.0,10.0,24.0,81.0,AlankarChowk,a3,a3_11.csv,HIGH,137.0,55
1900-01-01 09:55:00,UP,23.0,7.0,4.0,7.0,41.0,AlankarChowk,a3,a3_11.csv,MEDIUM,57.5,32
1900-01-01 10:00:00,DOWN,4.0,3.0,5.0,5.0,17.0,AlankarChowk,a3,a3_11.csv,MEDIUM,33.0,25
1900-01-01 10:00:00,LEFT,35.0,37.0,9.0,18.0,99.0,AlankarChowk,a3,a3_11.csv,HIGH,130.0,53
1900-01-01 10:00:00,RIGHT,13.0,14.0,11.0,15.0,53.0,AlankarChowk,a3,a3_11.csv,MEDIUM,92.5,42
1900-01-01 10:00:00,UP,11.0,18.0,1.0,23.0,53.0,AlankarChowk,a3,a3_11.csv,MEDIUM,91.5,41
1900-01-01 10:05:00,DOWN,8.0,6.0,7.0,7.0,28.0,AlankarChowk,a3,a3_11.csv,MEDIUM,49.5,29
1900-01-01 10:05:00,LEFT,38.0,24.0,5.0,21.0,88.0,AlankarChowk,a3,a3_11.csv,HIGH,125.5,51
1900-01-01 10:05:00,RIGHT,26.0,13.0,8.0,18.0,65.0,AlankarChowk,a3,a3_11.csv,MEDIUM,106.5,46
1900-01-01 10:05:00,UP,13.0,11.0,5.0,22.0,51.0,AlankarChowk,a3,a3_11.csv,MEDIUM,97.0,43
1900-01-01 10:10:00,DOWN,4.0,4.0,5.0,13.0,26.0,AlankarChowk,a3,a3_11.csv,MEDIUM,57.5,32
1900-01-01 10:10:00,LEFT,28.0,41.0,8.0,20.0,97.0,AlankarChowk,a3,a3_11.csv,HIGH,128.5,52
1900-01-01 10:10:00,RIGHT,18.0,14.0,5.0,30.0,67.0,AlankarChowk,a3,a3_11.csv,MEDIUM,127.5,52
1900-01-01 10:10:00,UP,12.0,14.0,1.0,15.0,42.0,AlankarChowk,a3,a3_11.csv,MEDIUM,66.5,34
1900-01-01 10:15:00,DOWN,5.0,3.0,6.0,2.0,16.0,AlankarChowk,a3,a3_11.csv,MEDIUM,27.5,23
1900-01-01 10:15:00,LEFT,33.0,38.0,3.0,19.0,93.0,AlankarChowk,a3,a3_11.csv,HIGH,116.5,49
1900-01-01 10:15:00,RIGHT,23.0,14.0,9.0,16.0,62.0,AlankarChowk,a3,a3_11.csv,MEDIUM,100.5,44
1900-01-01 10:15:00,UP,28.0,23.0,1.0,13.0,65.0,AlankarChowk,a3,a3_11.csv,MEDIUM,81.0,38
1900-01-01 10:20:00,DOWN,7.0,5.0,5.0,2.0,19.0,AlankarChowk,a3,a3_11.csv,MEDIUM,28.0,23
1900-01-01 10:20:00,LEFT,28.0,26.0,4.0,12.0,70.0,AlankarChowk,a3,a3_11.csv,MEDIUM,87.0,40
1900-01-01 10:20:00,RIGHT,33.0,12.0,8.0,14.0,67.0,AlankarChowk,a3,a3_11.csv,MEDIUM,101.0,44
1900-01-01 10:20:00,UP,15.0,12.0,3.0,13.0,43.0,AlankarChowk,a3,a3_11.csv,MEDIUM,67.5,35
1900-01-01 10:25:00,DOWN,9.0,6.0,4.0,6.0,25.0,AlankarChowk,a3,a3_11.csv,MEDIUM,40.0,27
1900-01-01 10:25:00,LEFT,36.0,24.0,1.0,21.0,82.0,AlankarChowk,a3,a3_11.csv,HIGH,113.5,48
1900-01-01 10:25:00,RIGHT,19.0,14.0,9.0,14.0,56.0,AlankarChowk,a3,a3_11.csv,MEDIUM,90.5,41
1900-01-01 10:25:00,UP,22.0,13.0,2.0,19.0,56.0,AlankarChowk,a3,a3_11.csv,MEDIUM,90.5,41
1900-01-01 10:30:00,DOWN,12.0,15.0,5.0,4.0,36.0,AlankarChowk,a3,a3_11.csv,MEDIUM,44.0,28
1900-01-01 10:30:00,LEFT,51.0,24.0,7.0,10.0,92.0,AlankarChowk,a3,a3_11.csv,HIGH,110.5,47
1900-01-01 10:30:00,RIGHT,35.0,16.0,7.0,10.0,68.0,AlankarChowk,a3,a3_11.csv,MEDIUM,90.5,41
1900-01-01 10:30:00,UP,24.0,10.0,3.0,15.0,52.0,AlankarChowk,a3,a3_11.csv,MEDIUM,81.5,39
1900-01-01 10:35:00,DOWN,6.0,10.0,5.0,6.0,27.0,AlankarChowk,a3,a3_11.csv,MEDIUM,41.5,27
1900-01-01 10:35:00,LEFT,44.0,36.0,5.0,22.0,107.0,AlankarChowk,a3,a3_11.csv,HIGH,140.5,56
1900-01-01 10:35:00,RIGHT,27.0,16.0,8.0,20.0,71.0,AlankarChowk,a3,a3_11.csv,MEDIUM,115.0,48
1900-01-01 10:35:00,UP,19.0,7.0,3.0,17.0,46.0,AlankarChowk,a3,a3_11.csv,MEDIUM,81.0,38
1900-01-01 10:40:00,DOWN,7.0,14.0,4.0,6.0,31.0,AlankarChowk,a3,a3_11.csv,MEDIUM,42.0,27
1900-01-01 10:40:00,LEFT,46.0,29.0,2.0,22.0,99.0,AlankarChowk,a3,a3_11.csv,HIGH,131.5,53
1900-01-01 10:40:00,RIGHT,36.0,26.0,5.0,19.0,86.0,AlankarChowk,a3,a3_11.csv,HIGH,118.5,49
1900-01-01 10:40:00,UP,20.0,16.0,4.0,13.0,53.0,AlankarChowk,a3,a3_11.csv,MEDIUM,77.0,37
1900-01-01 10:45:00,DOWN,13.0,25.0,6.0,7.0,51.0,AlankarChowk,a3,a3_11.csv,MEDIUM,61.5,33
1900-01-01 10:45:00,LEFT,46.0,27.0,1.0,11.0,85.0,AlankarChowk,a3,a3_11.csv,HIGH,95.0,42
1900-01-01 10:45:00,RIGHT,35.0,24.0,8.0,26.0,93.0,AlankarChowk,a3,a3_11.csv,HIGH,145.0,57
1900-01-01 10:45:00,UP,30.0,13.0,3.0,7.0,53.0,AlankarChowk,a3,a3_11.csv,MEDIUM,65.0,34
1900-01-01 10:50:00,DOWN,9.0,8.0,5.0,12.0,34.0,AlankarChowk,a3,a3_11.csv,MEDIUM,61.5,33
1900-01-01 10:50:00,LEFT,50.0,36.0,1.0,14.0,101.0,AlankarChowk,a3,a3_11.csv,HIGH,112.5,48
1900-01-01 10:50:00,RIGHT,20.0,24.0,10.0,23.0,77.0,AlankarChowk,a3,a3_11.csv,HIGH,126.0,51
1900-01-01 10:50:00,UP,21.0,22.0,0.0,16.0,59.0,AlankarChowk,a3,a3_11.csv,MEDIUM,80.0,38
1900-01-01 10:55:00,DOWN,11.0,22.0,3.0,7.0,43.0,AlankarChowk,a3,a3_11.csv,MEDIUM,50.5,30
1900-01-01 10:55:00,LEFT,39.0,38.0,4.0,9.0,90.0,AlankarChowk,a3,a3_11.csv,HIGH,95.0,42
1900-01-01 10:55:00,RIGHT,34.0,40.0,4.0,18.0,96.0,AlankarChowk,a3,a3_11.csv,HIGH,118.0,49
1900-01-01 10:55:00,UP,17.0,9.0,0.0,8.0,34.0,AlankarChowk,a3,a3_11.csv,MEDIUM,45.5,28
1900-01-01 11:00:00,DOWN,12.0,17.0,7.0,12.0,48.0,AlankarChowk,a3,a3_11.csv,MEDIUM,74.0,36
1900-01-01 11:00:00,LEFT,34.0,35.0,6.0,19.0,94.0,AlankarChowk,a3,a3_11.csv,HIGH,123.5,51
1900-01-01 11:00:00,RIGHT,27.0,32.0,7.0,22.0,88.0,AlankarChowk,a3,a3_11.csv,HIGH,126.5,52
1900-01-01 11:00:00,UP,15.0,21.0,1.0,17.0,54.0,AlankarChowk,a3,a3_11.csv,MEDIUM,79.0,38
1900-01-01 11:05:00,DOWN,16.0,9.0,4.0,8.0,37.0,AlankarChowk,a3,a3_11.csv,MEDIUM,54.5,31
1900-01-01 11:05:00,LEFT,36.0,35.0,4.0,19.0,94.0,AlankarChowk,a3,a3_11.csv,HIGH,120.5,50
1900-01-01 11:05:00,RIGHT,47.0,27.0,9.0,15.0,98.0,AlankarChowk,a3,a3_11.csv,HIGH,128.0,52
1900-01-01 11:05:00,UP,27.0,24.0,2.0,9.0,62.0,AlankarChowk,a3,a3_11.csv,MEDIUM,71.0,36
1900-01-01 11:10:00,DOWN,24.0,13.0,3.0,7.0,47.0,AlankarChowk,a3,a3_11.csv,MEDIUM,59.0,32
1900-01-01 11:10:00,LEFT,40.0,41.0,8.0,14.0,103.0,AlankarChowk,a3,a3_11.csv,HIGH,122.5,50
1900-01-01 11:10:00,RIGHT,37.0,23.0,7.0,16.0,83.0,AlankarChowk,a3,a3_11.csv,HIGH,114.0,48
1900-01-01 11:10:00,UP,18.0,22.0,3.0,14.0,57.0,AlankarChowk,a3,a3_11.csv,MEDIUM,78.5,38
1900-01-01 11:15:00,DOWN,7.0,13.0,5.0,3.0,28.0,AlankarChowk,a3,a3_11.csv,MEDIUM,35.0,25
1900-01-01 11:15:00,LEFT,26.0,32.0,2.0,19.0,79.0,AlankarChowk,a3,a3_11.csv,HIGH,104.0,45
1900-01-01 11:15:00,RIGHT,15.0,18.0,8.0,17.0,58.0,AlankarChowk,a3,a3_11.csv,MEDIUM,95.0,42
1900-01-01 11:15:00,UP,10.0,15.0,4.0,10.0,39.0,AlankarChowk,a3,a3_11.csv,MEDIUM,57.5,32
1900-01-01 11:20:00,DOWN,15.0,10.0,4.0,10.0,39.0,AlankarChowk,a3,a3_11.csv,MEDIUM,60.0,32
1900-01-01 11:20:00,LEFT,31.0,52.0,2.0,18.0,103.0,AlankarChowk,a3,a3_11.csv,HIGH,116.0,49
1900-01-01 11:20:00,RIGHT,30.0,20.0,6.0,15.0,71.0,AlankarChowk,a3,a3_11.csv,MEDIUM,100.0,44
1900-01-01 11:20:00,UP,19.0,27.0,1.0,10.0,57.0,AlankarChowk,a3,a3_11.csv,MEDIUM,65.0,34
1900-01-01 11:25:00,DOWN,2.0,4.0,1.0,3.0,10.0,AlankarChowk,a3,a3_11.csv,MEDIUM,15.5,19
1900-01-01 11:25:00,LEFT,17.0,19.0,1.0,5.0,42.0,AlankarChowk,a3,a3_11.csv,MEDIUM,44.0,28
1900-01-01 11:25:00,RIGHT,4.0,6.0,2.0,7.0,19.0,AlankarChowk,a3,a3_11.csv,MEDIUM,33.0,25
1900-01-01 11:25:00,UP,4.0,3.0,1.0,3.0,11.0,AlankarChowk,a3,a3_11.csv,MEDIUM,17.0,20
1900-01-01 11:25:00,DOWN,59.0,12.0,15.0,3.0,89.0,AlankarChowk,a3,a3_14_one.csv,HIGH,111.5,47
1900-01-01 11:25:00,LEFT,41.0,33.0,3.0,3.0,80.0,AlankarChowk,a3,a3_14_one.csv,HIGH,74.0,36
1900-01-01 11:25:00,RIGHT,23.0,13.0,5.0,9.0,50.0,AlankarChowk,a3,a3_14_one.csv,MEDIUM,69.0,35
1900-01-01 11:25:00,UP,87.0,8.0,4.0,13.0,112.0,AlankarChowk,a3,a3_14_one.csv,HIGH,140.0,56
1900-01-01 11:30:00,DOWN,107.0,23.0,7.0,15.0,152.0,AlankarChowk,a3,a3_14_one.csv,HIGH,181.0,60
1900-01-01 11:30:00,LEFT,72.0,37.0,5.0,10.0,124.0,AlankarChowk,a3,a3_14_one.csv,HIGH,133.0,53
1900-01-01 11:30:00,RIGHT,34.0,19.0,5.0,13.0,71.0,AlankarChowk,a3,a3_14_one.csv,MEDIUM,95.0,42
1900-01-01 11:30:00,UP,188.0,10.0,6.0,9.0,213.0,AlankarChowk,a3,a3_14_one.csv,VERY_HIGH,235.0,60
1900-01-01 11:35:00,DOWN,143.0,19.0,19.0,7.0,188.0,AlankarChowk,a3,a3_14_one.csv,VERY_HIGH,221.0,60
1900-01-01 11:35:00,LEFT,49.0,36.0,8.0,4.0,97.0,AlankarChowk,a3,a3_14_one.csv,HIGH,99.0,44
1900-01-01 11:35:00,RIGHT,38.0,29.0,8.0,12.0,87.0,AlankarChowk,a3,a3_14_one.csv,HIGH,108.5,46
1900-01-01 11:35:00,UP,94.0,6.0,5.0,3.0,108.0,AlankarChowk,a3,a3_14_one.csv,HIGH,118.5,49
1900-01-01 11:40:00,DOWN,50.0,33.0,19.0,9.0,111.0,AlankarChowk,a3,a3_14_one.csv,HIGH,141.0,56
1900-01-01 11:40:00,LEFT,59.0,41.0,6.0,3.0,109.0,AlankarChowk,a3,a3_14_one.csv,HIGH,103.5,45
1900-01-01 11:40:00,RIGHT,23.0,19.0,6.0,26.0,74.0,AlankarChowk,a3,a3_14_one.csv,MEDIUM,125.5,51
1900-01-01 11:40:00,UP,365.0,6.0,4.0,5.0,380.0,AlankarChowk,a3,a3_14_one.csv,VERY_HIGH,393.0,60
1900-01-01 11:45:00,DOWN,71.0,16.0,12.0,9.0,108.0,AlankarChowk,a3,a3_14_one.csv,HIGH,136.0,54
1900-01-01 11:45:00,LEFT,53.0,57.0,3.0,10.0,123.0,AlankarChowk,a3,a3_14_one.csv,HIGH,119.0,49
1900-01-01 11:45:00,RIGHT,29.0,30.0,6.0,18.0,83.0,AlankarChowk,a3,a3_14_one.csv,HIGH,113.0,48
1900-01-01 11:45:00,UP,189.0,12.0,6.0,1.0,208.0,AlankarChowk,a3,a3_14_one.csv,VERY_HIGH,213.0,60
1900-01-01 11:50:00,DOWN,171.0,34.0,14.0,6.0,225.0,AlankarChowk,a3,a3_14_one.csv,VERY_HIGH,241.0,60
1900-01-01 11:50:00,LEFT,57.0,57.0,7.0,5.0,126.0,AlankarChowk,a3,a3_14_one.csv,HIGH,118.0,49
1900-01-01 11:50:00,RIGHT,31.0,24.0,12.0,16.0,83.0,AlankarChowk,a3,a3_14_one.csv,HIGH,121.0,50
1900-01-01 11:50:00,UP,131.0,14.0,110.0,3.0,258.0,AlankarChowk,a3,a3_14_one.csv,VERY_HIGH,422.0,60
1900-01-01 11:55:00,DOWN,38.0,29.0,8.0,66.0,141.0,AlankarChowk,a3,a3_14_one.csv,HIGH,270.5,60
1900-01-01 11:55:00,LEFT,50.0,42.0,4.0,9.0,105.0,AlankarChowk,a3,a3_14_one.csv,HIGH,108.0,46
1900-01-01 11:55:00,RIGHT,21.0,23.0,4.0,20.0,68.0,AlankarChowk,a3,a3_14_one.csv,MEDIUM,102.5,45
1900-01-01 11:55:00,UP,55.0,1.0,13.0,1.0,70.0,AlankarChowk,a3,a3_14_one.csv,MEDIUM,91.0,41
1900-01-01 08:55:00,DOWN,0.0,0.0,0.0,0.0,0.0,AlankarChowk,a3,a3_14.csv,LOW,0.0,15
1900-01-01 08:55:00,LEFT,0.0,0.0,0.0,0.0,0.0,AlankarChowk,a3,a3_14.csv,LOW,0.0,15
1900-01-01 08:55:00,RIGHT,0.0,1.0,0.0,0.0,1.0,AlankarChowk,a3,a3_14.csv,LOW,0.5,15
1900-01-01 08:55:00,UP,0.0,0.0,0.0,0.0,0.0,AlankarChowk,a3,a3_14.csv,LOW,0.0,15
1900-01-01 09:00:00,DOWN,40.0,16.0,14.0,13.0,83.0,AlankarChowk,a3,a3_14.csv,HIGH,122.0,50
1900-01-01 09:00:00,LEFT,61.0,54.0,6.0,16.0,137.0,AlankarChowk,a3,a3_14.csv,HIGH,151.0,59
1900-01-01 09:00:00,RIGHT,38.0,18.0,8.0,14.0,78.0,AlankarChowk,a3,a3_14.csv,HIGH,109.0,47
1900-01-01 09:00:00,UP,60.0,0.0,9.0,0.0,69.0,AlankarChowk,a3,a3_14.csv,MEDIUM,82.5,39
1900-01-01 09:05:00,DOWN,56.0,25.0,21.0,10.0,112.0,AlankarChowk,a3,a3_14.csv,HIGH,151.0,59
1900-01-01 09:05:00,LEFT,58.0,54.0,9.0,7.0,128.0,AlankarChowk,a3,a3_14.csv,HIGH,128.5,52
1900-01-01 09:05:00,RIGHT,29.0,21.0,9.0,16.0,75.0,AlankarChowk,a3,a3_14.csv,HIGH,110.0,47
1900-01-01 09:05:00,UP,76.0,10.0,2.0,0.0,88.0,AlankarChowk,a3,a3_14.csv,HIGH,86.0,40
1900-01-01 09:10:00,DOWN,33.0,17.0,17.0,16.0,83.0,AlankarChowk,a3,a3_14.csv,HIGH,132.0,53
1900-01-01 09:10:00,LEFT,42.0,65.0,9.0,9.0,125.0,AlankarChowk,a3,a3_14.csv,HIGH,124.0,51
1900-01-01 09:10:00,RIGHT,33.0,28.0,6.0,12.0,79.0,AlankarChowk,a3,a3_14.csv,HIGH,98.0,43
1900-01-01 09:10:00,UP,47.0,7.0,1.0,0.0,55.0,AlankarChowk,a3,a3_14.csv,MEDIUM,53.0,30
1900-01-01 09:15:00,DOWN,37.0,30.0,8.0,8.0,83.0,AlankarChowk,a3,a3_14.csv,HIGH,96.0,43
1900-01-01 09:15:00,LEFT,62.0,61.0,7.0,3.0,133.0,AlankarChowk,a3,a3_14.csv,HIGH,119.0,49
1900-01-01 09:15:00,RIGHT,38.0,19.0,3.0,4.0,64.0,AlankarChowk,a3,a3_14.csv,MEDIUM,67.0,34
1900-01-01 09:15:00,UP,91.0,3.0,4.0,0.0,98.0,AlankarChowk,a3,a3_14.csv,HIGH,102.5,45
1900-01-01 09:20:00,DOWN,179.0,19.0,18.0,11.0,227.0,AlankarChowk,a3,a3_14.csv,VERY_HIGH,266.5,60
1900-01-01 09:20:00,LEFT,77.0,65.0,5.0,14.0,161.0,AlankarChowk,a3,a3_14.csv,VERY_HIGH,164.0,60
1900-01-01 09:20:00,RIGHT,28.0,33.0,10.0,8.0,79.0,AlankarChowk,a3,a3_14.csv,HIGH,93.5,42
1900-01-01 09:20:00,UP,92.0,10.0,5.0,0.0,107.0,AlankarChowk,a3,a3_14.csv,HIGH,109.5,47
1900-01-01 09:25:00,DOWN,174.0,46.0,11.0,4.0,235.0,AlankarChowk,a3,a3_14.csv,VERY_HIGH,236.5,60
1900-01-01 09:25:00,LEFT,61.0,69.0,3.0,5.0,138.0,AlankarChowk,a3,a3_14.csv,HIGH,118.0,49
1900-01-01 09:25:00,RIGHT,21.0,24.0,8.0,15.0,68.0,AlankarChowk,a3,a3_14.csv,MEDIUM,98.0,43
1900-01-01 09:25:00,UP,229.0,14.0,14.0,1.0,258.0,AlankarChowk,a3,a3_14.csv,VERY_HIGH,274.0,60
1900-01-01 09:30:00,DOWN,90.0,23.0,13.0,6.0,132.0,AlankarChowk,a3,a3_14.csv,HIGH,152.0,59
1900-01-01 09:30:00,LEFT,58.0,79.0,4.0,5.0,146.0,AlankarChowk,a3,a3_14.csv,HIGH,122.5,50
1900-01-01 09:30:00,RIGHT,48.0,23.0,5.0,13.0,89.0,AlankarChowk,a3,a3_14.csv,HIGH,111.0,47
1900-01-01 09:30:00,UP,377.0,5.0,0.0,2.0,384.0,AlankarChowk,a3,a3_14.csv,VERY_HIGH,385.5,60
1900-01-01 09:35:00,DOWN,52.0,35.0,19.0,14.0,120.0,AlankarChowk,a3,a3_14.csv,HIGH,159.0,60
1900-01-01 09:35:00,LEFT,56.0,65.0,1.0,6.0,128.0,AlankarChowk,a3,a3_14.csv,HIGH,109.0,47
1900-01-01 09:35:00,RIGHT,31.0,32.0,7.0,11.0,81.0,AlankarChowk,a3,a3_14.csv,HIGH,97.5,43
1900-01-01 09:35:00,UP,62.0,4.0,3.0,2.0,71.0,AlankarChowk,a3,a3_14.csv,MEDIUM,77.5,37
1900-01-01 09:40:00,DOWN,40.0,20.0,23.0,9.0,92.0,AlankarChowk,a3,a3_14.csv,HIGH,134.5,54
1900-01-01 09:40:00,LEFT,46.0,51.0,8.0,18.0,123.0,AlankarChowk,a3,a3_14.csv,HIGH,145.5,57
1900-01-01 09:40:00,RIGHT,33.0,28.0,7.0,16.0,84.0,AlankarChowk,a3,a3_14.csv,HIGH,112.5,48
1900-01-01 09:40:00,UP,51.0,17.0,3.0,0.0,71.0,AlankarChowk,a3,a3_14.csv,MEDIUM,67.0,34
1900-01-01 09:45:00,DOWN,100.0,23.0,12.0,8.0,143.0,AlankarChowk,a3,a3_14.csv,HIGH,165.5,60
1900-01-01 09:45:00,LEFT,57.0,67.0,3.0,13.0,140.0,AlankarChowk,a3,a3_14.csv,HIGH,137.0,55
1900-01-01 09:45:00,RIGHT,26.0,20.0,4.0,16.0,66.0,AlankarChowk,a3,a3_14.csv,MEDIUM,94.0,42
1900-01-01 09:45:00,UP,210.0,9.0,2.0,1.0,222.0,AlankarChowk,a3,a3_14.csv,VERY_HIGH,222.5,60
1900-01-01 09:50:00,DOWN,26.0,19.0,15.0,5.0,65.0,AlankarChowk,a3,a3_14.csv,MEDIUM,88.0,40
1900-01-01 09:50:00,LEFT,46.0,69.0,4.0,10.0,129.0,AlankarChowk,a3,a3_14.csv,HIGH,120.5,50
1900-01-01 09:50:00,RIGHT,31.0,28.0,10.0,12.0,81.0,AlankarChowk,a3,a3_14.csv,HIGH,106.0,46
1900-01-01 09:50:00,UP,39.0,15.0,3.0,0.0,57.0,AlankarChowk,a3,a3_14.csv,MEDIUM,54.0,31
1900-01-01 09:55:00,DOWN,68.0,25.0,17.0,1.0,111.0,AlankarChowk,a3,a3_14.csv,HIGH,126.0,51
1900-01-01 09:55:00,LEFT,70.0,62.0,3.0,10.0,145.0,AlankarChowk,a3,a3_14.csv,HIGH,138.5,55
1900-01-01 09:55:00,RIGHT,30.0,31.0,8.0,6.0,75.0,AlankarChowk,a3,a3_14.csv,HIGH,83.5,39
1900-01-01 09:55:00,UP,49.0,2.0,2.0,0.0,53.0,AlankarChowk,a3,a3_14.csv,MEDIUM,55.0,31
1900-01-01 10:00:00,DOWN,26.0,24.0,16.0,17.0,83.0,AlankarChowk,a3,a3_14.csv,HIGH,129.0,52
1900-01-01 10:00:00,LEFT,51.0,69.0,5.0,8.0,133.0,AlankarChowk,a3,a3_14.csv,HIGH,122.0,50
1900-01-01 10:00:00,RIGHT,20.0,22.0,5.0,18.0,65.0,AlankarChowk,a3,a3_14.csv,MEDIUM,97.5,43
1900-01-01 10:00:00,UP,57.0,1.0,6.0,1.0,65.0,AlankarChowk,a3,a3_14.csv,MEDIUM,75.5,37
1900-01-01 10:05:00,DOWN,33.0,7.0,11.0,14.0,65.0,AlankarChowk,a3,a3_14.csv,MEDIUM,106.0,46
1900-01-01 10:05:00,LEFT,61.0,53.0,4.0,16.0,134.0,AlankarChowk,a3,a3_14.csv,HIGH,145.5,57
1900-01-01 10:05:00,RIGHT,17.0,10.0,8.0,13.0,48.0,AlankarChowk,a3,a3_14.csv,MEDIUM,81.0,38
1900-01-01 10:05:00,UP,32.0,7.0,1.0,1.0,41.0,AlankarChowk,a3,a3_14.csv,MEDIUM,41.0,27
1900-01-01 10:10:00,DOWN,24.0,17.0,12.0,8.0,61.0,AlankarChowk,a3,a3_14.csv,MEDIUM,86.5,40
1900-01-01 10:10:00,LEFT,47.0,44.0,4.0,8.0,103.0,AlankarChowk,a3,a3_14.csv,HIGH,103.0,45
1900-01-01 10:10:00,RIGHT,24.0,24.0,3.0,13.0,64.0,AlankarChowk,a3,a3_14.csv,MEDIUM,82.5,39
1900-01-01 10:10:00,UP,51.0,5.0,2.0,2.0,60.0,AlankarChowk,a3,a3_14.csv,MEDIUM,64.5,34
1900-01-01 10:15:00,DOWN,28.0,12.0,31.0,3.0,74.0,AlankarChowk,a3,a3_14.csv,MEDIUM,120.5,50
1900-01-01 10:15:00,LEFT,41.0,42.0,4.0,16.0,103.0,AlankarChowk,a3,a3_14.csv,HIGH,120.0,50
1900-01-01 10:15:00,RIGHT,17.0,23.0,9.0,12.0,61.0,AlankarChowk,a3,a3_14.csv,MEDIUM,87.0,40
1900-01-01 10:15:00,UP,131.0,7.0,3.0,0.0,141.0,AlankarChowk,a3,a3_14.csv,HIGH,142.0,56
1900-01-01 10:20:00,DOWN,28.0,9.0,17.0,9.0,63.0,AlankarChowk,a3,a3_14.csv,MEDIUM,102.0,45
1900-01-01 10:20:00,LEFT,70.0,53.0,4.0,15.0,142.0,AlankarChowk,a3,a3_14.csv,HIGH,151.5,59
1900-01-01 10:20:00,RIGHT,32.0,26.0,10.0,12.0,80.0,AlankarChowk,a3,a3_14.csv,HIGH,106.0,46
1900-01-01 10:20:00,UP,71.0,3.0,2.0,2.0,78.0,AlankarChowk,a3,a3_14.csv,HIGH,83.5,39
1900-01-01 10:25:00,DOWN,39.0,21.0,25.0,14.0,99.0,AlankarChowk,a3,a3_14.csv,HIGH,154.0,60
1900-01-01 10:25:00,LEFT,54.0,63.0,7.0,4.0,128.0,AlankarChowk,a3,a3_14.csv,HIGH,115.0,48
1900-01-01 10:25:00,RIGHT,26.0,19.0,11.0,10.0,66.0,AlankarChowk,a3,a3_14.csv,MEDIUM,93.0,42
1900-01-01 10:25:00,UP,214.0,1.0,1.0,0.0,216.0,AlankarChowk,a3,a3_14.csv,VERY_HIGH,217.0,60
1900-01-01 10:30:00,DOWN,69.0,19.0,14.0,12.0,114.0,AlankarChowk,a3,a3_14.csv,HIGH,149.5,58
1900-01-01 10:30:00,LEFT,56.0,45.0,4.0,18.0,123.0,AlankarChowk,a3,a3_14.csv,HIGH,142.5,56
1900-01-01 10:30:00,RIGHT,35.0,22.0,6.0,20.0,83.0,AlankarChowk,a3,a3_14.csv,HIGH,121.0,50
1900-01-01 10:30:00,UP,97.0,4.0,2.0,0.0,103.0,AlankarChowk,a3,a3_14.csv,HIGH,104.0,45
1900-01-01 10:35:00,DOWN,36.0,22.0,12.0,9.0,79.0,AlankarChowk,a3,a3_14.csv,HIGH,104.0,45
1900-01-01 10:35:00,LEFT,65.0,57.0,2.0,9.0,133.0,AlankarChowk,a3,a3_14.csv,HIGH,125.5,51
1900-01-01 10:35:00,RIGHT,26.0,25.0,7.0,19.0,77.0,AlankarChowk,a3,a3_14.csv,HIGH,113.0,48
1900-01-01 10:35:00,UP,81.0,7.0,1.0,0.0,89.0,AlankarChowk,a3,a3_14.csv,HIGH,87.0,40
1900-01-01 10:40:00,DOWN,34.0,21.0,13.0,10.0,78.0,AlankarChowk,a3,a3_14.csv,HIGH,107.0,46
1900-01-01 10:40:00,LEFT,54.0,59.0,3.0,13.0,129.0,AlankarChowk,a3,a3_14.csv,HIGH,130.0,53
1900-01-01 10:40:00,RIGHT,23.0,22.0,4.0,12.0,61.0,AlankarChowk,a3,a3_14.csv,MEDIUM,80.0,38
1900-01-01 10:40:00,UP,54.0,11.0,2.0,0.0,67.0,AlankarChowk,a3,a3_14.csv,MEDIUM,64.5,34
1900-01-01 10:45:00,DOWN,67.0,19.0,18.0,6.0,110.0,AlankarChowk,a3,a3_14.csv,HIGH,139.5,55
1900-01-01 10:45:00,LEFT,69.0,38.0,8.0,10.0,125.0,AlankarChowk,a3,a3_14.csv,HIGH,138.0,55
1900-01-01 10:45:00,RIGHT,31.0,21.0,10.0,12.0,74.0,AlankarChowk,a3,a3_14.csv,MEDIUM,102.5,45
1900-01-01 10:45:00,UP,132.0,3.0,7.0,1.0,143.0,AlankarChowk,a3,a3_14.csv,HIGH,154.0,60
1900-01-01 10:50:00,DOWN,90.0,27.0,7.0,6.0,130.0,AlankarChowk,a3,a3_14.csv,HIGH,139.0,55
1900-01-01 10:50:00,LEFT,61.0,43.0,6.0,14.0,124.0,AlankarChowk,a3,a3_14.csv,HIGH,139.5,55
1900-01-01 10:50:00,RIGHT,26.0,28.0,5.0,13.0,72.0,AlankarChowk,a3,a3_14.csv,MEDIUM,91.5,41
1900-01-01 10:50:00,UP,77.0,4.0,1.0,5.0,87.0,AlankarChowk,a3,a3_14.csv,HIGH,96.5,43
1900-01-01 10:55:00,DOWN,118.0,28.0,10.0,8.0,164.0,AlankarChowk,a3,a3_14.csv,VERY_HIGH,181.0,60
1900-01-01 10:55:00,LEFT,54.0,45.0,2.0,13.0,114.0,AlankarChowk,a3,a3_14.csv,HIGH,120.5,50
1900-01-01 10:55:00,RIGHT,30.0,16.0,6.0,19.0,71.0,AlankarChowk,a3,a3_14.csv,MEDIUM,110.0,47
1900-01-01 10:55:00,UP,51.0,2.0,6.0,8.0,67.0,AlankarChowk,a3,a3_14.csv,MEDIUM,91.0,41
1900-01-01 11:00:00,DOWN,59.0,12.0,14.0,3.0,88.0,AlankarChowk,a3,a3_14.csv,HIGH,109.0,47
1900-01-01 11:00:00,LEFT,44.0,46.0,3.0,10.0,103.0,AlankarChowk,a3,a3_14.csv,HIGH,104.5,45
1900-01-01 11:00:00,RIGHT,27.0,24.0,8.0,17.0,76.0,AlankarChowk,a3,a3_14.csv,HIGH,110.0,47
1900-01-01 11:00:00,UP,62.0,0.0,74.0,3.0,139.0,AlankarChowk,a3,a3_14.csv,HIGH,256.0,60
1900-01-01 11:05:00,DOWN,47.0,20.0,10.0,11.0,88.0,AlankarChowk,a3,a3_14.csv,HIGH,115.0,48
1900-01-01 11:05:00,LEFT,51.0,47.0,4.0,11.0,113.0,AlankarChowk,a3,a3_14.csv,HIGH,117.5,49
1900-01-01 11:05:00,RIGHT,27.0,26.0,6.0,12.0,71.0,AlankarChowk,a3,a3_14.csv,MEDIUM,91.0,41
1900-01-01 11:05:00,UP,74.0,7.0,1.0,6.0,88.0,AlankarChowk,a3,a3_14.csv,HIGH,98.0,43
1900-01-01 11:10:00,DOWN,68.0,12.0,15.0,10.0,105.0,AlankarChowk,a3,a3_14.csv,HIGH,141.5,56
1900-01-01 11:10:00,LEFT,69.0,43.0,4.0,10.0,126.0,AlankarChowk,a3,a3_14.csv,HIGH,130.5,53
1900-01-01 11:10:00,RIGHT,33.0,20.0,8.0,14.0,75.0,AlankarChowk,a3,a3_14.csv,HIGH,105.0,45
1900-01-01 11:10:00,UP,31.0,7.0,3.0,8.0,49.0,AlankarChowk,a3,a3_14.csv,MEDIUM,66.0,34
1900-01-01 11:15:00,DOWN,37.0,20.0,20.0,8.0,85.0,AlankarChowk,a3,a3_14.csv,HIGH,121.0,50
1900-01-01 11:15:00,LEFT,51.0,50.0,3.0,6.0,110.0,AlankarChowk,a3,a3_14.csv,HIGH,101.5,44
1900-01-01 11:15:00,RIGHT,27.0,24.0,7.0,10.0,68.0,AlankarChowk,a3,a3_14.csv,MEDIUM,86.5,40
1900-01-01 11:15:00,UP,50.0,10.0,2.0,7.0,69.0,AlankarChowk,a3,a3_14.csv,MEDIUM,81.0,38
1900-01-01 11:20:00,DOWN,43.0,22.0,16.0,7.0,88.0,AlankarChowk,a3,a3_14.csv,HIGH,115.0,48
1900-01-01 11:20:00,LEFT,68.0,33.0,2.0,7.0,110.0,AlankarChowk,a3,a3_14.csv,HIGH,110.5,47
1900-01-01 11:20:00,RIGHT,39.0,25.0,9.0,29.0,102.0,AlankarChowk,a3,a3_14.csv,HIGH,161.0,60
1900-01-01 11:20:00,UP,133.0,0.0,21.0,4.0,158.0,AlankarChowk,a3,a3_14.csv,VERY_HIGH,197.5,60
1900-01-01 11:25:00,DOWN,19.0,7.0,1.0,1.0,28.0,AlankarChowk,a3,a3_14.csv,MEDIUM,28.0,23
1900-01-01 11:25:00,LEFT,20.0,15.0,0.0,3.0,38.0,AlankarChowk,a3,a3_14.csv,MEDIUM,36.5,26
1900-01-01 11:25:00,RIGHT,2.0,4.0,0.0,3.0,9.0,AlankarChowk,a3,a3_14.csv,MEDIUM,13.0,19
1900-01-01 11:25:00,UP,6.0,0.0,0.0,3.0,9.0,AlankarChowk,a3,a3_14.csv,MEDIUM,15.0,19
1900-01-01 11:25:00,DOWN,50.0,24.0,9.0,8.0,91.0,AlankarChowk,a3,a3_15_one.csv,HIGH,108.5,46
1900-01-01 11:25:00,LEFT,61.0,42.0,4.0,13.0,120.0,AlankarChowk,a3,a3_15_one.csv,HIGH,131.0,53
1900-01-01 11:25:00,RIGHT,18.0,21.0,4.0,8.0,51.0,AlankarChowk,a3,a3_15_one.csv,MEDIUM,62.5,33
1900-01-01 11:25:00,UP,47.0,6.0,6.0,0.0,59.0,AlankarChowk,a3,a3_15_one.csv,MEDIUM,65.0,34
1900-01-01 11:30:00,DOWN,101.0,40.0,9.0,18.0,168.0,AlankarChowk,a3,a3_15_one.csv,VERY_HIGH,197.5,60
1900-01-01 11:30:00,LEFT,128.0,47.0,5.0,16.0,196.0,AlankarChowk,a3,a3_15_one.csv,VERY_HIGH,212.0,60
1900-01-01 11:30:00,RIGHT,33.0,24.0,3.0,21.0,81.0,AlankarChowk,a3,a3_15_one.csv,HIGH,115.5,48
1900-01-01 11:30:00,UP,276.0,2.0,2.0,3.0,283.0,AlankarChowk,a3,a3_15_one.csv,VERY_HIGH,291.0,60
1900-01-01 11:35:00,DOWN,65.0,18.0,18.0,7.0,108.0,AlankarChowk,a3,a3_15_one.csv,HIGH,140.0,56
1900-01-01 11:35:00,LEFT,69.0,56.0,6.0,17.0,148.0,AlankarChowk,a3,a3_15_one.csv,HIGH,163.0,60
1900-01-01 11:35:00,RIGHT,33.0,22.0,9.0,19.0,83.0,AlankarChowk,a3,a3_15_one.csv,HIGH,123.5,51
1900-01-01 11:35:00,UP,590.0,0.0,7.0,0.0,597.0,AlankarChowk,a3,a3_15_one.csv,VERY_HIGH,607.5,60
1900-01-01 11:40:00,DOWN,121.0,49.0,17.0,29.0,216.0,AlankarChowk,a3,a3_15_one.csv,VERY_HIGH,275.0,60
1900-01-01 11:40:00,LEFT,159.0,66.0,7.0,25.0,257.0,AlankarChowk,a3,a3_15_one.csv,VERY_HIGH,284.5,60
1900-01-01 11:40:00,RIGHT,62.0,26.0,9.0,28.0,125.0,AlankarChowk,a3,a3_15_one.csv,HIGH,181.5,60
1900-01-01 11:40:00,UP,239.0,16.0,4.0,4.0,263.0,AlankarChowk,a3,a3_15_one.csv,VERY_HIGH,269.0,60
1900-01-01 11:45:00,DOWN,92.0,45.0,9.0,21.0,167.0,AlankarChowk,a3,a3_15_one.csv,VERY_HIGH,200.0,60
1900-01-01 11:45:00,LEFT,139.0,58.0,3.0,13.0,213.0,AlankarChowk,a3,a3_15_one.csv,VERY_HIGH,214.5,60
1900-01-01 11:45:00,RIGHT,43.0,27.0,6.0,24.0,100.0,AlankarChowk,a3,a3_15_one.csv,HIGH,143.5,57
1900-01-01 11:45:00,UP,233.0,22.0,2.0,1.0,258.0,AlankarChowk,a3,a3_15_one.csv,VERY_HIGH,252.0,60
1900-01-01 11:50:00,DOWN,75.0,24.0,44.0,5.0,148.0,AlankarChowk,a3,a3_15_one.csv,HIGH,212.0,60
1900-01-01 11:50:00,LEFT,71.0,47.0,2.0,14.0,134.0,AlankarChowk,a3,a3_15_one.csv,HIGH,141.5,56
1900-01-01 11:50:00,RIGHT,19.0,17.0,12.0,19.0,67.0,AlankarChowk,a3,a3_15_one.csv,MEDIUM,114.5,48
1900-01-01 11:50:00,UP,82.0,1.0,1.0,1.0,85.0,AlankarChowk,a3,a3_15_one.csv,HIGH,88.0,40
1900-01-01 11:55:00,DOWN,370.0,18.0,14.0,6.0,408.0,AlankarChowk,a3,a3_15_one.csv,VERY_HIGH,432.0,60
1900-01-01 11:55:00,LEFT,46.0,46.0,2.0,7.0,101.0,AlankarChowk,a3,a3_15_one.csv,HIGH,95.0,42
1900-01-01 11:55:00,RIGHT,32.0,21.0,12.0,14.0,79.0,AlankarChowk,a3,a3_15_one.csv,HIGH,114.5,48
1900-01-01 11:55:00,UP,611.0,0.0,1.0,0.0,612.0,AlankarChowk,a3,a3_15_one.csv,VERY_HIGH,613.5,60
1900-01-01 08:55:00,DOWN,0.0,0.0,0.0,0.0,0.0,AlankarChowk,a3,a3_15.csv,LOW,0.0,15
1900-01-01 08:55:00,LEFT,0.0,1.0,0.0,0.0,1.0,AlankarChowk,a3,a3_15.csv,LOW,0.5,15
1900-01-01 08:55:00,RIGHT,0.0,0.0,0.0,0.0,0.0,AlankarChowk,a3,a3_15.csv,LOW,0.0,15
1900-01-01 08:55:00,UP,0.0,0.0,0.0,0.0,0.0,AlankarChowk,a3,a3_15.csv,LOW,0.0,15
1900-01-01 09:00:00,DOWN,39.0,35.0,17.0,9.0,100.0,AlankarChowk,a3,a3_15.csv,HIGH,126.0,51
1900-01-01 09:00:00,LEFT,76.0,59.0,7.0,4.0,146.0,AlankarChowk,a3,a3_15.csv,HIGH,135.0,54
1900-01-01 09:00:00,RIGHT,31.0,26.0,9.0,13.0,79.0,AlankarChowk,a3,a3_15.csv,HIGH,105.5,46
1900-01-01 09:00:00,UP,189.0,1.0,5.0,2.0,197.0,AlankarChowk,a3,a3_15.csv,VERY_HIGH,208.0,60
1900-01-01 09:05:00,DOWN,84.0,25.0,16.0,12.0,137.0,AlankarChowk,a3,a3_15.csv,HIGH,172.5,60
1900-01-01 09:05:00,LEFT,80.0,63.0,4.0,5.0,152.0,AlankarChowk,a3,a3_15.csv,HIGH,136.5,55
1900-01-01 09:05:00,RIGHT,24.0,20.0,8.0,9.0,61.0,AlankarChowk,a3,a3_15.csv,MEDIUM,81.0,38
1900-01-01 09:05:00,UP,88.0,3.0,15.0,16.0,122.0,AlankarChowk,a3,a3_15.csv,HIGH,175.0,60
1900-01-01 09:10:00,DOWN,44.0,19.0,18.0,7.0,88.0,AlankarChowk,a3,a3_15.csv,HIGH,119.5,50
1900-01-01 09:10:00,LEFT,75.0,64.0,5.0,13.0,157.0,AlankarChowk,a3,a3_15.csv,VERY_HIGH,158.5,60
1900-01-01 09:10:00,RIGHT,35.0,26.0,4.0,14.0,79.0,AlankarChowk,a3,a3_15.csv,HIGH,100.0,44
1900-01-01 09:10:00,UP,111.0,8.0,2.0,0.0,121.0,AlankarChowk,a3,a3_15.csv,HIGH,120.0,50
1900-01-01 09:15:00,DOWN,61.0,22.0,15.0,8.0,106.0,AlankarChowk,a3,a3_15.csv,HIGH,133.5,54
1900-01-01 09:15:00,LEFT,75.0,65.0,7.0,6.0,153.0,AlankarChowk,a3,a3_15.csv,HIGH,143.0,56
1900-01-01 09:15:00,RIGHT,33.0,18.0,7.0,12.0,70.0,AlankarChowk,a3,a3_15.csv,MEDIUM,95.5,43
1900-01-01 09:15:00,UP,213.0,3.0,4.0,0.0,220.0,AlankarChowk,a3,a3_15.csv,VERY_HIGH,224.5,60
1900-01-01 09:20:00,DOWN,39.0,26.0,17.0,2.0,84.0,AlankarChowk,a3,a3_15.csv,HIGH,100.5,44
1900-01-01 09:20:00,LEFT,52.0,53.0,3.0,4.0,112.0,AlankarChowk,a3,a3_15.csv,HIGH,98.0,43
1900-01-01 09:20:00,RIGHT,32.0,22.0,10.0,14.0,78.0,AlankarChowk,a3,a3_15.csv,HIGH,110.0,47
1900-01-01 09:20:00,UP,81.0,5.0,1.0,0.0,87.0,AlankarChowk,a3,a3_15.csv,HIGH,86.0,40
1900-01-01 09:25:00,DOWN,32.0,34.0,12.0,10.0,88.0,AlankarChowk,a3,a3_15.csv,HIGH,109.0,47
1900-01-01 09:25:00,LEFT,58.0,75.0,5.0,10.0,148.0,AlankarChowk,a3,a3_15.csv,HIGH,138.0,55
1900-01-01 09:25:00,RIGHT,28.0,20.0,4.0,22.0,74.0,AlankarChowk,a3,a3_15.csv,MEDIUM,114.0,48
1900-01-01 09:25:00,UP,41.0,2.0,1.0,1.0,45.0,AlankarChowk,a3,a3_15.csv,MEDIUM,47.5,29
1900-01-01 09:30:00,DOWN,48.0,20.0,25.0,9.0,102.0,AlankarChowk,a3,a3_15.csv,HIGH,147.5,58
1900-01-01 09:30:00,LEFT,50.0,75.0,8.0,6.0,139.0,AlankarChowk,a3,a3_15.csv,HIGH,125.5,51
1900-01-01 09:30:00,RIGHT,29.0,30.0,12.0,8.0,79.0,AlankarChowk,a3,a3_15.csv,HIGH,98.0,43
1900-01-01 09:30:00,UP,55.0,12.0,0.0,0.0,67.0,AlankarChowk,a3,a3_15.csv,MEDIUM,61.0,33
1900-01-01 09:35:00,DOWN,79.0,34.0,13.0,136.0,262.0,AlankarChowk,a3,a3_15.csv,VERY_HIGH,536.5,60
1900-01-01 09:35:00,LEFT,56.0,68.0,8.0,7.0,139.0,AlankarChowk,a3,a3_15.csv,HIGH,131.0,53
1900-01-01 09:35:00,RIGHT,36.0,18.0,4.0,16.0,74.0,AlankarChowk,a3,a3_15.csv,MEDIUM,103.0,45
1900-01-01 09:35:00,UP,768.0,19.0,4.0,0.0,791.0,AlankarChowk,a3,a3_15.csv,VERY_HIGH,787.5,60
1900-01-01 09:40:00,DOWN,98.0,27.0,10.0,17.0,152.0,AlankarChowk,a3,a3_15.csv,HIGH,187.5,60
1900-01-01 09:40:00,LEFT,72.0,62.0,4.0,6.0,144.0,AlankarChowk,a3,a3_15.csv,HIGH,131.0,53
1900-01-01 09:40:00,RIGHT,45.0,29.0,5.0,13.0,92.0,AlankarChowk,a3,a3_15.csv,HIGH,111.0,47
1900-01-01 09:40:00,UP,480.0,27.0,2.0,0.0,509.0,AlankarChowk,a3,a3_15.csv,VERY_HIGH,498.5,60
1900-01-01 09:45:00,DOWN,76.0,41.0,17.0,6.0,140.0,AlankarChowk,a3,a3_15.csv,HIGH,157.0,60
1900-01-01 09:45:00,LEFT,57.0,47.0,7.0,9.0,120.0,AlankarChowk,a3,a3_15.csv,HIGH,125.0,51
1900-01-01 09:45:00,RIGHT,29.0,27.0,8.0,15.0,79.0,AlankarChowk,a3,a3_15.csv,HIGH,107.5,46
1900-01-01 09:45:00,UP,101.0,9.0,4.0,1.0,115.0,AlankarChowk,a3,a3_15.csv,HIGH,118.5,49
1900-01-01 09:50:00,DOWN,74.0,26.0,16.0,14.0,130.0,AlankarChowk,a3,a3_15.csv,HIGH,169.0,60
1900-01-01 09:50:00,LEFT,91.0,63.0,7.0,10.0,171.0,AlankarChowk,a3,a3_15.csv,VERY_HIGH,170.0,60
1900-01-01 09:50:00,RIGHT,40.0,34.0,6.0,13.0,93.0,AlankarChowk,a3,a3_15.csv,HIGH,111.0,47
1900-01-01 09:50:00,UP,275.0,14.0,5.0,0.0,294.0,AlankarChowk,a3,a3_15.csv,VERY_HIGH,294.5,60
1900-01-01 09:55:00,DOWN,28.0,10.0,10.0,1.0,49.0,AlankarChowk,a3,a3_15.csv,MEDIUM,61.0,33
1900-01-01 09:55:00,LEFT,58.0,61.0,5.0,4.0,128.0,AlankarChowk,a3,a3_15.csv,HIGH,113.0,48
1900-01-01 09:55:00,RIGHT,32.0,18.0,8.0,9.0,67.0,AlankarChowk,a3,a3_15.csv,MEDIUM,88.0,40
1900-01-01 09:55:00,UP,83.0,0.0,1.0,0.0,84.0,AlankarChowk,a3,a3_15.csv,HIGH,85.5,40
1900-01-01 10:00:00,DOWN,78.0,29.0,13.0,9.0,129.0,AlankarChowk,a3,a3_15.csv,HIGH,152.0,59
1900-01-01 10:00:00,LEFT,60.0,53.0,3.0,7.0,123.0,AlankarChowk,a3,a3_15.csv,HIGH,115.0,48
1900-01-01 10:00:00,RIGHT,37.0,18.0,8.0,13.0,76.0,AlankarChowk,a3,a3_15.csv,HIGH,105.0,45
1900-01-01 10:00:00,UP,127.0,4.0,8.0,2.0,141.0,AlankarChowk,a3,a3_15.csv,HIGH,155.0,60
1900-01-01 10:05:00,DOWN,35.0,42.0,18.0,12.0,107.0,AlankarChowk,a3,a3_15.csv,HIGH,137.0,55
1900-01-01 10:05:00,LEFT,55.0,49.0,5.0,7.0,116.0,AlankarChowk,a3,a3_15.csv,HIGH,113.0,48
1900-01-01 10:05:00,RIGHT,49.0,20.0,6.0,15.0,90.0,AlankarChowk,a3,a3_15.csv,HIGH,119.0,49
1900-01-01 10:05:00,UP,181.0,8.0,5.0,3.0,197.0,AlankarChowk,a3,a3_15.csv,VERY_HIGH,206.5,60
1900-01-01 10:10:00,DOWN,65.0,15.0,22.0,1.0,103.0,AlankarChowk,a3,a3_15.csv,HIGH,130.5,53
1900-01-01 10:10:00,LEFT,62.0,51.0,11.0,5.0,129.0,AlankarChowk,a3,a3_15.csv,HIGH,130.0,53
1900-01-01 10:10:00,RIGHT,31.0,14.0,12.0,8.0,65.0,AlankarChowk,a3,a3_15.csv,MEDIUM,92.0,42
1900-01-01 10:10:00,UP,92.0,6.0,3.0,0.0,101.0,AlankarChowk,a3,a3_15.csv,HIGH,102.5,45
1900-01-01 10:15:00,DOWN,53.0,12.0,22.0,8.0,95.0,AlankarChowk,a3,a3_15.csv,HIGH,138.0,55
1900-01-01 10:15:00,LEFT,72.0,55.0,7.0,11.0,145.0,AlankarChowk,a3,a3_15.csv,HIGH,150.0,58
1900-01-01 10:15:00,RIGHT,44.0,15.0,9.0,8.0,76.0,AlankarChowk,a3,a3_15.csv,HIGH,98.0,43
1900-01-01 10:15:00,UP,93.0,0.0,4.0,2.0,99.0,AlankarChowk,a3,a3_15.csv,HIGH,109.0,47
1900-01-01 10:20:00,DOWN,77.0,43.0,13.0,9.0,142.0,AlankarChowk,a3,a3_15.csv,HIGH,158.0,60
1900-01-01 10:20:00,LEFT,93.0,60.0,1.0,6.0,160.0,AlankarChowk,a3,a3_15.csv,VERY_HIGH,143.5,57
1900-01-01 10:20:00,RIGHT,50.0,31.0,7.0,14.0,102.0,AlankarChowk,a3,a3_15.csv,HIGH,125.0,51
1900-01-01 10:20:00,UP,475.0,5.0,1.0,0.0,481.0,AlankarChowk,a3,a3_15.csv,VERY_HIGH,480.0,60
1900-01-01 10:25:00,DOWN,144.0,22.0,11.0,7.0,184.0,AlankarChowk,a3,a3_15.csv,VERY_HIGH,203.5,60
1900-01-01 10:25:00,LEFT,75.0,64.0,4.0,15.0,158.0,AlankarChowk,a3,a3_15.csv,VERY_HIGH,162.0,60
1900-01-01 10:25:00,RIGHT,48.0,24.0,4.0,23.0,99.0,AlankarChowk,a3,a3_15.csv,HIGH,139.0,55
1900-01-01 10:25:00,UP,1310.0,5.0,1.0,1.0,1317.0,AlankarChowk,a3,a3_15.csv,VERY_HIGH,1318.0,60
1900-01-01 10:30:00,DOWN,95.0,34.0,12.0,10.0,151.0,AlankarChowk,a3,a3_15.csv,HIGH,172.0,60
1900-01-01 10:30:00,LEFT,90.0,51.0,7.0,15.0,163.0,AlankarChowk,a3,a3_15.csv,VERY_HIGH,178.0,60
1900-01-01 10:30:00,RIGHT,115.0,19.0,9.0,19.0,162.0,AlankarChowk,a3,a3_15.csv,VERY_HIGH,204.0,60
1900-01-01 10:30:00,UP,206.0,2.0,0.0,1.0,209.0,AlankarChowk,a3,a3_15.csv,VERY_HIGH,210.0,60
1900-01-01 10:35:00,DOWN,106.0,27.0,16.0,5.0,154.0,AlankarChowk,a3,a3_15.csv,VERY_HIGH,174.5,60
1900-01-01 10:35:00,LEFT,73.0,64.0,6.0,8.0,151.0,AlankarChowk,a3,a3_15.csv,HIGH,144.0,57
1900-01-01 10:35:00,RIGHT,100.0,26.0,8.0,20.0,154.0,AlankarChowk,a3,a3_15.csv,VERY_HIGH,193.0,60
1900-01-01 10:35:00,UP,166.0,0.0,5.0,2.0,173.0,AlankarChowk,a3,a3_15.csv,VERY_HIGH,184.5,60
1900-01-01 10:40:00,DOWN,581.0,25.0,16.0,7.0,629.0,AlankarChowk,a3,a3_15.csv,VERY_HIGH,654.5,60
1900-01-01 10:40:00,LEFT,73.0,42.0,2.0,14.0,131.0,AlankarChowk,a3,a3_15.csv,HIGH,141.0,56
1900-01-01 10:40:00,RIGHT,88.0,21.0,5.0,30.0,144.0,AlankarChowk,a3,a3_15.csv,HIGH,201.0,60
1900-01-01 10:40:00,UP,324.0,8.0,4.0,1.0,337.0,AlankarChowk,a3,a3_15.csv,VERY_HIGH,341.0,60
1900-01-01 10:45:00,DOWN,91.0,28.0,11.0,4.0,134.0,AlankarChowk,a3,a3_15.csv,HIGH,144.5,57
1900-01-01 10:45:00,LEFT,71.0,42.0,4.0,13.0,130.0,AlankarChowk,a3,a3_15.csv,HIGH,141.0,56
1900-01-01 10:45:00,RIGHT,114.0,24.0,8.0,24.0,170.0,AlankarChowk,a3,a3_15.csv,VERY_HIGH,218.0,60
1900-01-01 10:45:00,UP,132.0,5.0,0.0,0.0,137.0,AlankarChowk,a3,a3_15.csv,HIGH,134.5,54
1900-01-01 10:50:00,DOWN,65.0,27.0,8.0,10.0,110.0,AlankarChowk,a3,a3_15.csv,HIGH,128.5,52
1900-01-01 10:50:00,LEFT,64.0,52.0,4.0,11.0,131.0,AlankarChowk,a3,a3_15.csv,HIGH,133.0,53
1900-01-01 10:50:00,RIGHT,34.0,26.0,6.0,19.0,85.0,AlankarChowk,a3,a3_15.csv,HIGH,119.0,49
1900-01-01 10:50:00,UP,315.0,17.0,0.0,1.0,333.0,AlankarChowk,a3,a3_15.csv,VERY_HIGH,326.5,60
1900-01-01 10:55:00,DOWN,376.0,21.0,18.0,11.0,426.0,AlankarChowk,a3,a3_15.csv,VERY_HIGH,464.5,60
1900-01-01 10:55:00,LEFT,89.0,39.0,4.0,19.0,151.0,AlankarChowk,a3,a3_15.csv,HIGH,175.5,60
1900-01-01 10:55:00,RIGHT,30.0,15.0,7.0,22.0,74.0,AlankarChowk,a3,a3_15.csv,MEDIUM,121.0,50
1900-01-01 10:55:00,UP,1564.0,15.0,6.0,1.0,1586.0,AlankarChowk,a3,a3_15.csv,VERY_HIGH,1589.5,60
1900-01-01 11:00:00,DOWN,50.0,32.0,14.0,8.0,104.0,AlankarChowk,a3,a3_15.csv,HIGH,125.0,51
1900-01-01 11:00:00,LEFT,81.0,51.0,7.0,8.0,147.0,AlankarChowk,a3,a3_15.csv,HIGH,148.0,58
1900-01-01 11:00:00,RIGHT,39.0,21.0,7.0,29.0,96.0,AlankarChowk,a3,a3_15.csv,HIGH,154.0,60
1900-01-01 11:00:00,UP,133.0,3.0,2.0,2.0,140.0,AlankarChowk,a3,a3_15.csv,HIGH,145.5,57
1900-01-01 11:05:00,DOWN,37.0,51.0,16.0,10.0,114.0,AlankarChowk,a3,a3_15.csv,HIGH,132.5,53
1900-01-01 11:05:00,LEFT,50.0,45.0,8.0,7.0,110.0,AlankarChowk,a3,a3_15.csv,HIGH,113.5,48
1900-01-01 11:05:00,RIGHT,33.0,23.0,5.0,21.0,82.0,AlankarChowk,a3,a3_15.csv,HIGH,120.0,50
1900-01-01 11:05:00,UP,204.0,3.0,1.0,0.0,208.0,AlankarChowk,a3,a3_15.csv,VERY_HIGH,208.0,60
1900-01-01 11:10:00,DOWN,69.0,24.0,13.0,20.0,126.0,AlankarChowk,a3,a3_15.csv,HIGH,173.5,60
1900-01-01 11:10:00,LEFT,54.0,57.0,4.0,15.0,130.0,AlankarChowk,a3,a3_15.csv,HIGH,137.5,55
1900-01-01 11:10:00,RIGHT,48.0,24.0,1.0,18.0,91.0,AlankarChowk,a3,a3_15.csv,HIGH,116.5,49
1900-01-01 11:10:00,UP,1069.0,0.0,2.0,85.0,1156.0,AlankarChowk,a3,a3_15.csv,VERY_HIGH,1329.0,60
1900-01-01 11:15:00,DOWN,117.0,33.0,18.0,9.0,177.0,AlankarChowk,a3,a3_15.csv,VERY_HIGH,205.5,60
1900-01-01 11:15:00,LEFT,52.0,60.0,12.0,10.0,134.0,AlankarChowk,a3,a3_15.csv,HIGH,142.0,56
1900-01-01 11:15:00,RIGHT,22.0,24.0,11.0,16.0,73.0,AlankarChowk,a3,a3_15.csv,MEDIUM,109.5,47
1900-01-01 11:15:00,UP,104.0,4.0,5.0,0.0,113.0,AlankarChowk,a3,a3_15.csv,HIGH,118.5,49
1900-01-01 11:20:00,DOWN,89.0,38.0,12.0,17.0,156.0,AlankarChowk,a3,a3_15.csv,VERY_HIGH,189.0,60
1900-01-01 11:20:00,LEFT,51.0,59.0,7.0,14.0,131.0,AlankarChowk,a3,a3_15.csv,HIGH,140.0,56
1900-01-01 11:20:00,RIGHT,40.0,31.0,14.0,22.0,107.0,AlankarChowk,a3,a3_15.csv,HIGH,156.5,60
1900-01-01 11:20:00,UP,105.0,20.0,1.0,0.0,126.0,AlankarChowk,a3,a3_15.csv,HIGH,117.5,49
1900-01-01 11:25:00,DOWN,25.0,15.0,8.0,3.0,51.0,AlankarChowk,a3,a3_15.csv,MEDIUM,61.5,33
1900-01-01 11:25:00,LEFT,20.0,23.0,1.0,11.0,55.0,AlankarChowk,a3,a3_15.csv,MEDIUM,67.0,34
1900-01-01 11:25:00,RIGHT,13.0,18.0,4.0,4.0,39.0,AlankarChowk,a3,a3_15.csv,MEDIUM,44.0,28
1900-01-01 11:25:00,UP,27.0,0.0,1.0,0.0,28.0,AlankarChowk,a3,a3_15.csv,MEDIUM,29.5,24
1900-01-01 08:55:00,DOWN,0.0,0.0,0.0,0.0,0.0,AlankarChowk,a3,a3_17.csv,LOW,0.0,15
1900-01-01 08:55:00,LEFT,0.0,3.0,0.0,0.0,3.0,AlankarChowk,a3,a3_17.csv,LOW,1.5,15
1900-01-01 08:55:00,RIGHT,0.0,0.0,1.0,1.0,2.0,AlankarChowk,a3,a3_17.csv,LOW,5.5,17
1900-01-01 08:55:00,UP,0.0,0.0,0.0,0.0,0.0,AlankarChowk,a3,a3_17.csv,LOW,0.0,15
1900-01-01 09:00:00,DOWN,101.0,37.0,15.0,5.0,158.0,AlankarChowk,a3,a3_17.csv,VERY_HIGH,172.0,60
1900-01-01 09:00:00,LEFT,75.0,66.0,11.0,7.0,159.0,AlankarChowk,a3,a3_17.csv,VERY_HIGH,156.5,60
1900-01-01 09:00:00,RIGHT,49.0,26.0,6.0,10.0,91.0,AlankarChowk,a3,a3_17.csv,HIGH,107.0,46
1900-01-01 09:00:00,UP,154.0,4.0,1.0,0.0,159.0,AlankarChowk,a3,a3_17.csv,VERY_HIGH,158.5,60
1900-01-01 09:05:00,DOWN,46.0,30.0,17.0,8.0,101.0,AlankarChowk,a3,a3_17.csv,HIGH,127.5,52
1900-01-01 09:05:00,LEFT,78.0,65.0,6.0,4.0,153.0,AlankarChowk,a3,a3_17.csv,HIGH,137.5,55
1900-01-01 09:05:00,RIGHT,36.0,19.0,10.0,10.0,75.0,AlankarChowk,a3,a3_17.csv,HIGH,100.5,44
1900-01-01 09:05:00,UP,103.0,5.0,6.0,0.0,114.0,AlankarChowk,a3,a3_17.csv,HIGH,120.5,50
1900-01-01 09:10:00,DOWN,172.0,31.0,11.0,18.0,232.0,AlankarChowk,a3,a3_17.csv,VERY_HIGH,269.0,60
1900-01-01 09:10:00,LEFT,65.0,41.0,13.0,9.0,128.0,AlankarChowk,a3,a3_17.csv,HIGH,145.0,57
1900-01-01 09:10:00,RIGHT,56.0,15.0,10.0,26.0,107.0,AlankarChowk,a3,a3_17.csv,HIGH,166.5,60
1900-01-01 09:10:00,UP,533.0,5.0,6.0,1.0,545.0,AlankarChowk,a3,a3_17.csv,VERY_HIGH,553.5,60
1900-01-01 09:15:00,DOWN,152.0,55.0,13.0,14.0,234.0,AlankarChowk,a3,a3_17.csv,VERY_HIGH,254.0,60
1900-01-01 09:15:00,LEFT,62.0,57.0,7.0,6.0,132.0,AlankarChowk,a3,a3_17.csv,HIGH,126.0,51
1900-01-01 09:15:00,RIGHT,54.0,21.0,10.0,22.0,107.0,AlankarChowk,a3,a3_17.csv,HIGH,155.5,60
1900-01-01 09:15:00,UP,665.0,0.0,1.0,0.0,666.0,AlankarChowk,a3,a3_17.csv,VERY_HIGH,667.5,60
1900-01-01 09:20:00,DOWN,58.0,34.0,14.0,14.0,120.0,AlankarChowk,a3,a3_17.csv,HIGH,152.0,59
1900-01-01 09:20:00,LEFT,65.0,61.0,7.0,10.0,143.0,AlankarChowk,a3,a3_17.csv,HIGH,143.0,56
1900-01-01 09:20:00,RIGHT,46.0,28.0,6.0,21.0,101.0,AlankarChowk,a3,a3_17.csv,HIGH,138.0,55
1900-01-01 09:20:00,UP,170.0,16.0,1.0,0.0,187.0,AlankarChowk,a3,a3_17.csv,VERY_HIGH,180.5,60
1900-01-01 09:25:00,DOWN,57.0,37.0,16.0,8.0,118.0,AlankarChowk,a3,a3_17.csv,HIGH,139.5,55
1900-01-01 09:25:00,LEFT,65.0,52.0,9.0,7.0,133.0,AlankarChowk,a3,a3_17.csv,HIGH,134.5,54
1900-01-01 09:25:00,RIGHT,50.0,23.0,6.0,13.0,92.0,AlankarChowk,a3,a3_17.csv,HIGH,115.5,48
1900-01-01 09:25:00,UP,117.0,4.0,6.0,0.0,127.0,AlankarChowk,a3,a3_17.csv,HIGH,134.0,54
1900-01-01 09:30:00,DOWN,90.0,41.0,9.0,8.0,148.0,AlankarChowk,a3,a3_17.csv,HIGH,157.0,60
1900-01-01 09:30:00,LEFT,71.0,66.0,9.0,7.0,153.0,AlankarChowk,a3,a3_17.csv,HIGH,147.5,58
1900-01-01 09:30:00,RIGHT,40.0,22.0,11.0,13.0,86.0,AlankarChowk,a3,a3_17.csv,HIGH,117.5,49
1900-01-01 09:30:00,UP,418.0,3.0,1.0,2.0,424.0,AlankarChowk,a3,a3_17.csv,VERY_HIGH,428.0,60
1900-01-01 09:35:00,DOWN,176.0,36.0,14.0,6.0,232.0,AlankarChowk,a3,a3_17.csv,VERY_HIGH,247.0,60
1900-01-01 09:35:00,LEFT,74.0,59.0,9.0,6.0,148.0,AlankarChowk,a3,a3_17.csv,HIGH,144.0,57
1900-01-01 09:35:00,RIGHT,51.0,24.0,4.0,22.0,101.0,AlankarChowk,a3,a3_17.csv,HIGH,139.0,55
1900-01-01 09:35:00,UP,696.0,6.0,3.0,4.0,709.0,AlankarChowk,a3,a3_17.csv,VERY_HIGH,718.5,60
1900-01-01 09:40:00,DOWN,63.0,37.0,17.0,14.0,131.0,AlankarChowk,a3,a3_17.csv,HIGH,166.0,60
1900-01-01 09:40:00,LEFT,57.0,57.0,6.0,7.0,127.0,AlankarChowk,a3,a3_17.csv,HIGH,121.5,50
1900-01-01 09:40:00,RIGHT,57.0,28.0,7.0,23.0,115.0,AlankarChowk,a3,a3_17.csv,HIGH,157.5,60
1900-01-01 09:40:00,UP,125.0,4.0,4.0,1.0,134.0,AlankarChowk,a3,a3_17.csv,HIGH,140.0,56
1900-01-01 09:45:00,DOWN,139.0,28.0,12.0,12.0,191.0,AlankarChowk,a3,a3_17.csv,VERY_HIGH,219.0,60
1900-01-01 09:45:00,LEFT,74.0,46.0,9.0,8.0,137.0,AlankarChowk,a3,a3_17.csv,HIGH,143.5,57
1900-01-01 09:45:00,RIGHT,60.0,22.0,8.0,22.0,112.0,AlankarChowk,a3,a3_17.csv,HIGH,157.0,60
1900-01-01 09:45:00,UP,396.0,1.0,22.0,0.0,419.0,AlankarChowk,a3,a3_17.csv,VERY_HIGH,451.5,60
1900-01-01 09:50:00,DOWN,72.0,15.0,18.0,2.0,107.0,AlankarChowk,a3,a3_17.csv,HIGH,130.5,53
1900-01-01 09:50:00,LEFT,81.0,40.0,9.0,10.0,140.0,AlankarChowk,a3,a3_17.csv,HIGH,153.5,59
1900-01-01 09:50:00,RIGHT,48.0,17.0,17.0,15.0,97.0,AlankarChowk,a3,a3_17.csv,HIGH,144.0,57
1900-01-01 09:50:00,UP,274.0,3.0,3.0,0.0,280.0,AlankarChowk,a3,a3_17.csv,VERY_HIGH,283.0,60
1900-01-01 09:55:00,DOWN,48.0,15.0,13.0,3.0,79.0,AlankarChowk,a3,a3_17.csv,HIGH,97.0,43
1900-01-01 09:55:00,LEFT,61.0,25.0,10.0,1.0,97.0,AlankarChowk,a3,a3_17.csv,HIGH,101.5,44
1900-01-01 09:55:00,RIGHT,46.0,11.0,8.0,8.0,73.0,AlankarChowk,a3,a3_17.csv,MEDIUM,95.5,43
1900-01-01 09:55:00,UP,133.0,0.0,1.0,0.0,134.0,AlankarChowk,a3,a3_17.csv,HIGH,135.5,54
1900-01-01 10:00:00,DOWN,80.0,25.0,15.0,8.0,128.0,AlankarChowk,a3,a3_17.csv,HIGH,154.0,60
1900-01-01 10:00:00,LEFT,66.0,52.0,4.0,7.0,129.0,AlankarChowk,a3,a3_17.csv,HIGH,123.0,51
1900-01-01 10:00:00,RIGHT,40.0,21.0,9.0,13.0,83.0,AlankarChowk,a3,a3_17.csv,HIGH,112.0,47
1900-01-01 10:00:00,UP,319.0,15.0,1.0,2.0,337.0,AlankarChowk,a3,a3_17.csv,VERY_HIGH,335.0,60
1900-01-01 10:05:00,DOWN,62.0,31.0,17.0,9.0,119.0,AlankarChowk,a3,a3_17.csv,HIGH,147.0,58
1900-01-01 10:05:00,LEFT,79.0,49.0,5.0,12.0,145.0,AlankarChowk,a3,a3_17.csv,HIGH,152.0,59
1900-01-01 10:05:00,RIGHT,56.0,22.0,5.0,23.0,106.0,AlankarChowk,a3,a3_17.csv,HIGH,148.5,58
1900-01-01 10:05:00,UP,365.0,10.0,5.0,0.0,380.0,AlankarChowk,a3,a3_17.csv,VERY_HIGH,382.5,60
1900-01-01 10:10:00,DOWN,47.0,28.0,16.0,15.0,106.0,AlankarChowk,a3,a3_17.csv,HIGH,146.0,57
1900-01-01 10:10:00,LEFT,62.0,52.0,5.0,5.0,124.0,AlankarChowk,a3,a3_17.csv,HIGH,115.5,48
1900-01-01 10:10:00,RIGHT,37.0,27.0,5.0,18.0,87.0,AlankarChowk,a3,a3_17.csv,HIGH,117.0,49
1900-01-01 10:10:00,UP,137.0,1.0,2.0,4.0,144.0,AlankarChowk,a3,a3_17.csv,HIGH,154.5,60
1900-01-01 10:15:00,DOWN,58.0,19.0,12.0,9.0,98.0,AlankarChowk,a3,a3_17.csv,HIGH,124.5,51
1900-01-01 10:15:00,LEFT,90.0,60.0,7.0,8.0,165.0,AlankarChowk,a3,a3_17.csv,VERY_HIGH,161.5,60
1900-01-01 10:15:00,RIGHT,43.0,26.0,7.0,13.0,89.0,AlankarChowk,a3,a3_17.csv,HIGH,112.5,48
1900-01-01 10:15:00,UP,180.0,2.0,1.0,0.0,183.0,AlankarChowk,a3,a3_17.csv,VERY_HIGH,183.5,60
1900-01-01 10:20:00,DOWN,63.0,27.0,17.0,6.0,113.0,AlankarChowk,a3,a3_17.csv,HIGH,137.0,55
1900-01-01 10:20:00,LEFT,149.0,56.0,6.0,8.0,219.0,AlankarChowk,a3,a3_17.csv,VERY_HIGH,216.0,60
1900-01-01 10:20:00,RIGHT,53.0,28.0,10.0,15.0,106.0,AlankarChowk,a3,a3_17.csv,HIGH,137.0,55
1900-01-01 10:20:00,UP,247.0,8.0,0.0,0.0,255.0,AlankarChowk,a3,a3_17.csv,VERY_HIGH,251.0,60
1900-01-01 10:25:00,DOWN,90.0,48.0,15.0,6.0,159.0,AlankarChowk,a3,a3_17.csv,VERY_HIGH,169.5,60
1900-01-01 10:25:00,LEFT,77.0,54.0,7.0,10.0,148.0,AlankarChowk,a3,a3_17.csv,HIGH,151.5,59
1900-01-01 10:25:00,RIGHT,74.0,28.0,9.0,14.0,125.0,AlankarChowk,a3,a3_17.csv,HIGH,152.5,59
1900-01-01 10:25:00,UP,306.0,18.0,2.0,0.0,326.0,AlankarChowk,a3,a3_17.csv,VERY_HIGH,320.0,60
1900-01-01 10:30:00,DOWN,184.0,52.0,18.0,8.0,262.0,AlankarChowk,a3,a3_17.csv,VERY_HIGH,279.0,60
1900-01-01 10:30:00,LEFT,98.0,55.0,3.0,10.0,166.0,AlankarChowk,a3,a3_17.csv,VERY_HIGH,163.0,60
1900-01-01 10:30:00,RIGHT,114.0,19.0,9.0,26.0,168.0,AlankarChowk,a3,a3_17.csv,VERY_HIGH,224.0,60
1900-01-01 10:30:00,UP,663.0,11.0,1.0,1.0,676.0,AlankarChowk,a3,a3_17.csv,VERY_HIGH,674.0,60
1900-01-01 10:35:00,DOWN,195.0,31.0,10.0,8.0,244.0,AlankarChowk,a3,a3_17.csv,VERY_HIGH,259.5,60
1900-01-01 10:35:00,LEFT,61.0,74.0,8.0,7.0,150.0,AlankarChowk,a3,a3_17.csv,HIGH,139.0,55
1900-01-01 10:35:00,RIGHT,34.0,44.0,5.0,16.0,99.0,AlankarChowk,a3,a3_17.csv,HIGH,116.5,49
1900-01-01 10:35:00,UP,437.0,3.0,2.0,0.0,442.0,AlankarChowk,a3,a3_17.csv,VERY_HIGH,443.5,60
1900-01-01 10:40:00,DOWN,100.0,27.0,8.0,13.0,148.0,AlankarChowk,a3,a3_17.csv,HIGH,172.5,60
1900-01-01 10:40:00,LEFT,73.0,52.0,8.0,5.0,138.0,AlankarChowk,a3,a3_17.csv,HIGH,134.0,54
1900-01-01 10:40:00,RIGHT,40.0,28.0,3.0,15.0,86.0,AlankarChowk,a3,a3_17.csv,HIGH,106.5,46
1900-01-01 10:40:00,UP,350.0,9.0,2.0,0.0,361.0,AlankarChowk,a3,a3_17.csv,VERY_HIGH,359.5,60
1900-01-01 10:45:00,DOWN,103.0,39.0,11.0,10.0,163.0,AlankarChowk,a3,a3_17.csv,VERY_HIGH,180.0,60
1900-01-01 10:45:00,LEFT,74.0,68.0,9.0,1.0,152.0,AlankarChowk,a3,a3_17.csv,HIGH,133.5,54
1900-01-01 10:45:00,RIGHT,62.0,30.0,9.0,14.0,115.0,AlankarChowk,a3,a3_17.csv,HIGH,141.5,56
1900-01-01 10:45:00,UP,132.0,5.0,3.0,0.0,140.0,AlankarChowk,a3,a3_17.csv,HIGH,142.0,56
1900-01-01 10:50:00,DOWN,75.0,40.0,20.0,5.0,140.0,AlankarChowk,a3,a3_17.csv,HIGH,160.0,60
1900-01-01 10:50:00,LEFT,62.0,67.0,4.0,9.0,142.0,AlankarChowk,a3,a3_17.csv,HIGH,132.5,53
1900-01-01 10:50:00,RIGHT,28.0,41.0,10.0,28.0,107.0,AlankarChowk,a3,a3_17.csv,HIGH,157.5,60
1900-01-01 10:50:00,UP,320.0,14.0,0.0,3.0,337.0,AlankarChowk,a3,a3_17.csv,VERY_HIGH,336.0,60
1900-01-01 10:55:00,DOWN,69.0,48.0,17.0,15.0,149.0,AlankarChowk,a3,a3_17.csv,HIGH,180.5,60
1900-01-01 10:55:00,LEFT,85.0,54.0,10.0,7.0,156.0,AlankarChowk,a3,a3_17.csv,VERY_HIGH,158.0,60
1900-01-01 10:55:00,RIGHT,41.0,30.0,8.0,10.0,89.0,AlankarChowk,a3,a3_17.csv,HIGH,106.0,46
1900-01-01 10:55:00,UP,154.0,12.0,2.0,0.0,168.0,AlankarChowk,a3,a3_17.csv,VERY_HIGH,165.0,60
1900-01-01 11:00:00,DOWN,69.0,45.0,11.0,19.0,144.0,AlankarChowk,a3,a3_17.csv,HIGH,176.0,60
1900-01-01 11:00:00,LEFT,72.0,64.0,4.0,17.0,157.0,AlankarChowk,a3,a3_17.csv,VERY_HIGH,165.0,60
1900-01-01 11:00:00,RIGHT,44.0,40.0,9.0,24.0,117.0,AlankarChowk,a3,a3_17.csv,HIGH,158.5,60
1900-01-01 11:00:00,UP,188.0,6.0,0.0,0.0,194.0,AlankarChowk,a3,a3_17.csv,VERY_HIGH,191.0,60
1900-01-01 11:05:00,DOWN,71.0,46.0,11.0,10.0,138.0,AlankarChowk,a3,a3_17.csv,HIGH,151.5,59
1900-01-01 11:05:00,LEFT,66.0,43.0,6.0,8.0,123.0,AlankarChowk,a3,a3_17.csv,HIGH,126.5,52
1900-01-01 11:05:00,RIGHT,37.0,25.0,5.0,20.0,87.0,AlankarChowk,a3,a3_17.csv,HIGH,122.0,50
1900-01-01 11:05:00,UP,164.0,7.0,0.0,1.0,172.0,AlankarChowk,a3,a3_17.csv,VERY_HIGH,170.5,60
1900-01-01 11:10:00,DOWN,75.0,20.0,12.0,8.0,115.0,AlankarChowk,a3,a3_17.csv,HIGH,139.0,55
1900-01-01 11:10:00,LEFT,77.0,65.0,7.0,5.0,154.0,AlankarChowk,a3,a3_17.csv,VERY_HIGH,142.0,56
1900-01-01 11:10:00,RIGHT,28.0,18.0,13.0,9.0,68.0,AlankarChowk,a3,a3_17.csv,MEDIUM,96.5,43
1900-01-01 11:10:00,UP,146.0,3.0,1.0,0.0,150.0,AlankarChowk,a3,a3_17.csv,HIGH,150.0,58
1900-01-01 11:15:00,DOWN,60.0,14.0,17.0,13.0,104.0,AlankarChowk,a3,a3_17.csv,HIGH,148.5,58
1900-01-01 11:15:00,LEFT,50.0,54.0,4.0,4.0,112.0,AlankarChowk,a3,a3_17.csv,HIGH,99.0,44
1900-01-01 11:15:00,RIGHT,27.0,18.0,6.0,20.0,71.0,AlankarChowk,a3,a3_17.csv,MEDIUM,111.0,47
1900-01-01 11:15:00,UP,296.0,13.0,3.0,0.0,312.0,AlankarChowk,a3,a3_17.csv,VERY_HIGH,310.0,60
1900-01-01 11:20:00,DOWN,39.0,50.0,12.0,21.0,122.0,AlankarChowk,a3,a3_17.csv,HIGH,157.0,60
1900-01-01 11:20:00,LEFT,58.0,57.0,9.0,17.0,141.0,AlankarChowk,a3,a3_17.csv,HIGH,160.0,60
1900-01-01 11:20:00,RIGHT,20.0,24.0,8.0,21.0,73.0,AlankarChowk,a3,a3_17.csv,MEDIUM,115.0,48
1900-01-01 11:20:00,UP,43.0,7.0,4.0,1.0,55.0,AlankarChowk,a3,a3_17.csv,MEDIUM,59.5,32
1900-01-01 11:25:00,DOWN,13.0,3.0,3.0,2.0,21.0,AlankarChowk,a3,a3_17.csv,MEDIUM,28.0,23
1900-01-01 11:25:00,LEFT,22.0,12.0,2.0,2.0,38.0,AlankarChowk,a3,a3_17.csv,MEDIUM,39.0,26
1900-01-01 11:25:00,RIGHT,4.0,3.0,2.0,0.0,9.0,AlankarChowk,a3,a3_17.csv,MEDIUM,10.5,18
1900-01-01 11:25:00,UP,23.0,1.0,0.0,0.0,24.0,AlankarChowk,a3,a3_17.csv,MEDIUM,23.5,22
1900-01-01 08:55:00,DOWN,0.0,0.0,0.0,0.0,0.0,AlankarChowk,a3,a3_16.csv,LOW,0.0,15
1900-01-01 08:55:00,LEFT,1.0,0.0,0.0,0.0,1.0,AlankarChowk,a3,a3_16.csv,LOW,1.0,15
1900-01-01 08:55:00,RIGHT,1.0,0.0,0.0,0.0,1.0,AlankarChowk,a3,a3_16.csv,LOW,1.0,15
1900-01-01 08:55:00,UP,0.0,0.0,0.0,0.0,0.0,AlankarChowk,a3,a3_16.csv,LOW,0.0,15
1900-01-01 09:00:00,DOWN,28.0,23.0,14.0,7.0,72.0,AlankarChowk,a3,a3_16.csv,MEDIUM,95.5,43
1900-01-01 09:00:00,LEFT,47.0,50.0,4.0,6.0,107.0,AlankarChowk,a3,a3_16.csv,HIGH,100.0,44
1900-01-01 09:00:00,RIGHT,24.0,25.0,7.0,11.0,67.0,AlankarChowk,a3,a3_16.csv,MEDIUM,87.0,40
1900-01-01 09:00:00,UP,72.0,0.0,1.0,5.0,78.0,AlankarChowk,a3,a3_16.csv,HIGH,89.5,41
1900-01-01 09:05:00,DOWN,33.0,30.0,17.0,8.0,88.0,AlankarChowk,a3,a3_16.csv,HIGH,114.5,48
1900-01-01 09:05:00,LEFT,60.0,57.0,1.0,9.0,127.0,AlankarChowk,a3,a3_16.csv,HIGH,118.0,49
1900-01-01 09:05:00,RIGHT,28.0,16.0,7.0,18.0,69.0,AlankarChowk,a3,a3_16.csv,MEDIUM,107.5,46
1900-01-01 09:05:00,UP,102.0,3.0,5.0,1.0,111.0,AlankarChowk,a3,a3_16.csv,HIGH,119.0,49
1900-01-01 09:10:00,DOWN,34.0,25.0,18.0,9.0,86.0,AlankarChowk,a3,a3_16.csv,HIGH,118.5,49
1900-01-01 09:10:00,LEFT,51.0,64.0,4.0,8.0,127.0,AlankarChowk,a3,a3_16.csv,HIGH,117.0,49
1900-01-01 09:10:00,RIGHT,17.0,13.0,8.0,18.0,56.0,AlankarChowk,a3,a3_16.csv,MEDIUM,97.5,43
1900-01-01 09:10:00,UP,60.0,2.0,5.0,0.0,67.0,AlankarChowk,a3,a3_16.csv,MEDIUM,73.5,36
1900-01-01 09:15:00,DOWN,21.0,22.0,18.0,9.0,70.0,AlankarChowk,a3,a3_16.csv,MEDIUM,104.0,45
1900-01-01 09:15:00,LEFT,34.0,50.0,5.0,4.0,93.0,AlankarChowk,a3,a3_16.csv,HIGH,83.5,39
1900-01-01 09:15:00,RIGHT,21.0,15.0,6.0,12.0,54.0,AlankarChowk,a3,a3_16.csv,MEDIUM,79.5,38
1900-01-01 09:15:00,UP,41.0,3.0,2.0,0.0,46.0,AlankarChowk,a3,a3_16.csv,MEDIUM,47.5,29
1900-01-01 09:20:00,DOWN,22.0,32.0,11.0,4.0,69.0,AlankarChowk,a3,a3_16.csv,MEDIUM,77.5,37
1900-01-01 09:20:00,LEFT,47.0,38.0,6.0,6.0,97.0,AlankarChowk,a3,a3_16.csv,HIGH,99.0,44
1900-01-01 09:20:00,RIGHT,31.0,19.0,9.0,14.0,73.0,AlankarChowk,a3,a3_16.csv,MEDIUM,105.0,45
1900-01-01 09:20:00,UP,99.0,7.0,2.0,0.0,108.0,AlankarChowk,a3,a3_16.csv,HIGH,107.5,46
1900-01-01 09:25:00,DOWN,59.0,32.0,14.0,11.0,116.0,AlankarChowk,a3,a3_16.csv,HIGH,143.0,56
1900-01-01 09:25:00,LEFT,50.0,55.0,8.0,5.0,118.0,AlankarChowk,a3,a3_16.csv,HIGH,112.5,48
1900-01-01 09:25:00,RIGHT,28.0,18.0,6.0,23.0,75.0,AlankarChowk,a3,a3_16.csv,HIGH,121.0,50
1900-01-01 09:25:00,UP,265.0,0.0,0.0,3.0,268.0,AlankarChowk,a3,a3_16.csv,VERY_HIGH,274.0,60
1900-01-01 09:30:00,DOWN,215.0,36.0,19.0,5.0,275.0,AlankarChowk,a3,a3_16.csv,VERY_HIGH,295.5,60
1900-01-01 09:30:00,LEFT,51.0,47.0,11.0,8.0,117.0,AlankarChowk,a3,a3_16.csv,HIGH,126.0,51
1900-01-01 09:30:00,RIGHT,39.0,18.0,8.0,19.0,84.0,AlankarChowk,a3,a3_16.csv,HIGH,125.0,51
1900-01-01 09:30:00,UP,383.0,0.0,16.0,1.0,400.0,AlankarChowk,a3,a3_16.csv,VERY_HIGH,426.0,60
1900-01-01 09:35:00,DOWN,73.0,36.0,16.0,5.0,130.0,AlankarChowk,a3,a3_16.csv,HIGH,146.0,57
1900-01-01 09:35:00,LEFT,57.0,48.0,8.0,3.0,116.0,AlankarChowk,a3,a3_16.csv,HIGH,110.0,47
1900-01-01 09:35:00,RIGHT,31.0,16.0,8.0,10.0,65.0,AlankarChowk,a3,a3_16.csv,MEDIUM,89.0,41
1900-01-01 09:35:00,UP,245.0,1.0,2.0,1.0,249.0,AlankarChowk,a3,a3_16.csv,VERY_HIGH,253.5,60
1900-01-01 09:40:00,DOWN,88.0,25.0,15.0,7.0,135.0,AlankarChowk,a3,a3_16.csv,HIGH,159.0,60
1900-01-01 09:40:00,LEFT,53.0,43.0,8.0,10.0,114.0,AlankarChowk,a3,a3_16.csv,HIGH,124.5,51
1900-01-01 09:40:00,RIGHT,29.0,23.0,5.0,24.0,81.0,AlankarChowk,a3,a3_16.csv,HIGH,125.0,51
1900-01-01 09:40:00,UP,154.0,0.0,5.0,0.0,159.0,AlankarChowk,a3,a3_16.csv,VERY_HIGH,166.5,60
1900-01-01 09:45:00,DOWN,90.0,15.0,15.0,6.0,126.0,AlankarChowk,a3,a3_16.csv,HIGH,153.0,59
1900-01-01 09:45:00,LEFT,50.0,46.0,7.0,4.0,107.0,AlankarChowk,a3,a3_16.csv,HIGH,102.5,45
1900-01-01 09:45:00,RIGHT,29.0,23.0,5.0,18.0,75.0,AlankarChowk,a3,a3_16.csv,HIGH,107.0,46
1900-01-01 09:45:00,UP,341.0,3.0,3.0,0.0,347.0,AlankarChowk,a3,a3_16.csv,VERY_HIGH,350.0,60
1900-01-01 09:50:00,DOWN,102.0,19.0,20.0,6.0,147.0,AlankarChowk,a3,a3_16.csv,HIGH,179.5,60
1900-01-01 09:50:00,LEFT,63.0,48.0,5.0,6.0,122.0,AlankarChowk,a3,a3_16.csv,HIGH,117.5,49
1900-01-01 09:50:00,RIGHT,34.0,11.0,5.0,22.0,72.0,AlankarChowk,a3,a3_16.csv,MEDIUM,118.0,49
1900-01-01 09:50:00,UP,126.0,1.0,5.0,0.0,132.0,AlankarChowk,a3,a3_16.csv,HIGH,139.0,55
1900-01-01 09:55:00,DOWN,50.0,32.0,21.0,7.0,110.0,AlankarChowk,a3,a3_16.csv,HIGH,139.5,55
1900-01-01 09:55:00,LEFT,63.0,43.0,8.0,9.0,123.0,AlankarChowk,a3,a3_16.csv,HIGH,131.5,53
1900-01-01 09:55:00,RIGHT,24.0,5.0,11.0,14.0,54.0,AlankarChowk,a3,a3_16.csv,MEDIUM,96.0,43
1900-01-01 09:55:00,UP,46.0,5.0,2.0,0.0,53.0,AlankarChowk,a3,a3_16.csv,MEDIUM,53.5,30
1900-01-01 10:00:00,DOWN,24.0,19.0,14.0,15.0,72.0,AlankarChowk,a3,a3_16.csv,MEDIUM,113.5,48
1900-01-01 10:00:00,LEFT,62.0,50.0,11.0,8.0,131.0,AlankarChowk,a3,a3_16.csv,HIGH,138.5,55
1900-01-01 10:00:00,RIGHT,14.0,18.0,6.0,18.0,56.0,AlankarChowk,a3,a3_16.csv,MEDIUM,92.0,42
1900-01-01 10:00:00,UP,44.0,0.0,10.0,1.0,55.0,AlankarChowk,a3,a3_16.csv,MEDIUM,72.0,36
1900-01-01 10:05:00,DOWN,44.0,19.0,10.0,9.0,82.0,AlankarChowk,a3,a3_16.csv,HIGH,105.5,46
1900-01-01 10:05:00,LEFT,57.0,45.0,10.0,5.0,117.0,AlankarChowk,a3,a3_16.csv,HIGH,119.5,50
1900-01-01 10:05:00,RIGHT,22.0,18.0,5.0,13.0,58.0,AlankarChowk,a3,a3_16.csv,MEDIUM,82.5,39
1900-01-01 10:05:00,UP,102.0,2.0,3.0,0.0,107.0,AlankarChowk,a3,a3_16.csv,HIGH,110.5,47
1900-01-01 10:10:00,DOWN,78.0,41.0,14.0,16.0,149.0,AlankarChowk,a3,a3_16.csv,HIGH,181.5,60
1900-01-01 10:10:00,LEFT,49.0,47.0,12.0,9.0,117.0,AlankarChowk,a3,a3_16.csv,HIGH,129.5,52
1900-01-01 10:10:00,RIGHT,37.0,21.0,3.0,21.0,82.0,AlankarChowk,a3,a3_16.csv,HIGH,118.0,49
1900-01-01 10:10:00,UP,216.0,7.0,2.0,0.0,225.0,AlankarChowk,a3,a3_16.csv,VERY_HIGH,224.5,60
1900-01-01 10:15:00,DOWN,45.0,40.0,9.0,8.0,102.0,AlankarChowk,a3,a3_16.csv,HIGH,111.5,47
1900-01-01 10:15:00,LEFT,52.0,42.0,6.0,8.0,108.0,AlankarChowk,a3,a3_16.csv,HIGH,112.0,47
1900-01-01 10:15:00,RIGHT,43.0,21.0,8.0,18.0,90.0,AlankarChowk,a3,a3_16.csv,HIGH,127.5,52
1900-01-01 10:15:00,UP,48.0,7.0,1.0,0.0,56.0,AlankarChowk,a3,a3_16.csv,MEDIUM,54.0,31
1900-01-01 10:20:00,DOWN,62.0,36.0,13.0,7.0,118.0,AlankarChowk,a3,a3_16.csv,HIGH,133.5,54
1900-01-01 10:20:00,LEFT,54.0,47.0,4.0,13.0,118.0,AlankarChowk,a3,a3_16.csv,HIGH,126.5,52
1900-01-01 10:20:00,RIGHT,38.0,17.0,6.0,26.0,87.0,AlankarChowk,a3,a3_16.csv,HIGH,139.5,55
1900-01-01 10:20:00,UP,256.0,2.0,4.0,1.0,263.0,AlankarChowk,a3,a3_16.csv,VERY_HIGH,270.0,60
1900-01-01 10:25:00,DOWN,73.0,27.0,56.0,13.0,169.0,AlankarChowk,a3,a3_16.csv,VERY_HIGH,265.5,60
1900-01-01 10:25:00,LEFT,80.0,36.0,14.0,10.0,140.0,AlankarChowk,a3,a3_16.csv,HIGH,163.0,60
1900-01-01 10:25:00,RIGHT,48.0,16.0,11.0,20.0,95.0,AlankarChowk,a3,a3_16.csv,HIGH,143.5,57
1900-01-01 10:25:00,UP,131.0,0.0,7.0,1.0,139.0,AlankarChowk,a3,a3_16.csv,HIGH,151.5,59
1900-01-01 10:30:00,DOWN,169.0,37.0,18.0,17.0,241.0,AlankarChowk,a3,a3_16.csv,VERY_HIGH,283.5,60
1900-01-01 10:30:00,LEFT,55.0,41.0,8.0,7.0,111.0,AlankarChowk,a3,a3_16.csv,HIGH,116.5,49
1900-01-01 10:30:00,RIGHT,39.0,18.0,13.0,22.0,92.0,AlankarChowk,a3,a3_16.csv,HIGH,146.5,57
1900-01-01 10:30:00,UP,66.0,1.0,67.0,2.0,136.0,AlankarChowk,a3,a3_16.csv,HIGH,240.0,60
1900-01-01 10:35:00,DOWN,101.0,30.0,10.0,14.0,155.0,AlankarChowk,a3,a3_16.csv,VERY_HIGH,183.0,60
1900-01-01 10:35:00,LEFT,58.0,40.0,7.0,15.0,120.0,AlankarChowk,a3,a3_16.csv,HIGH,140.5,56
1900-01-01 10:35:00,RIGHT,45.0,17.0,4.0,21.0,87.0,AlankarChowk,a3,a3_16.csv,HIGH,126.5,52
1900-01-01 10:35:00,UP,72.0,3.0,1.0,0.0,76.0,AlankarChowk,a3,a3_16.csv,HIGH,76.0,37
1900-01-01 10:40:00,DOWN,140.0,43.0,9.0,6.0,198.0,AlankarChowk,a3,a3_16.csv,VERY_HIGH,202.0,60
1900-01-01 10:40:00,LEFT,60.0,34.0,5.0,4.0,103.0,AlankarChowk,a3,a3_16.csv,HIGH,101.5,44
1900-01-01 10:40:00,RIGHT,46.0,17.0,7.0,11.0,81.0,AlankarChowk,a3,a3_16.csv,HIGH,105.0,45
1900-01-01 10:40:00,UP,543.0,36.0,0.0,0.0,579.0,AlankarChowk,a3,a3_16.csv,VERY_HIGH,561.0,60
1900-01-01 10:45:00,DOWN,93.0,38.0,15.0,15.0,161.0,AlankarChowk,a3,a3_16.csv,VERY_HIGH,194.5,60
1900-01-01 10:45:00,LEFT,73.0,34.0,3.0,14.0,124.0,AlankarChowk,a3,a3_16.csv,HIGH,139.5,55
1900-01-01 10:45:00,RIGHT,41.0,22.0,10.0,33.0,106.0,AlankarChowk,a3,a3_16.csv,HIGH,176.0,60
1900-01-01 10:45:00,UP,224.0,1.0,1.0,5.0,231.0,AlankarChowk,a3,a3_16.csv,VERY_HIGH,242.0,60
1900-01-01 10:50:00,DOWN,147.0,28.0,11.0,4.0,190.0,AlankarChowk,a3,a3_16.csv,VERY_HIGH,200.5,60
1900-01-01 10:50:00,LEFT,62.0,36.0,5.0,13.0,116.0,AlankarChowk,a3,a3_16.csv,HIGH,131.5,53
1900-01-01 10:50:00,RIGHT,38.0,21.0,9.0,18.0,86.0,AlankarChowk,a3,a3_16.csv,HIGH,125.0,51
1900-01-01 10:50:00,UP,919.0,0.0,2.0,1.0,922.0,AlankarChowk,a3,a3_16.csv,VERY_HIGH,927.0,60
1900-01-01 10:55:00,DOWN,110.0,17.0,20.0,8.0,155.0,AlankarChowk,a3,a3_16.csv,VERY_HIGH,192.5,60
1900-01-01 10:55:00,LEFT,54.0,44.0,11.0,3.0,112.0,AlankarChowk,a3,a3_16.csv,HIGH,112.5,48
1900-01-01 10:55:00,RIGHT,38.0,19.0,12.0,22.0,91.0,AlankarChowk,a3,a3_16.csv,HIGH,143.5,57
1900-01-01 10:55:00,UP,761.0,1.0,24.0,0.0,786.0,AlankarChowk,a3,a3_16.csv,VERY_HIGH,821.5,60
1900-01-01 11:00:00,DOWN,123.0,23.0,9.0,12.0,167.0,AlankarChowk,a3,a3_16.csv,VERY_HIGH,193.0,60
1900-01-01 11:00:00,LEFT,73.0,42.0,4.0,12.0,131.0,AlankarChowk,a3,a3_16.csv,HIGH,140.0,56
1900-01-01 11:00:00,RIGHT,50.0,15.0,5.0,27.0,97.0,AlankarChowk,a3,a3_16.csv,HIGH,151.0,59
1900-01-01 11:00:00,UP,875.0,0.0,7.0,2.0,884.0,AlankarChowk,a3,a3_16.csv,VERY_HIGH,898.5,60
1900-01-01 11:05:00,DOWN,73.0,25.0,13.0,5.0,116.0,AlankarChowk,a3,a3_16.csv,HIGH,133.0,53
1900-01-01 11:05:00,LEFT,67.0,45.0,2.0,6.0,120.0,AlankarChowk,a3,a3_16.csv,HIGH,112.5,48
1900-01-01 11:05:00,RIGHT,29.0,27.0,5.0,16.0,77.0,AlankarChowk,a3,a3_16.csv,HIGH,103.0,45
1900-01-01 11:05:00,UP,61.0,3.0,3.0,2.0,69.0,AlankarChowk,a3,a3_16.csv,MEDIUM,76.0,37
1900-01-01 11:10:00,DOWN,79.0,23.0,11.0,18.0,131.0,AlankarChowk,a3,a3_16.csv,HIGH,172.0,60
1900-01-01 11:10:00,LEFT,53.0,31.0,3.0,4.0,91.0,AlankarChowk,a3,a3_16.csv,HIGH,88.0,40
1900-01-01 11:10:00,RIGHT,25.0,34.0,7.0,28.0,94.0,AlankarChowk,a3,a3_16.csv,HIGH,143.5,57
1900-01-01 11:10:00,UP,134.0,8.0,0.0,1.0,143.0,AlankarChowk,a3,a3_16.csv,HIGH,141.0,56
1900-01-01 11:15:00,DOWN,245.0,20.0,17.0,10.0,292.0,AlankarChowk,a3,a3_16.csv,VERY_HIGH,327.5,60
1900-01-01 11:15:00,LEFT,63.0,25.0,3.0,4.0,95.0,AlankarChowk,a3,a3_16.csv,HIGH,95.0,42
1900-01-01 11:15:00,RIGHT,42.0,16.0,5.0,22.0,85.0,AlankarChowk,a3,a3_16.csv,HIGH,128.5,52
1900-01-01 11:15:00,UP,367.0,8.0,2.0,0.0,377.0,AlankarChowk,a3,a3_16.csv,VERY_HIGH,376.0,60
1900-01-01 11:20:00,DOWN,24.0,24.0,7.0,13.0,68.0,AlankarChowk,a3,a3_16.csv,MEDIUM,92.5,42
1900-01-01 11:20:00,LEFT,47.0,35.0,1.0,9.0,92.0,AlankarChowk,a3,a3_16.csv,HIGH,94.0,42
1900-01-01 11:20:00,RIGHT,13.0,11.0,7.0,30.0,61.0,AlankarChowk,a3,a3_16.csv,MEDIUM,126.0,51
1900-01-01 11:20:00,UP,27.0,0.0,2.0,1.0,30.0,AlankarChowk,a3,a3_16.csv,MEDIUM,35.0,25
1900-01-01 08:55:00,DOWN,0.0,1.0,2.0,0.0,3.0,AlankarChowk,a3,a3_18.csv,LOW,5.5,17
1900-01-01 08:55:00,LEFT,0.0,0.0,0.0,0.0,0.0,AlankarChowk,a3,a3_18.csv,LOW,0.0,15
1900-01-01 08:55:00,RIGHT,0.0,0.0,1.0,0.0,1.0,AlankarChowk,a3,a3_18.csv,LOW,2.5,16
1900-01-01 08:55:00,UP,2.0,0.0,0.0,0.0,2.0,AlankarChowk,a3,a3_18.csv,LOW,2.0,16
1900-01-01 09:00:00,DOWN,36.0,27.0,18.0,12.0,93.0,AlankarChowk,a3,a3_18.csv,HIGH,130.5,53
1900-01-01 09:00:00,LEFT,103.0,46.0,5.0,10.0,164.0,AlankarChowk,a3,a3_18.csv,VERY_HIGH,168.5,60
1900-01-01 09:00:00,RIGHT,37.0,15.0,15.0,11.0,78.0,AlankarChowk,a3,a3_18.csv,HIGH,115.0,48
1900-01-01 09:00:00,UP,97.0,1.0,0.0,0.0,98.0,AlankarChowk,a3,a3_18.csv,HIGH,97.5,43
1900-01-01 09:05:00,DOWN,34.0,21.0,14.0,19.0,88.0,AlankarChowk,a3,a3_18.csv,HIGH,136.5,55
1900-01-01 09:05:00,LEFT,100.0,36.0,9.0,12.0,157.0,AlankarChowk,a3,a3_18.csv,VERY_HIGH,176.5,60
1900-01-01 09:05:00,RIGHT,26.0,18.0,5.0,12.0,61.0,AlankarChowk,a3,a3_18.csv,MEDIUM,83.5,39
1900-01-01 09:05:00,UP,48.0,0.0,1.0,0.0,49.0,AlankarChowk,a3,a3_18.csv,MEDIUM,50.5,30
1900-01-01 09:10:00,DOWN,38.0,24.0,10.0,11.0,83.0,AlankarChowk,a3,a3_18.csv,HIGH,108.0,46
1900-01-01 09:10:00,LEFT,120.0,28.0,3.0,9.0,160.0,AlankarChowk,a3,a3_18.csv,VERY_HIGH,168.5,60
1900-01-01 09:10:00,RIGHT,22.0,14.0,5.0,18.0,59.0,AlankarChowk,a3,a3_18.csv,MEDIUM,95.5,43
1900-01-01 09:10:00,UP,112.0,0.0,4.0,3.0,119.0,AlankarChowk,a3,a3_18.csv,HIGH,131.0,53
1900-01-01 09:15:00,DOWN,59.0,20.0,12.0,8.0,99.0,AlankarChowk,a3,a3_18.csv,HIGH,123.0,51
1900-01-01 09:15:00,LEFT,79.0,31.0,10.0,4.0,124.0,AlankarChowk,a3,a3_18.csv,HIGH,131.5,53
1900-01-01 09:15:00,RIGHT,35.0,21.0,9.0,20.0,85.0,AlankarChowk,a3,a3_18.csv,HIGH,128.0,52
1900-01-01 09:15:00,UP,241.0,0.0,4.0,3.0,248.0,AlankarChowk,a3,a3_18.csv,VERY_HIGH,260.0,60
1900-01-01 09:20:00,DOWN,58.0,50.0,16.0,13.0,137.0,AlankarChowk,a3,a3_18.csv,HIGH,162.0,60
1900-01-01 09:20:00,LEFT,83.0,19.0,3.0,2.0,107.0,AlankarChowk,a3,a3_18.csv,HIGH,106.0,46
1900-01-01 09:20:00,RIGHT,38.0,12.0,8.0,9.0,67.0,AlankarChowk,a3,a3_18.csv,MEDIUM,91.0,41
1900-01-01 09:20:00,UP,116.0,5.0,2.0,1.0,124.0,AlankarChowk,a3,a3_18.csv,HIGH,126.5,52
1900-01-01 09:25:00,DOWN,75.0,47.0,15.0,10.0,147.0,AlankarChowk,a3,a3_18.csv,HIGH,166.0,60
1900-01-01 09:25:00,LEFT,124.0,28.0,9.0,10.0,171.0,AlankarChowk,a3,a3_18.csv,VERY_HIGH,190.5,60
1900-01-01 09:25:00,RIGHT,47.0,27.0,5.0,13.0,92.0,AlankarChowk,a3,a3_18.csv,HIGH,112.0,47
1900-01-01 09:25:00,UP,146.0,0.0,1.0,0.0,147.0,AlankarChowk,a3,a3_18.csv,HIGH,148.5,58
1900-01-01 09:30:00,DOWN,61.0,44.0,9.0,23.0,137.0,AlankarChowk,a3,a3_18.csv,HIGH,174.5,60
1900-01-01 09:30:00,LEFT,68.0,41.0,5.0,7.0,121.0,AlankarChowk,a3,a3_18.csv,HIGH,122.0,50
1900-01-01 09:30:00,RIGHT,33.0,18.0,6.0,25.0,82.0,AlankarChowk,a3,a3_18.csv,HIGH,132.0,53
1900-01-01 09:30:00,UP,139.0,3.0,1.0,1.0,144.0,AlankarChowk,a3,a3_18.csv,HIGH,146.0,57
1900-01-01 09:35:00,DOWN,95.0,46.0,15.0,9.0,165.0,AlankarChowk,a3,a3_18.csv,VERY_HIGH,182.5,60
1900-01-01 09:35:00,LEFT,67.0,30.0,11.0,9.0,117.0,AlankarChowk,a3,a3_18.csv,HIGH,136.5,55
1900-01-01 09:35:00,RIGHT,48.0,24.0,5.0,11.0,88.0,AlankarChowk,a3,a3_18.csv,HIGH,105.5,46
1900-01-01 09:35:00,UP,321.0,1.0,4.0,1.0,327.0,AlankarChowk,a3,a3_18.csv,VERY_HIGH,334.5,60
1900-01-01 09:40:00,DOWN,98.0,26.0,12.0,10.0,146.0,AlankarChowk,a3,a3_18.csv,HIGH,171.0,60
1900-01-01 09:40:00,LEFT,73.0,36.0,3.0,9.0,121.0,AlankarChowk,a3,a3_18.csv,HIGH,125.5,51
1900-01-01 09:40:00,RIGHT,28.0,26.0,2.0,21.0,77.0,AlankarChowk,a3,a3_18.csv,HIGH,109.0,47
1900-01-01 09:40:00,UP,292.0,2.0,5.0,2.0,301.0,AlankarChowk,a3,a3_18.csv,VERY_HIGH,311.5,60
1900-01-01 09:45:00,DOWN,85.0,30.0,20.0,8.0,143.0,AlankarChowk,a3,a3_18.csv,HIGH,174.0,60
1900-01-01 09:45:00,LEFT,68.0,50.0,10.0,5.0,133.0,AlankarChowk,a3,a3_18.csv,HIGH,133.0,53
1900-01-01 09:45:00,RIGHT,31.0,19.0,12.0,21.0,83.0,AlankarChowk,a3,a3_18.csv,HIGH,133.5,54
1900-01-01 09:45:00,UP,427.0,1.0,5.0,0.0,433.0,AlankarChowk,a3,a3_18.csv,VERY_HIGH,440.0,60
1900-01-01 09:50:00,DOWN,75.0,14.0,13.0,8.0,110.0,AlankarChowk,a3,a3_18.csv,HIGH,138.5,55
1900-01-01 09:50:00,LEFT,81.0,28.0,6.0,6.0,121.0,AlankarChowk,a3,a3_18.csv,HIGH,128.0,52
1900-01-01 09:50:00,RIGHT,44.0,16.0,6.0,25.0,91.0,AlankarChowk,a3,a3_18.csv,HIGH,142.0,56
1900-01-01 09:50:00,UP,308.0,0.0,3.0,0.0,311.0,AlankarChowk,a3,a3_18.csv,VERY_HIGH,315.5,60
1900-01-01 09:55:00,DOWN,60.0,13.0,17.0,17.0,107.0,AlankarChowk,a3,a3_18.csv,HIGH,160.0,60
1900-01-01 09:55:00,LEFT,70.0,21.0,4.0,8.0,103.0,AlankarChowk,a3,a3_18.csv,HIGH,114.5,48
1900-01-01 09:55:00,RIGHT,49.0,9.0,6.0,13.0,77.0,AlankarChowk,a3,a3_18.csv,HIGH,107.5,46
1900-01-01 09:55:00,UP,362.0,1.0,0.0,1.0,364.0,AlankarChowk,a3,a3_18.csv,VERY_HIGH,365.5,60
1900-01-01 10:00:00,DOWN,55.0,15.0,13.0,9.0,92.0,AlankarChowk,a3,a3_18.csv,HIGH,122.0,50
1900-01-01 10:00:00,LEFT,80.0,33.0,4.0,11.0,128.0,AlankarChowk,a3,a3_18.csv,HIGH,139.5,55
1900-01-01 10:00:00,RIGHT,33.0,15.0,6.0,8.0,62.0,AlankarChowk,a3,a3_18.csv,MEDIUM,79.5,38
1900-01-01 10:00:00,UP,166.0,0.0,2.0,0.0,168.0,AlankarChowk,a3,a3_18.csv,VERY_HIGH,171.0,60
1900-01-01 10:05:00,DOWN,59.0,21.0,19.0,9.0,108.0,AlankarChowk,a3,a3_18.csv,HIGH,144.0,57
1900-01-01 10:05:00,LEFT,58.0,46.0,10.0,9.0,123.0,AlankarChowk,a3,a3_18.csv,HIGH,133.0,53
1900-01-01 10:05:00,RIGHT,33.0,9.0,10.0,9.0,61.0,AlankarChowk,a3,a3_18.csv,MEDIUM,89.5,41
1900-01-01 10:05:00,UP,120.0,2.0,4.0,0.0,126.0,AlankarChowk,a3,a3_18.csv,HIGH,131.0,53
1900-01-01 10:10:00,DOWN,66.0,34.0,6.0,7.0,113.0,AlankarChowk,a3,a3_18.csv,HIGH,119.0,49
1900-01-01 10:10:00,LEFT,89.0,38.0,1.0,10.0,138.0,AlankarChowk,a3,a3_18.csv,HIGH,140.5,56
1900-01-01 10:10:00,RIGHT,37.0,15.0,5.0,13.0,70.0,AlankarChowk,a3,a3_18.csv,MEDIUM,96.0,43
1900-01-01 10:10:00,UP,400.0,17.0,0.0,3.0,420.0,AlankarChowk,a3,a3_18.csv,VERY_HIGH,417.5,60
1900-01-01 10:15:00,DOWN,55.0,33.0,13.0,11.0,112.0,AlankarChowk,a3,a3_18.csv,HIGH,137.0,55
1900-01-01 10:15:00,LEFT,53.0,33.0,7.0,14.0,107.0,AlankarChowk,a3,a3_18.csv,HIGH,129.0,52
1900-01-01 10:15:00,RIGHT,47.0,17.0,6.0,20.0,90.0,AlankarChowk,a3,a3_18.csv,HIGH,130.5,53
1900-01-01 10:15:00,UP,335.0,10.0,16.0,3.0,364.0,AlankarChowk,a3,a3_18.csv,VERY_HIGH,389.0,60
1900-01-01 10:20:00,DOWN,55.0,33.0,20.0,4.0,112.0,AlankarChowk,a3,a3_18.csv,HIGH,133.5,54
1900-01-01 10:20:00,LEFT,94.0,31.0,12.0,2.0,139.0,AlankarChowk,a3,a3_18.csv,HIGH,145.5,57
1900-01-01 10:20:00,RIGHT,32.0,17.0,10.0,11.0,70.0,AlankarChowk,a3,a3_18.csv,MEDIUM,98.5,44
1900-01-01 10:20:00,UP,329.0,0.0,3.0,0.0,332.0,AlankarChowk,a3,a3_18.csv,VERY_HIGH,336.5,60
1900-01-01 10:25:00,DOWN,98.0,43.0,12.0,15.0,168.0,AlankarChowk,a3,a3_18.csv,VERY_HIGH,194.5,60
1900-01-01 10:25:00,LEFT,132.0,30.0,4.0,6.0,172.0,AlankarChowk,a3,a3_18.csv,VERY_HIGH,175.0,60
1900-01-01 10:25:00,RIGHT,30.0,66.0,6.0,23.0,125.0,AlankarChowk,a3,a3_18.csv,HIGH,147.0,58
1900-01-01 10:25:00,UP,732.0,5.0,2.0,3.0,742.0,AlankarChowk,a3,a3_18.csv,VERY_HIGH,748.5,60
1900-01-01 10:30:00,DOWN,156.0,26.0,17.0,3.0,202.0,AlankarChowk,a3,a3_18.csv,VERY_HIGH,220.5,60
1900-01-01 10:30:00,LEFT,124.0,21.0,4.0,9.0,158.0,AlankarChowk,a3,a3_18.csv,VERY_HIGH,171.5,60
1900-01-01 10:30:00,RIGHT,29.0,233.0,8.0,18.0,288.0,AlankarChowk,a3,a3_18.csv,VERY_HIGH,219.5,60
1900-01-01 10:30:00,UP,157.0,1.0,0.0,0.0,158.0,AlankarChowk,a3,a3_18.csv,VERY_HIGH,157.5,60
1900-01-01 10:35:00,DOWN,97.0,41.0,9.0,13.0,160.0,AlankarChowk,a3,a3_18.csv,VERY_HIGH,179.0,60
1900-01-01 10:35:00,LEFT,149.0,35.0,7.0,10.0,201.0,AlankarChowk,a3,a3_18.csv,VERY_HIGH,214.0,60
1900-01-01 10:35:00,RIGHT,40.0,23.0,11.0,17.0,91.0,AlankarChowk,a3,a3_18.csv,HIGH,130.0,53
1900-01-01 10:35:00,UP,117.0,1.0,0.0,0.0,118.0,AlankarChowk,a3,a3_18.csv,HIGH,117.5,49
1900-01-01 10:40:00,DOWN,65.0,38.0,11.0,9.0,123.0,AlankarChowk,a3,a3_18.csv,HIGH,138.5,55
1900-01-01 10:40:00,LEFT,112.0,40.0,3.0,5.0,160.0,AlankarChowk,a3,a3_18.csv,VERY_HIGH,154.5,60
1900-01-01 10:40:00,RIGHT,36.0,15.0,6.0,18.0,75.0,AlankarChowk,a3,a3_18.csv,HIGH,112.5,48
1900-01-01 10:40:00,UP,146.0,5.0,2.0,0.0,153.0,AlankarChowk,a3,a3_18.csv,HIGH,153.5,59
1900-01-01 10:45:00,DOWN,93.0,29.0,10.0,12.0,144.0,AlankarChowk,a3,a3_18.csv,HIGH,168.5,60
1900-01-01 10:45:00,LEFT,120.0,53.0,5.0,7.0,185.0,AlankarChowk,a3,a3_18.csv,VERY_HIGH,180.0,60
1900-01-01 10:45:00,RIGHT,33.0,20.0,6.0,14.0,73.0,AlankarChowk,a3,a3_18.csv,MEDIUM,100.0,44
1900-01-01 10:45:00,UP,178.0,0.0,1.0,0.0,179.0,AlankarChowk,a3,a3_18.csv,VERY_HIGH,180.5,60
1900-01-01 10:50:00,DOWN,64.0,38.0,7.0,9.0,118.0,AlankarChowk,a3,a3_18.csv,HIGH,127.5,52
1900-01-01 10:50:00,LEFT,132.0,55.0,8.0,11.0,206.0,AlankarChowk,a3,a3_18.csv,VERY_HIGH,212.5,60
1900-01-01 10:50:00,RIGHT,45.0,34.0,6.0,16.0,101.0,AlankarChowk,a3,a3_18.csv,HIGH,125.0,51
1900-01-01 10:50:00,UP,121.0,8.0,1.0,0.0,130.0,AlankarChowk,a3,a3_18.csv,HIGH,127.5,52
1900-01-01 10:55:00,DOWN,53.0,17.0,14.0,10.0,94.0,AlankarChowk,a3,a3_18.csv,HIGH,126.5,52
1900-01-01 10:55:00,LEFT,135.0,38.0,5.0,2.0,180.0,AlankarChowk,a3,a3_18.csv,VERY_HIGH,172.5,60
1900-01-01 10:55:00,RIGHT,26.0,21.0,8.0,15.0,70.0,AlankarChowk,a3,a3_18.csv,MEDIUM,101.5,44
1900-01-01 10:55:00,UP,44.0,0.0,3.0,1.0,48.0,AlankarChowk,a3,a3_18.csv,MEDIUM,54.5,31
1900-01-01 11:00:00,DOWN,89.0,31.0,9.0,22.0,151.0,AlankarChowk,a3,a3_18.csv,HIGH,193.0,60
1900-01-01 11:00:00,LEFT,108.0,61.0,6.0,4.0,179.0,AlankarChowk,a3,a3_18.csv,VERY_HIGH,165.5,60
1900-01-01 11:00:00,RIGHT,27.0,25.0,1.0,18.0,71.0,AlankarChowk,a3,a3_18.csv,MEDIUM,96.0,43
1900-01-01 11:00:00,UP,54.0,5.0,3.0,0.0,62.0,AlankarChowk,a3,a3_18.csv,MEDIUM,64.0,34
1900-01-01 11:05:00,DOWN,39.0,21.0,7.0,9.0,76.0,AlankarChowk,a3,a3_18.csv,HIGH,94.0,42
1900-01-01 11:05:00,LEFT,140.0,45.0,4.0,11.0,200.0,AlankarChowk,a3,a3_18.csv,VERY_HIGH,205.5,60
1900-01-01 11:05:00,RIGHT,30.0,18.0,3.0,19.0,70.0,AlankarChowk,a3,a3_18.csv,MEDIUM,103.5,45
1900-01-01 11:05:00,UP,133.0,3.0,6.0,0.0,142.0,AlankarChowk,a3,a3_18.csv,HIGH,149.5,58
1900-01-01 11:10:00,DOWN,34.0,40.0,18.0,10.0,102.0,AlankarChowk,a3,a3_18.csv,HIGH,129.0,52
1900-01-01 11:10:00,LEFT,107.0,51.0,3.0,7.0,168.0,AlankarChowk,a3,a3_18.csv,VERY_HIGH,161.0,60
1900-01-01 11:10:00,RIGHT,26.0,26.0,7.0,13.0,72.0,AlankarChowk,a3,a3_18.csv,MEDIUM,95.5,43
1900-01-01 11:10:00,UP,305.0,3.0,0.0,0.0,308.0,AlankarChowk,a3,a3_18.csv,VERY_HIGH,306.5,60
1900-01-01 11:15:00,DOWN,43.0,46.0,15.0,9.0,113.0,AlankarChowk,a3,a3_18.csv,HIGH,130.5,53
1900-01-01 11:15:00,LEFT,77.0,43.0,3.0,6.0,129.0,AlankarChowk,a3,a3_18.csv,HIGH,124.0,51
1900-01-01 11:15:00,RIGHT,27.0,26.0,8.0,19.0,80.0,AlankarChowk,a3,a3_18.csv,HIGH,117.0,49
1900-01-01 11:15:00,UP,67.0,9.0,1.0,1.0,78.0,AlankarChowk,a3,a3_18.csv,HIGH,77.0,37
1900-01-01 11:20:00,DOWN,87.0,51.0,11.0,12.0,161.0,AlankarChowk,a3,a3_18.csv,VERY_HIGH,176.0,60
1900-01-01 11:20:00,LEFT,121.0,34.0,6.0,5.0,166.0,AlankarChowk,a3,a3_18.csv,VERY_HIGH,168.0,60
1900-01-01 11:20:00,RIGHT,28.0,19.0,9.0,22.0,78.0,AlankarChowk,a3,a3_18.csv,HIGH,126.0,51
1900-01-01 11:20:00,UP,64.0,2.0,3.0,3.0,72.0,AlankarChowk,a3,a3_18.csv,MEDIUM,81.5,39
1900-01-01 11:25:00,DOWN,76.0,41.0,1.0,2.0,120.0,AlankarChowk,a3,a3_18.csv,HIGH,105.0,45
1900-01-01 11:25:00,LEFT,16.0,12.0,1.0,2.0,31.0,AlankarChowk,a3,a3_18.csv,MEDIUM,30.5,24
1900-01-01 11:25:00,RIGHT,3.0,6.0,0.0,2.0,11.0,AlankarChowk,a3,a3_18.csv,MEDIUM,12.0,18
1900-01-01 11:25:00,UP,16.0,1.0,0.0,0.0,17.0,AlankarChowk,a3,a3_18.csv,MEDIUM,16.5,20
1900-01-01 11:25:00,DOWN,4.0,5.0,1.0,5.0,15.0,AlankarChowk,a3,a3_11_one.csv,MEDIUM,24.0,22
1900-01-01 11:25:00,LEFT,22.0,24.0,0.0,13.0,59.0,AlankarChowk,a3,a3_11_one.csv,MEDIUM,73.0,36
1900-01-01 11:25:00,RIGHT,21.0,9.0,2.0,11.0,43.0,AlankarChowk,a3,a3_11_one.csv,MEDIUM,63.5,33
1900-01-01 11:25:00,UP,15.0,16.0,1.0,11.0,43.0,AlankarChowk,a3,a3_11_one.csv,MEDIUM,58.5,32
1900-01-01 11:30:00,DOWN,7.0,11.0,4.0,6.0,28.0,AlankarChowk,a3,a3_11_one.csv,MEDIUM,40.5,27
1900-01-01 11:30:00,LEFT,35.0,47.0,2.0,8.0,92.0,AlankarChowk,a3,a3_11_one.csv,HIGH,87.5,40
1900-01-01 11:30:00,RIGHT,17.0,24.0,9.0,19.0,69.0,AlankarChowk,a3,a3_11_one.csv,MEDIUM,108.5,46
1900-01-01 11:30:00,UP,15.0,31.0,5.0,13.0,64.0,AlankarChowk,a3,a3_11_one.csv,MEDIUM,82.0,39
1900-01-01 11:35:00,DOWN,10.0,16.0,1.0,4.0,31.0,AlankarChowk,a3,a3_11_one.csv,MEDIUM,32.5,24
1900-01-01 11:35:00,LEFT,40.0,36.0,4.0,22.0,102.0,AlankarChowk,a3,a3_11_one.csv,HIGH,134.0,54
1900-01-01 11:35:00,RIGHT,26.0,25.0,8.0,13.0,72.0,AlankarChowk,a3,a3_11_one.csv,MEDIUM,97.5,43
1900-01-01 11:35:00,UP,16.0,21.0,4.0,9.0,50.0,AlankarChowk,a3,a3_11_one.csv,MEDIUM,63.5,33
1900-01-01 11:40:00,DOWN,10.0,16.0,4.0,13.0,43.0,AlankarChowk,a3,a3_11_one.csv,MEDIUM,67.0,34
1900-01-01 11:40:00,LEFT,49.0,33.0,2.0,20.0,104.0,AlankarChowk,a3,a3_11_one.csv,HIGH,130.5,53
1900-01-01 11:40:00,RIGHT,35.0,23.0,12.0,26.0,96.0,AlankarChowk,a3,a3_11_one.csv,HIGH,154.5,60
1900-01-01 11:40:00,UP,21.0,17.0,2.0,12.0,52.0,AlankarChowk,a3,a3_11_one.csv,MEDIUM,70.5,35
1900-01-01 11:45:00,DOWN,9.0,8.0,5.0,1.0,23.0,AlankarChowk,a3,a3_11_one.csv,MEDIUM,28.5,23
1900-01-01 11:45:00,LEFT,35.0,29.0,5.0,16.0,85.0,AlankarChowk,a3,a3_11_one.csv,HIGH,110.0,47
1900-01-01 11:45:00,RIGHT,23.0,25.0,14.0,9.0,71.0,AlankarChowk,a3,a3_11_one.csv,MEDIUM,97.5,43
1900-01-01 11:45:00,UP,19.0,25.0,6.0,7.0,57.0,AlankarChowk,a3,a3_11_one.csv,MEDIUM,67.5,35
1900-01-01 11:50:00,DOWN,8.0,13.0,4.0,11.0,36.0,AlankarChowk,a3,a3_11_one.csv,MEDIUM,57.5,32
1900-01-01 11:50:00,LEFT,40.0,46.0,2.0,19.0,107.0,AlankarChowk,a3,a3_11_one.csv,HIGH,125.0,51
1900-01-01 11:50:00,RIGHT,27.0,21.0,8.0,14.0,70.0,AlankarChowk,a3,a3_11_one.csv,MEDIUM,99.5,44
1900-01-01 11:50:00,UP,27.0,26.0,3.0,9.0,65.0,AlankarChowk,a3,a3_11_one.csv,MEDIUM,74.5,37
1900-01-01 11:55:00,DOWN,13.0,18.0,4.0,7.0,42.0,AlankarChowk,a3,a3_11_one.csv,MEDIUM,53.0,30
1900-01-01 11:55:00,LEFT,36.0,43.0,3.0,24.0,106.0,AlankarChowk,a3,a3_11_one.csv,HIGH,137.0,55
1900-01-01 11:55:00,RIGHT,27.0,20.0,9.0,17.0,73.0,AlankarChowk,a3,a3_11_one.csv,MEDIUM,110.5,47
1900-01-01 11:55:00,UP,14.0,29.0,3.0,16.0,62.0,AlankarChowk,a3,a3_11_one.csv,MEDIUM,84.0,39
1900-01-01 12:00:00,DOWN,3.0,1.0,2.0,4.0,10.0,AlankarChowk,a3,a3_11_one.csv,MEDIUM,20.5,21
1900-01-01 12:00:00,LEFT,4.0,11.0,1.0,0.0,16.0,AlankarChowk,a3,a3_11_one.csv,MEDIUM,12.0,18
1900-01-01 12:00:00,RIGHT,3.0,9.0,2.0,6.0,20.0,AlankarChowk,a3,a3_11_one.csv,MEDIUM,30.5,24
1900-01-01 12:00:00,UP,1.0,2.0,0.0,1.0,4.0,AlankarChowk,a3,a3_11_one.csv,LOW,5.0,16
1900-01-01 11:25:00,DOWN,96.0,45.0,6.0,9.0,156.0,AlankarChowk,a3,a3_18_one.csv,VERY_HIGH,160.5,60
1900-01-01 11:25:00,LEFT,53.0,23.0,4.0,9.0,89.0,AlankarChowk,a3,a3_18_one.csv,HIGH,101.5,44
1900-01-01 11:25:00,RIGHT,18.0,24.0,2.0,18.0,62.0,AlankarChowk,a3,a3_18_one.csv,MEDIUM,89.0,41
1900-01-01 11:25:00,UP,479.0,3.0,0.0,1.0,483.0,AlankarChowk,a3,a3_18_one.csv,VERY_HIGH,483.5,60
1900-01-01 11:30:00,DOWN,53.0,22.0,12.0,6.0,93.0,AlankarChowk,a3,a3_18_one.csv,HIGH,112.0,47
1900-01-01 11:30:00,LEFT,35.0,47.0,4.0,7.0,93.0,AlankarChowk,a3,a3_18_one.csv,HIGH,89.5,41
1900-01-01 11:30:00,RIGHT,17.0,32.0,8.0,20.0,77.0,AlankarChowk,a3,a3_18_one.csv,HIGH,113.0,48
1900-01-01 11:30:00,UP,53.0,2.0,3.0,0.0,58.0,AlankarChowk,a3,a3_18_one.csv,MEDIUM,61.5,33
1900-01-01 11:35:00,DOWN,82.0,33.0,17.0,12.0,144.0,AlankarChowk,a3,a3_18_one.csv,HIGH,177.0,60
1900-01-01 11:35:00,LEFT,42.0,38.0,5.0,7.0,92.0,AlankarChowk,a3,a3_18_one.csv,HIGH,94.5,42
1900-01-01 11:35:00,RIGHT,133.0,25.0,6.0,15.0,179.0,AlankarChowk,a3,a3_18_one.csv,VERY_HIGH,205.5,60
1900-01-01 11:35:00,UP,107.0,2.0,2.0,0.0,111.0,AlankarChowk,a3,a3_18_one.csv,HIGH,113.0,48
1900-01-01 11:40:00,DOWN,38.0,22.0,13.0,11.0,84.0,AlankarChowk,a3,a3_18_one.csv,HIGH,114.5,48
1900-01-01 11:40:00,LEFT,50.0,42.0,2.0,10.0,104.0,AlankarChowk,a3,a3_18_one.csv,HIGH,106.0,46
1900-01-01 11:40:00,RIGHT,19.0,19.0,13.0,19.0,70.0,AlankarChowk,a3,a3_18_one.csv,MEDIUM,118.0,49
1900-01-01 11:40:00,UP,37.0,1.0,0.0,1.0,39.0,AlankarChowk,a3,a3_18_one.csv,MEDIUM,40.5,27
1900-01-01 11:45:00,DOWN,37.0,44.0,11.0,8.0,100.0,AlankarChowk,a3,a3_18_one.csv,HIGH,110.5,47
1900-01-01 11:45:00,LEFT,39.0,51.0,2.0,12.0,104.0,AlankarChowk,a3,a3_18_one.csv,HIGH,105.5,46
1900-01-01 11:45:00,RIGHT,10.0,20.0,6.0,5.0,41.0,AlankarChowk,a3,a3_18_one.csv,MEDIUM,50.0,29
1900-01-01 11:45:00,UP,26.0,7.0,2.0,3.0,38.0,AlankarChowk,a3,a3_18_one.csv,MEDIUM,43.5,28
1900-01-01 11:50:00,DOWN,36.0,20.0,17.0,12.0,85.0,AlankarChowk,a3,a3_18_one.csv,HIGH,124.5,51
1900-01-01 11:50:00,LEFT,49.0,48.0,8.0,5.0,110.0,AlankarChowk,a3,a3_18_one.csv,HIGH,108.0,46
1900-01-01 11:50:00,RIGHT,21.0,31.0,4.0,14.0,70.0,AlankarChowk,a3,a3_18_one.csv,MEDIUM,88.5,41
1900-01-01 11:50:00,UP,23.0,4.0,2.0,0.0,29.0,AlankarChowk,a3,a3_18_one.csv,MEDIUM,30.0,24
1900-01-01 11:55:00,DOWN,14.0,15.0,3.0,4.0,36.0,AlankarChowk,a3,a3_18_one.csv,MEDIUM,41.0,27
1900-01-01 11:55:00,LEFT,29.0,34.0,1.0,5.0,69.0,AlankarChowk,a3,a3_18_one.csv,MEDIUM,63.5,33
1900-01-01 11:55:00,RIGHT,15.0,26.0,2.0,9.0,52.0,AlankarChowk,a3,a3_18_one.csv,MEDIUM,60.0,32
1900-01-01 11:55:00,UP,54.0,3.0,0.0,0.0,57.0,AlankarChowk,a3,a3_18_one.csv,MEDIUM,55.5,31
1900-01-01 11:25:00,DOWN,35.0,23.0,11.0,8.0,77.0,AlankarChowk,a3,a3_13_one.csv,HIGH,98.0,43
1900-01-01 11:25:00,LEFT,29.0,23.0,4.0,7.0,63.0,AlankarChowk,a3,a3_13_one.csv,MEDIUM,71.5,36
1900-01-01 11:25:00,RIGHT,25.0,15.0,6.0,18.0,64.0,AlankarChowk,a3,a3_13_one.csv,MEDIUM,101.5,44
1900-01-01 11:25:00,UP,58.0,7.0,1.0,0.0,66.0,AlankarChowk,a3,a3_13_one.csv,MEDIUM,64.0,34
1900-01-01 11:30:00,DOWN,51.0,19.0,10.0,4.0,84.0,AlankarChowk,a3,a3_13_one.csv,HIGH,97.5,43
1900-01-01 11:30:00,LEFT,64.0,29.0,4.0,6.0,103.0,AlankarChowk,a3,a3_13_one.csv,HIGH,106.5,46
1900-01-01 11:30:00,RIGHT,31.0,24.0,7.0,18.0,80.0,AlankarChowk,a3,a3_13_one.csv,HIGH,114.5,48
1900-01-01 11:30:00,UP,193.0,10.0,0.0,0.0,203.0,AlankarChowk,a3,a3_13_one.csv,VERY_HIGH,198.0,60
1900-01-01 11:35:00,DOWN,76.0,19.0,31.0,6.0,132.0,AlankarChowk,a3,a3_13_one.csv,HIGH,181.0,60
1900-01-01 11:35:00,LEFT,50.0,32.0,11.0,9.0,102.0,AlankarChowk,a3,a3_13_one.csv,HIGH,120.5,50
1900-01-01 11:35:00,RIGHT,29.0,22.0,5.0,22.0,78.0,AlankarChowk,a3,a3_13_one.csv,HIGH,118.5,49
1900-01-01 11:35:00,UP,67.0,3.0,11.0,1.0,82.0,AlankarChowk,a3,a3_13_one.csv,HIGH,99.0,44
1900-01-01 11:40:00,DOWN,69.0,14.0,22.0,11.0,116.0,AlankarChowk,a3,a3_13_one.csv,HIGH,164.0,60
1900-01-01 11:40:00,LEFT,48.0,32.0,4.0,9.0,93.0,AlankarChowk,a3,a3_13_one.csv,HIGH,101.0,44
1900-01-01 11:40:00,RIGHT,22.0,21.0,10.0,13.0,66.0,AlankarChowk,a3,a3_13_one.csv,MEDIUM,96.5,43
1900-01-01 11:40:00,UP,81.0,0.0,6.0,2.0,89.0,AlankarChowk,a3,a3_13_one.csv,HIGH,102.0,45
1900-01-01 11:45:00,DOWN,53.0,15.0,7.0,17.0,92.0,AlankarChowk,a3,a3_13_one.csv,HIGH,129.0,52
1900-01-01 11:45:00,LEFT,47.0,26.0,6.0,11.0,90.0,AlankarChowk,a3,a3_13_one.csv,HIGH,108.0,46
1900-01-01 11:45:00,RIGHT,35.0,24.0,4.0,21.0,84.0,AlankarChowk,a3,a3_13_one.csv,HIGH,120.0,50
1900-01-01 11:45:00,UP,64.0,2.0,2.0,6.0,74.0,AlankarChowk,a3,a3_13_one.csv,MEDIUM,88.0,40
1900-01-01 11:50:00,DOWN,77.0,27.0,14.0,3.0,121.0,AlankarChowk,a3,a3_13_one.csv,HIGH,134.5,54
1900-01-01 11:50:00,LEFT,54.0,25.0,5.0,11.0,95.0,AlankarChowk,a3,a3_13_one.csv,HIGH,112.0,47
1900-01-01 11:50:00,RIGHT,28.0,10.0,9.0,16.0,63.0,AlankarChowk,a3,a3_13_one.csv,MEDIUM,103.5,45
1900-01-01 11:50:00,UP,366.0,4.0,2.0,10.0,382.0,AlankarChowk,a3,a3_13_one.csv,VERY_HIGH,403.0,60
1900-01-01 11:55:00,DOWN,28.0,7.0,10.0,3.0,48.0,AlankarChowk,a3,a3_13_one.csv,MEDIUM,65.5,34
1900-01-01 11:55:00,LEFT,30.0,14.0,7.0,2.0,53.0,AlankarChowk,a3,a3_13_one.csv,MEDIUM,60.5,33
1900-01-01 11:55:00,RIGHT,17.0,6.0,5.0,3.0,31.0,AlankarChowk,a3,a3_13_one.csv,MEDIUM,41.5,27
1900-01-01 11:55:00,UP,40.0,0.0,0.0,0.0,40.0,AlankarChowk,a3,a3_13_one.csv,MEDIUM,40.0,27
1900-01-01 11:25:00,DOWN,105.0,30.0,4.0,2.0,141.0,AlankarChowk,a3,a3_12_one.csv,HIGH,136.0,54
1900-01-01 11:25:00,LEFT,39.0,56.0,0.0,6.0,101.0,AlankarChowk,a3,a3_12_one.csv,HIGH,85.0,40
1900-01-01 11:25:00,RIGHT,15.0,19.0,1.0,3.0,38.0,AlankarChowk,a3,a3_12_one.csv,MEDIUM,36.0,25
1900-01-01 11:25:00,UP,96.0,25.0,1.0,0.0,122.0,AlankarChowk,a3,a3_12_one.csv,HIGH,111.0,47
1900-01-01 11:30:00,DOWN,34.0,16.0,18.0,5.0,73.0,AlankarChowk,a3,a3_12_one.csv,MEDIUM,102.0,45
1900-01-01 11:30:00,LEFT,45.0,67.0,7.0,9.0,128.0,AlankarChowk,a3,a3_12_one.csv,HIGH,123.0,51
1900-01-01 11:30:00,RIGHT,28.0,32.0,4.0,10.0,74.0,AlankarChowk,a3,a3_12_one.csv,MEDIUM,84.0,39
1900-01-01 11:30:00,UP,230.0,4.0,1.0,0.0,235.0,AlankarChowk,a3,a3_12_one.csv,VERY_HIGH,234.5,60
1900-01-01 11:35:00,DOWN,127.0,11.0,15.0,4.0,157.0,AlankarChowk,a3,a3_12_one.csv,VERY_HIGH,182.0,60
1900-01-01 11:35:00,LEFT,64.0,60.0,3.0,4.0,131.0,AlankarChowk,a3,a3_12_one.csv,HIGH,113.5,48
1900-01-01 11:35:00,RIGHT,31.0,33.0,6.0,10.0,80.0,AlankarChowk,a3,a3_12_one.csv,HIGH,92.5,42
1900-01-01 11:35:00,UP,620.0,2.0,5.0,0.0,627.0,AlankarChowk,a3,a3_12_one.csv,VERY_HIGH,633.5,60
1900-01-01 11:40:00,DOWN,62.0,31.0,23.0,2.0,118.0,AlankarChowk,a3,a3_12_one.csv,HIGH,141.0,56
1900-01-01 11:40:00,LEFT,54.0,67.0,4.0,7.0,132.0,AlankarChowk,a3,a3_12_one.csv,HIGH,118.5,49
1900-01-01 11:40:00,RIGHT,27.0,32.0,9.0,6.0,74.0,AlankarChowk,a3,a3_12_one.csv,MEDIUM,83.5,39
1900-01-01 11:40:00,UP,103.0,24.0,4.0,1.0,132.0,AlankarChowk,a3,a3_12_one.csv,HIGH,128.0,52
1900-01-01 11:45:00,DOWN,30.0,14.0,15.0,9.0,68.0,AlankarChowk,a3,a3_12_one.csv,MEDIUM,101.5,44
1900-01-01 11:45:00,LEFT,52.0,65.0,2.0,6.0,125.0,AlankarChowk,a3,a3_12_one.csv,HIGH,107.5,46
1900-01-01 11:45:00,RIGHT,25.0,25.0,8.0,6.0,64.0,AlankarChowk,a3,a3_12_one.csv,MEDIUM,75.5,37
1900-01-01 11:45:00,UP,56.0,1.0,4.0,0.0,61.0,AlankarChowk,a3,a3_12_one.csv,MEDIUM,66.5,34
1900-01-01 11:50:00,DOWN,63.0,27.0,14.0,3.0,107.0,AlankarChowk,a3,a3_12_one.csv,HIGH,120.5,50
1900-01-01 11:50:00,LEFT,53.0,46.0,2.0,7.0,108.0,AlankarChowk,a3,a3_12_one.csv,HIGH,102.0,45
1900-01-01 11:50:00,RIGHT,28.0,28.0,4.0,6.0,66.0,AlankarChowk,a3,a3_12_one.csv,MEDIUM,70.0,35
1900-01-01 11:50:00,UP,84.0,17.0,1.0,0.0,102.0,AlankarChowk,a3,a3_12_one.csv,HIGH,95.0,42
1900-01-01 11:55:00,DOWN,50.0,54.0,7.0,4.0,115.0,AlankarChowk,a3,a3_12_one.csv,HIGH,106.5,46
1900-01-01 11:55:00,LEFT,28.0,49.0,1.0,4.0,82.0,AlankarChowk,a3,a3_12_one.csv,HIGH,67.0,34
1900-01-01 11:55:00,RIGHT,12.0,19.0,6.0,4.0,41.0,AlankarChowk,a3,a3_12_one.csv,MEDIUM,48.5,29
1900-01-01 11:55:00,UP,45.0,21.0,0.0,0.0,66.0,AlankarChowk,a3,a3_12_one.csv,MEDIUM,55.5,31
1900-01-01 11:25:00,DOWN,4.0,4.0,6.0,0.0,14.0,AlankarChowk,a2,a2_11_one.csv,MEDIUM,21.0,21
1900-01-01 11:25:00,LEFT,9.0,3.0,0.0,2.0,14.0,AlankarChowk,a2,a2_11_one.csv,MEDIUM,16.5,20
1900-01-01 11:25:00,RIGHT,3.0,3.0,0.0,5.0,11.0,AlankarChowk,a2,a2_11_one.csv,MEDIUM,19.5,21
1900-01-01 11:25:00,UP,0.0,1.0,0.0,0.0,1.0,AlankarChowk,a2,a2_11_one.csv,LOW,0.5,15
1900-01-01 11:30:00,DOWN,1.0,11.0,3.0,1.0,16.0,AlankarChowk,a2,a2_11_one.csv,MEDIUM,17.0,20
1900-01-01 11:30:00,LEFT,11.0,4.0,0.0,1.0,16.0,AlankarChowk,a2,a2_11_one.csv,MEDIUM,16.0,20
1900-01-01 11:30:00,RIGHT,7.0,48.0,0.0,2.0,57.0,AlankarChowk,a2,a2_11_one.csv,MEDIUM,37.0,26
1900-01-01 11:30:00,UP,0.0,1.0,0.0,1.0,2.0,AlankarChowk,a2,a2_11_one.csv,LOW,3.5,16
1900-01-01 11:35:00,DOWN,1.0,10.0,3.0,4.0,18.0,AlankarChowk,a2,a2_11_one.csv,MEDIUM,25.5,22
1900-01-01 11:35:00,LEFT,13.0,7.0,0.0,1.0,21.0,AlankarChowk,a2,a2_11_one.csv,MEDIUM,19.5,21
1900-01-01 11:35:00,RIGHT,3.0,1.0,1.0,4.0,9.0,AlankarChowk,a2,a2_11_one.csv,MEDIUM,18.0,20
1900-01-01 11:35:00,UP,0.0,2.0,0.0,0.0,2.0,AlankarChowk,a2,a2_11_one.csv,LOW,1.0,15
1900-01-01 11:40:00,DOWN,2.0,10.0,2.0,1.0,15.0,AlankarChowk,a2,a2_11_one.csv,MEDIUM,15.0,19
1900-01-01 11:40:00,LEFT,15.0,6.0,0.0,1.0,22.0,AlankarChowk,a2,a2_11_one.csv,MEDIUM,21.0,21
1900-01-01 11:40:00,RIGHT,5.0,4.0,0.0,3.0,12.0,AlankarChowk,a2,a2_11_one.csv,MEDIUM,16.0,20
1900-01-01 11:40:00,UP,2.0,2.0,0.0,0.0,4.0,AlankarChowk,a2,a2_11_one.csv,LOW,3.0,16
1900-01-01 11:45:00,DOWN,5.0,7.0,7.0,0.0,19.0,AlankarChowk,a2,a2_11_one.csv,MEDIUM,26.0,23
1900-01-01 11:45:00,LEFT,17.0,6.0,0.0,0.0,23.0,AlankarChowk,a2,a2_11_one.csv,MEDIUM,20.0,21
1900-01-01 11:45:00,RIGHT,4.0,3.0,0.0,2.0,9.0,AlankarChowk,a2,a2_11_one.csv,MEDIUM,11.5,18
1900-01-01 11:45:00,UP,0.0,1.0,0.0,0.0,1.0,AlankarChowk,a2,a2_11_one.csv,LOW,0.5,15
1900-01-01 11:50:00,DOWN,1.0,12.0,2.0,2.0,17.0,AlankarChowk,a2,a2_11_one.csv,MEDIUM,18.0,20
1900-01-01 11:50:00,LEFT,22.0,10.0,1.0,2.0,35.0,AlankarChowk,a2,a2_11_one.csv,MEDIUM,35.5,25
1900-01-01 11:50:00,RIGHT,10.0,5.0,0.0,5.0,20.0,AlankarChowk,a2,a2_11_one.csv,MEDIUM,27.5,23
1900-01-01 11:50:00,UP,0.0,0.0,0.0,0.0,0.0,AlankarChowk,a2,a2_11_one.csv,LOW,0.0,15
1900-01-01 11:55:00,DOWN,1.0,11.0,3.0,1.0,16.0,AlankarChowk,a2,a2_11_one.csv,MEDIUM,17.0,20
1900-01-01 11:55:00,LEFT,12.0,7.0,0.0,3.0,22.0,AlankarChowk,a2,a2_11_one.csv,MEDIUM,24.5,22
1900-01-01 11:55:00,RIGHT,11.0,2.0,1.0,1.0,15.0,AlankarChowk,a2,a2_11_one.csv,MEDIUM,17.5,20
1900-01-01 11:55:00,UP,0.0,0.0,0.0,0.0,0.0,AlankarChowk,a2,a2_11_one.csv,LOW,0.0,15
1900-01-01 12:00:00,DOWN,0.0,2.0,1.0,0.0,3.0,AlankarChowk,a2,a2_11_one.csv,LOW,3.5,16
1900-01-01 12:00:00,LEFT,2.0,2.0,0.0,0.0,4.0,AlankarChowk,a2,a2_11_one.csv,LOW,3.0,16
1900-01-01 12:00:00,RIGHT,0.0,0.0,0.0,0.0,0.0,AlankarChowk,a2,a2_11_one.csv,LOW,0.0,15
1900-01-01 12:00:00,UP,0.0,0.0,0.0,0.0,0.0,AlankarChowk,a2,a2_11_one.csv,LOW,0.0,15
1900-01-01 08:55:00,DOWN,0.0,0.0,0.0,0.0,0.0,AlankarChowk,a2,a2_18.csv,LOW,0.0,15
1900-01-01 08:55:00,LEFT,0.0,0.0,0.0,0.0,0.0,AlankarChowk,a2,a2_18.csv,LOW,0.0,15
1900-01-01 08:55:00,RIGHT,0.0,0.0,0.0,0.0,0.0,AlankarChowk,a2,a2_18.csv,LOW,0.0,15
1900-01-01 08:55:00,UP,0.0,0.0,0.0,0.0,0.0,AlankarChowk,a2,a2_18.csv,LOW,0.0,15
1900-01-01 09:00:00,DOWN,0.0,0.0,0.0,0.0,0.0,AlankarChowk,a2,a2_18.csv,LOW,0.0,15
1900-01-01 09:00:00,LEFT,9.0,3.0,1.0,0.0,13.0,AlankarChowk,a2,a2_18.csv,MEDIUM,13.0,19
1900-01-01 09:00:00,RIGHT,0.0,4.0,0.0,0.0,4.0,AlankarChowk,a2,a2_18.csv,LOW,2.0,16
1900-01-01 09:00:00,UP,1.0,0.0,0.0,0.0,1.0,AlankarChowk,a2,a2_18.csv,LOW,1.0,15
1900-01-01 09:05:00,DOWN,0.0,0.0,0.0,0.0,0.0,AlankarChowk,a2,a2_18.csv,LOW,0.0,15
1900-01-01 09:05:00,LEFT,5.0,8.0,0.0,2.0,15.0,AlankarChowk,a2,a2_18.csv,MEDIUM,15.0,19
1900-01-01 09:05:00,RIGHT,2.0,3.0,1.0,0.0,6.0,AlankarChowk,a2,a2_18.csv,MEDIUM,6.0,17
1900-01-01 09:05:00,UP,0.0,0.0,0.0,0.0,0.0,AlankarChowk,a2,a2_18.csv,LOW,0.0,15
1900-01-01 09:10:00,DOWN,2.0,0.0,0.0,0.0,2.0,AlankarChowk,a2,a2_18.csv,LOW,2.0,16
1900-01-01 09:10:00,LEFT,3.0,2.0,0.0,0.0,5.0,AlankarChowk,a2,a2_18.csv,MEDIUM,4.0,16
1900-01-01 09:10:00,RIGHT,0.0,1.0,0.0,0.0,1.0,AlankarChowk,a2,a2_18.csv,LOW,0.5,15
1900-01-01 09:10:00,UP,1.0,0.0,0.0,0.0,1.0,AlankarChowk,a2,a2_18.csv,LOW,1.0,15
1900-01-01 09:15:00,DOWN,0.0,1.0,0.0,0.0,1.0,AlankarChowk,a2,a2_18.csv,LOW,0.5,15
1900-01-01 09:15:00,LEFT,5.0,7.0,0.0,0.0,12.0,AlankarChowk,a2,a2_18.csv,MEDIUM,8.5,17
1900-01-01 09:15:00,RIGHT,3.0,0.0,0.0,0.0,3.0,AlankarChowk,a2,a2_18.csv,LOW,3.0,16
1900-01-01 09:15:00,UP,0.0,1.0,0.0,0.0,1.0,AlankarChowk,a2,a2_18.csv,LOW,0.5,15
1900-01-01 09:20:00,DOWN,0.0,0.0,0.0,0.0,0.0,AlankarChowk,a2,a2_18.csv,LOW,0.0,15
1900-01-01 09:20:00,LEFT,5.0,0.0,1.0,0.0,6.0,AlankarChowk,a2,a2_18.csv,MEDIUM,7.5,17
1900-01-01 09:20:00,RIGHT,0.0,1.0,1.0,0.0,2.0,AlankarChowk,a2,a2_18.csv,LOW,3.0,16
1900-01-01 09:20:00,UP,0.0,0.0,0.0,0.0,0.0,AlankarChowk,a2,a2_18.csv,LOW,0.0,15
1900-01-01 09:25:00,DOWN,0.0,3.0,0.0,0.0,3.0,AlankarChowk,a2,a2_18.csv,LOW,1.5,15
1900-01-01 09:25:00,LEFT,13.0,5.0,0.0,1.0,19.0,AlankarChowk,a2,a2_18.csv,MEDIUM,18.5,20
1900-01-01 09:25:00,RIGHT,0.0,2.0,0.0,0.0,2.0,AlankarChowk,a2,a2_18.csv,LOW,1.0,15
1900-01-01 09:25:00,UP,0.0,0.0,0.0,0.0,0.0,AlankarChowk,a2,a2_18.csv,LOW,0.0,15
1900-01-01 09:30:00,DOWN,0.0,2.0,0.0,0.0,2.0,AlankarChowk,a2,a2_18.csv,LOW,1.0,15
1900-01-01 09:30:00,LEFT,11.0,7.0,0.0,0.0,18.0,AlankarChowk,a2,a2_18.csv,MEDIUM,14.5,19
1900-01-01 09:30:00,RIGHT,2.0,1.0,1.0,0.0,4.0,AlankarChowk,a2,a2_18.csv,LOW,5.0,16
1900-01-01 09:30:00,UP,2.0,1.0,0.0,0.0,3.0,AlankarChowk,a2,a2_18.csv,LOW,2.5,16
1900-01-01 09:35:00,DOWN,0.0,1.0,0.0,0.0,1.0,AlankarChowk,a2,a2_18.csv,LOW,0.5,15
1900-01-01 09:35:00,LEFT,8.0,4.0,0.0,0.0,12.0,AlankarChowk,a2,a2_18.csv,MEDIUM,10.0,18
1900-01-01 09:35:00,RIGHT,2.0,2.0,0.0,0.0,4.0,AlankarChowk,a2,a2_18.csv,LOW,3.0,16
1900-01-01 09:35:00,UP,0.0,3.0,0.0,0.0,3.0,AlankarChowk,a2,a2_18.csv,LOW,1.5,15
1900-01-01 09:40:00,DOWN,0.0,1.0,0.0,0.0,1.0,AlankarChowk,a2,a2_18.csv,LOW,0.5,15
1900-01-01 09:40:00,LEFT,4.0,2.0,0.0,0.0,6.0,AlankarChowk,a2,a2_18.csv,MEDIUM,5.0,16
1900-01-01 09:40:00,RIGHT,2.0,0.0,0.0,1.0,3.0,AlankarChowk,a2,a2_18.csv,LOW,5.0,16
1900-01-01 09:40:00,UP,0.0,1.0,0.0,0.0,1.0,AlankarChowk,a2,a2_18.csv,LOW,0.5,15
1900-01-01 09:45:00,DOWN,0.0,2.0,0.0,0.0,2.0,AlankarChowk,a2,a2_18.csv,LOW,1.0,15
1900-01-01 09:45:00,LEFT,9.0,6.0,0.0,0.0,15.0,AlankarChowk,a2,a2_18.csv,MEDIUM,12.0,18
1900-01-01 09:45:00,RIGHT,2.0,3.0,0.0,0.0,5.0,AlankarChowk,a2,a2_18.csv,MEDIUM,3.5,16
1900-01-01 09:45:00,UP,2.0,2.0,0.0,0.0,4.0,AlankarChowk,a2,a2_18.csv,LOW,3.0,16
1900-01-01 09:50:00,DOWN,0.0,2.0,0.0,0.0,2.0,AlankarChowk,a2,a2_18.csv,LOW,1.0,15
1900-01-01 09:50:00,LEFT,9.0,8.0,0.0,0.0,17.0,AlankarChowk,a2,a2_18.csv,MEDIUM,13.0,19
1900-01-01 09:50:00,RIGHT,1.0,1.0,0.0,0.0,2.0,AlankarChowk,a2,a2_18.csv,LOW,1.5,15
1900-01-01 09:50:00,UP,0.0,1.0,0.0,0.0,1.0,AlankarChowk,a2,a2_18.csv,LOW,0.5,15
1900-01-01 09:55:00,DOWN,0.0,0.0,0.0,0.0,0.0,AlankarChowk,a2,a2_18.csv,LOW,0.0,15
1900-01-01 09:55:00,LEFT,4.0,1.0,0.0,0.0,5.0,AlankarChowk,a2,a2_18.csv,MEDIUM,4.5,16
1900-01-01 09:55:00,RIGHT,0.0,3.0,0.0,0.0,3.0,AlankarChowk,a2,a2_18.csv,LOW,1.5,15
1900-01-01 09:55:00,UP,0.0,1.0,0.0,0.0,1.0,AlankarChowk,a2,a2_18.csv,LOW,0.5,15
1900-01-01 10:00:00,DOWN,0.0,1.0,0.0,0.0,1.0,AlankarChowk,a2,a2_18.csv,LOW,0.5,15
1900-01-01 10:00:00,LEFT,9.0,9.0,0.0,1.0,19.0,AlankarChowk,a2,a2_18.csv,MEDIUM,16.5,20
1900-01-01 10:00:00,RIGHT,4.0,1.0,0.0,0.0,5.0,AlankarChowk,a2,a2_18.csv,MEDIUM,4.5,16
1900-01-01 10:00:00,UP,2.0,0.0,0.0,0.0,2.0,AlankarChowk,a2,a2_18.csv,LOW,2.0,16
1900-01-01 10:05:00,DOWN,0.0,2.0,0.0,0.0,2.0,AlankarChowk,a2,a2_18.csv,LOW,1.0,15
1900-01-01 10:05:00,LEFT,14.0,1.0,0.0,0.0,15.0,AlankarChowk,a2,a2_18.csv,MEDIUM,14.5,19
1900-01-01 10:05:00,RIGHT,2.0,1.0,1.0,0.0,4.0,AlankarChowk,a2,a2_18.csv,LOW,5.0,16
1900-01-01 10:05:00,UP,0.0,3.0,0.0,0.0,3.0,AlankarChowk,a2,a2_18.csv,LOW,1.5,15
1900-01-01 10:10:00,DOWN,0.0,1.0,0.0,0.0,1.0,AlankarChowk,a2,a2_18.csv,LOW,0.5,15
1900-01-01 10:10:00,LEFT,11.0,8.0,0.0,1.0,20.0,AlankarChowk,a2,a2_18.csv,MEDIUM,18.0,20
1900-01-01 10:10:00,RIGHT,0.0,1.0,0.0,0.0,1.0,AlankarChowk,a2,a2_18.csv,LOW,0.5,15
1900-01-01 10:10:00,UP,3.0,0.0,0.0,0.0,3.0,AlankarChowk,a2,a2_18.csv,LOW,3.0,16
1900-01-01 10:15:00,DOWN,0.0,0.0,0.0,0.0,0.0,AlankarChowk,a2,a2_18.csv,LOW,0.0,15
1900-01-01 10:15:00,LEFT,11.0,3.0,0.0,0.0,14.0,AlankarChowk,a2,a2_18.csv,MEDIUM,12.5,19
1900-01-01 10:15:00,RIGHT,3.0,1.0,0.0,0.0,4.0,AlankarChowk,a2,a2_18.csv,LOW,3.5,16
1900-01-01 10:15:00,UP,0.0,1.0,0.0,0.0,1.0,AlankarChowk,a2,a2_18.csv,LOW,0.5,15
1900-01-01 10:20:00,DOWN,0.0,2.0,0.0,0.0,2.0,AlankarChowk,a2,a2_18.csv,LOW,1.0,15
1900-01-01 10:20:00,LEFT,2.0,5.0,0.0,1.0,8.0,AlankarChowk,a2,a2_18.csv,MEDIUM,7.5,17
1900-01-01 10:20:00,RIGHT,1.0,2.0,0.0,0.0,3.0,AlankarChowk,a2,a2_18.csv,LOW,2.0,16
1900-01-01 10:20:00,UP,0.0,0.0,0.0,0.0,0.0,AlankarChowk,a2,a2_18.csv,LOW,0.0,15
1900-01-01 10:25:00,DOWN,0.0,1.0,0.0,0.0,1.0,AlankarChowk,a2,a2_18.csv,LOW,0.5,15
1900-01-01 10:25:00,LEFT,8.0,2.0,1.0,1.0,12.0,AlankarChowk,a2,a2_18.csv,MEDIUM,14.5,19
1900-01-01 10:25:00,RIGHT,3.0,1.0,0.0,0.0,4.0,AlankarChowk,a2,a2_18.csv,LOW,3.5,16
1900-01-01 10:25:00,UP,2.0,0.0,0.0,0.0,2.0,AlankarChowk,a2,a2_18.csv,LOW,2.0,16
1900-01-01 10:30:00,DOWN,1.0,3.0,0.0,0.0,4.0,AlankarChowk,a2,a2_18.csv,LOW,2.5,16
1900-01-01 10:30:00,LEFT,6.0,6.0,0.0,0.0,12.0,AlankarChowk,a2,a2_18.csv,MEDIUM,9.0,18
1900-01-01 10:30:00,RIGHT,2.0,0.0,0.0,0.0,2.0,AlankarChowk,a2,a2_18.csv,LOW,2.0,16
1900-01-01 10:30:00,UP,1.0,0.0,0.0,0.0,1.0,AlankarChowk,a2,a2_18.csv,LOW,1.0,15
1900-01-01 10:35:00,DOWN,0.0,6.0,0.0,0.0,6.0,AlankarChowk,a2,a2_18.csv,MEDIUM,3.0,16
1900-01-01 10:35:00,LEFT,3.0,1.0,0.0,1.0,5.0,AlankarChowk,a2,a2_18.csv,MEDIUM,6.5,17
1900-01-01 10:35:00,RIGHT,1.0,2.0,0.0,1.0,4.0,AlankarChowk,a2,a2_18.csv,LOW,5.0,16
1900-01-01 10:35:00,UP,0.0,1.0,0.0,0.0,1.0,AlankarChowk,a2,a2_18.csv,LOW,0.5,15
1900-01-01 10:40:00,DOWN,0.0,3.0,0.0,0.0,3.0,AlankarChowk,a2,a2_18.csv,LOW,1.5,15
1900-01-01 10:40:00,LEFT,11.0,6.0,0.0,0.0,17.0,AlankarChowk,a2,a2_18.csv,MEDIUM,14.0,19
1900-01-01 10:40:00,RIGHT,0.0,11.0,0.0,0.0,11.0,AlankarChowk,a2,a2_18.csv,MEDIUM,5.5,17
1900-01-01 10:40:00,UP,0.0,0.0,0.0,0.0,0.0,AlankarChowk,a2,a2_18.csv,LOW,0.0,15
1900-01-01 10:45:00,DOWN,0.0,2.0,0.0,0.0,2.0,AlankarChowk,a2,a2_18.csv,LOW,1.0,15
1900-01-01 10:45:00,LEFT,14.0,8.0,1.0,0.0,23.0,AlankarChowk,a2,a2_18.csv,MEDIUM,20.5,21
1900-01-01 10:45:00,RIGHT,2.0,6.0,0.0,0.0,8.0,AlankarChowk,a2,a2_18.csv,MEDIUM,5.0,16
1900-01-01 10:45:00,UP,1.0,2.0,0.0,0.0,3.0,AlankarChowk,a2,a2_18.csv,LOW,2.0,16
1900-01-01 10:50:00,DOWN,1.0,2.0,0.0,0.0,3.0,AlankarChowk,a2,a2_18.csv,LOW,2.0,16
1900-01-01 10:50:00,LEFT,10.0,9.0,0.0,0.0,19.0,AlankarChowk,a2,a2_18.csv,MEDIUM,14.5,19
1900-01-01 10:50:00,RIGHT,1.0,3.0,0.0,1.0,5.0,AlankarChowk,a2,a2_18.csv,MEDIUM,5.5,17
1900-01-01 10:50:00,UP,2.0,1.0,0.0,0.0,3.0,AlankarChowk,a2,a2_18.csv,LOW,2.5,16
1900-01-01 10:55:00,DOWN,0.0,0.0,0.0,0.0,0.0,AlankarChowk,a2,a2_18.csv,LOW,0.0,15
1900-01-01 10:55:00,LEFT,10.0,5.0,0.0,0.0,15.0,AlankarChowk,a2,a2_18.csv,MEDIUM,12.5,19
1900-01-01 10:55:00,RIGHT,0.0,2.0,1.0,0.0,3.0,AlankarChowk,a2,a2_18.csv,LOW,3.5,16
1900-01-01 10:55:00,UP,0.0,1.0,0.0,0.0,1.0,AlankarChowk,a2,a2_18.csv,LOW,0.5,15
1900-01-01 11:00:00,DOWN,2.0,0.0,0.0,0.0,2.0,AlankarChowk,a2,a2_18.csv,LOW,2.0,16
1900-01-01 11:00:00,LEFT,15.0,8.0,0.0,3.0,26.0,AlankarChowk,a2,a2_18.csv,MEDIUM,28.0,23
1900-01-01 11:00:00,RIGHT,1.0,6.0,1.0,0.0,8.0,AlankarChowk,a2,a2_18.csv,MEDIUM,6.5,17
1900-01-01 11:00:00,UP,0.0,4.0,0.0,0.0,4.0,AlankarChowk,a2,a2_18.csv,LOW,2.0,16
1900-01-01 11:05:00,DOWN,0.0,1.0,0.0,0.0,1.0,AlankarChowk,a2,a2_18.csv,LOW,0.5,15
1900-01-01 11:05:00,LEFT,12.0,4.0,0.0,2.0,18.0,AlankarChowk,a2,a2_18.csv,MEDIUM,20.0,21
1900-01-01 11:05:00,RIGHT,7.0,3.0,0.0,0.0,10.0,AlankarChowk,a2,a2_18.csv,MEDIUM,8.5,17
1900-01-01 11:05:00,UP,0.0,0.0,0.0,0.0,0.0,AlankarChowk,a2,a2_18.csv,LOW,0.0,15
1900-01-01 11:10:00,DOWN,0.0,1.0,0.0,0.0,1.0,AlankarChowk,a2,a2_18.csv,LOW,0.5,15
1900-01-01 11:10:00,LEFT,16.0,3.0,0.0,2.0,21.0,AlankarChowk,a2,a2_18.csv,MEDIUM,23.5,22
1900-01-01 11:10:00,RIGHT,2.0,8.0,0.0,0.0,10.0,AlankarChowk,a2,a2_18.csv,MEDIUM,6.0,17
1900-01-01 11:10:00,UP,0.0,1.0,0.0,0.0,1.0,AlankarChowk,a2,a2_18.csv,LOW,0.5,15
1900-01-01 11:15:00,DOWN,1.0,2.0,0.0,0.0,3.0,AlankarChowk,a2,a2_18.csv,LOW,2.0,16
1900-01-01 11:15:00,LEFT,9.0,4.0,0.0,1.0,14.0,AlankarChowk,a2,a2_18.csv,MEDIUM,14.0,19
1900-01-01 11:15:00,RIGHT,4.0,34.0,0.0,0.0,38.0,AlankarChowk,a2,a2_18.csv,MEDIUM,21.0,21
1900-01-01 11:15:00,UP,0.0,1.0,0.0,0.0,1.0,AlankarChowk,a2,a2_18.csv,LOW,0.5,15
1900-01-01 11:20:00,DOWN,1.0,3.0,0.0,0.0,4.0,AlankarChowk,a2,a2_18.csv,LOW,2.5,16
1900-01-01 11:20:00,LEFT,13.0,6.0,1.0,0.0,20.0,AlankarChowk,a2,a2_18.csv,MEDIUM,18.5,20
1900-01-01 11:20:00,RIGHT,5.0,2.0,0.0,0.0,7.0,AlankarChowk,a2,a2_18.csv,MEDIUM,6.0,17
1900-01-01 11:20:00,UP,0.0,0.0,0.0,0.0,0.0,AlankarChowk,a2,a2_18.csv,LOW,0.0,15
1900-01-01 11:25:00,DOWN,0.0,1.0,0.0,0.0,1.0,AlankarChowk,a2,a2_18.csv,LOW,0.5,15
1900-01-01 11:25:00,LEFT,2.0,0.0,0.0,0.0,2.0,AlankarChowk,a2,a2_18.csv,LOW,2.0,16
1900-01-01 11:25:00,RIGHT,0.0,0.0,0.0,0.0,0.0,AlankarChowk,a2,a2_18.csv,LOW,0.0,15
1900-01-01 11:25:00,UP,0.0,0.0,0.0,0.0,0.0,AlankarChowk,a2,a2_18.csv,LOW,0.0,15
1900-01-01 11:25:00,DOWN,1.0,2.0,0.0,0.0,3.0,AlankarChowk,a2,a2_18_one.csv,LOW,2.0,16
1900-01-01 11:25:00,LEFT,14.0,8.0,0.0,1.0,23.0,AlankarChowk,a2,a2_18_one.csv,MEDIUM,21.0,21
1900-01-01 11:25:00,RIGHT,1.0,2.0,0.0,0.0,3.0,AlankarChowk,a2,a2_18_one.csv,LOW,2.0,16
1900-01-01 11:25:00,UP,2.0,1.0,0.0,0.0,3.0,AlankarChowk,a2,a2_18_one.csv,LOW,2.5,16
1900-01-01 11:30:00,DOWN,0.0,1.0,0.0,0.0,1.0,AlankarChowk,a2,a2_18_one.csv,LOW,0.5,15
1900-01-01 11:30:00,LEFT,12.0,11.0,0.0,0.0,23.0,AlankarChowk,a2,a2_18_one.csv,MEDIUM,17.5,20
1900-01-01 11:30:00,RIGHT,1.0,8.0,0.0,0.0,9.0,AlankarChowk,a2,a2_18_one.csv,MEDIUM,5.0,16
1900-01-01 11:30:00,UP,1.0,2.0,0.0,0.0,3.0,AlankarChowk,a2,a2_18_one.csv,LOW,2.0,16
1900-01-01 11:35:00,DOWN,0.0,0.0,0.0,0.0,0.0,AlankarChowk,a2,a2_18_one.csv,LOW,0.0,15
1900-01-01 11:35:00,LEFT,14.0,7.0,0.0,1.0,22.0,AlankarChowk,a2,a2_18_one.csv,MEDIUM,20.5,21
1900-01-01 11:35:00,RIGHT,2.0,2.0,1.0,0.0,5.0,AlankarChowk,a2,a2_18_one.csv,MEDIUM,5.5,17
1900-01-01 11:35:00,UP,1.0,3.0,0.0,0.0,4.0,AlankarChowk,a2,a2_18_one.csv,LOW,2.5,16
1900-01-01 11:40:00,DOWN,0.0,3.0,0.0,0.0,3.0,AlankarChowk,a2,a2_18_one.csv,LOW,1.5,15
1900-01-01 11:40:00,LEFT,18.0,8.0,0.0,0.0,26.0,AlankarChowk,a2,a2_18_one.csv,MEDIUM,22.0,21
1900-01-01 11:40:00,RIGHT,0.0,1.0,1.0,1.0,3.0,AlankarChowk,a2,a2_18_one.csv,LOW,6.0,17
1900-01-01 11:40:00,UP,0.0,1.0,0.0,0.0,1.0,AlankarChowk,a2,a2_18_one.csv,LOW,0.5,15
1900-01-01 11:45:00,DOWN,0.0,1.0,0.0,0.0,1.0,AlankarChowk,a2,a2_18_one.csv,LOW,0.5,15
1900-01-01 11:45:00,LEFT,10.0,2.0,0.0,0.0,12.0,AlankarChowk,a2,a2_18_one.csv,MEDIUM,11.0,18
1900-01-01 11:45:00,RIGHT,0.0,0.0,0.0,0.0,0.0,AlankarChowk,a2,a2_18_one.csv,LOW,0.0,15
1900-01-01 11:45:00,UP,0.0,1.0,0.0,0.0,1.0,AlankarChowk,a2,a2_18_one.csv,LOW,0.5,15
1900-01-01 11:50:00,DOWN,0.0,4.0,0.0,0.0,4.0,AlankarChowk,a2,a2_18_one.csv,LOW,2.0,16
1900-01-01 11:50:00,LEFT,9.0,4.0,0.0,2.0,15.0,AlankarChowk,a2,a2_18_one.csv,MEDIUM,17.0,20
1900-01-01 11:50:00,RIGHT,1.0,0.0,0.0,0.0,1.0,AlankarChowk,a2,a2_18_one.csv,LOW,1.0,15
1900-01-01 11:50:00,UP,1.0,1.0,0.0,0.0,2.0,AlankarChowk,a2,a2_18_one.csv,LOW,1.5,15
1900-01-01 11:55:00,DOWN,0.0,1.0,0.0,0.0,1.0,AlankarChowk,a2,a2_18_one.csv,LOW,0.5,15
1900-01-01 11:55:00,LEFT,12.0,5.0,0.0,1.0,18.0,AlankarChowk,a2,a2_18_one.csv,MEDIUM,17.5,20
1900-01-01 11:55:00,RIGHT,1.0,3.0,1.0,0.0,5.0,AlankarChowk,a2,a2_18_one.csv,MEDIUM,5.0,16
1900-01-01 11:55:00,UP,0.0,2.0,0.0,0.0,2.0,AlankarChowk,a2,a2_18_one.csv,LOW,1.0,15
1900-01-01 11:25:00,DOWN,0.0,6.0,2.0,0.0,8.0,AlankarChowk,a2,a2_12_one.csv,MEDIUM,8.0,17
1900-01-01 11:25:00,LEFT,4.0,13.0,0.0,1.0,18.0,AlankarChowk,a2,a2_12_one.csv,MEDIUM,13.5,19
1900-01-01 11:25:00,RIGHT,5.0,7.0,0.0,1.0,13.0,AlankarChowk,a2,a2_12_one.csv,MEDIUM,11.5,18
1900-01-01 11:25:00,UP,0.0,0.0,0.0,0.0,0.0,AlankarChowk,a2,a2_12_one.csv,LOW,0.0,15
1900-01-01 11:30:00,DOWN,2.0,15.0,4.0,2.0,23.0,AlankarChowk,a2,a2_12_one.csv,MEDIUM,25.5,22
1900-01-01 11:30:00,LEFT,13.0,11.0,0.0,1.0,25.0,AlankarChowk,a2,a2_12_one.csv,MEDIUM,21.5,21
1900-01-01 11:30:00,RIGHT,2.0,10.0,0.0,3.0,15.0,AlankarChowk,a2,a2_12_one.csv,MEDIUM,16.0,20
1900-01-01 11:30:00,UP,0.0,2.0,0.0,0.0,2.0,AlankarChowk,a2,a2_12_one.csv,LOW,1.0,15
1900-01-01 11:35:00,DOWN,2.0,22.0,6.0,3.0,33.0,AlankarChowk,a2,a2_12_one.csv,MEDIUM,37.0,26
1900-01-01 11:35:00,LEFT,11.0,21.0,0.0,0.0,32.0,AlankarChowk,a2,a2_12_one.csv,MEDIUM,21.5,21
1900-01-01 11:35:00,RIGHT,12.0,16.0,0.0,2.0,30.0,AlankarChowk,a2,a2_12_one.csv,MEDIUM,26.0,23
1900-01-01 11:35:00,UP,3.0,2.0,0.0,0.0,5.0,AlankarChowk,a2,a2_12_one.csv,MEDIUM,4.0,16
1900-01-01 11:40:00,DOWN,8.0,16.0,4.0,5.0,33.0,AlankarChowk,a2,a2_12_one.csv,MEDIUM,41.0,27
1900-01-01 11:40:00,LEFT,19.0,16.0,0.0,1.0,36.0,AlankarChowk,a2,a2_12_one.csv,MEDIUM,30.0,24
1900-01-01 11:40:00,RIGHT,7.0,13.0,1.0,1.0,22.0,AlankarChowk,a2,a2_12_one.csv,MEDIUM,19.0,20
1900-01-01 11:40:00,UP,1.0,3.0,0.0,0.0,4.0,AlankarChowk,a2,a2_12_one.csv,LOW,2.5,16
1900-01-01 11:45:00,DOWN,0.0,18.0,5.0,0.0,23.0,AlankarChowk,a2,a2_12_one.csv,MEDIUM,21.5,21
1900-01-01 11:45:00,LEFT,15.0,20.0,1.0,1.0,37.0,AlankarChowk,a2,a2_12_one.csv,MEDIUM,30.5,24
1900-01-01 11:45:00,RIGHT,9.0,10.0,0.0,2.0,21.0,AlankarChowk,a2,a2_12_one.csv,MEDIUM,20.0,21
1900-01-01 11:45:00,UP,1.0,2.0,0.0,0.0,3.0,AlankarChowk,a2,a2_12_one.csv,LOW,2.0,16
1900-01-01 11:50:00,DOWN,8.0,27.0,4.0,3.0,42.0,AlankarChowk,a2,a2_12_one.csv,MEDIUM,40.5,27
1900-01-01 11:50:00,LEFT,10.0,16.0,0.0,1.0,27.0,AlankarChowk,a2,a2_12_one.csv,MEDIUM,21.0,21
1900-01-01 11:50:00,RIGHT,5.0,13.0,0.0,2.0,20.0,AlankarChowk,a2,a2_12_one.csv,MEDIUM,17.5,20
1900-01-01 11:50:00,UP,1.0,2.0,0.0,0.0,3.0,AlankarChowk,a2,a2_12_one.csv,LOW,2.0,16
1900-01-01 11:55:00,DOWN,2.0,16.0,2.0,2.0,22.0,AlankarChowk,a2,a2_12_one.csv,MEDIUM,21.0,21
1900-01-01 11:55:00,LEFT,8.0,17.0,1.0,3.0,29.0,AlankarChowk,a2,a2_12_one.csv,MEDIUM,28.0,23
1900-01-01 11:55:00,RIGHT,2.0,6.0,0.0,3.0,11.0,AlankarChowk,a2,a2_12_one.csv,MEDIUM,14.0,19
1900-01-01 11:55:00,UP,1.0,6.0,0.0,1.0,8.0,AlankarChowk,a2,a2_12_one.csv,MEDIUM,7.0,17
1900-01-01 12:00:00,DOWN,0.0,0.0,0.0,0.0,0.0,AlankarChowk,a2,a2_12_one.csv,LOW,0.0,15
1900-01-01 12:00:00,LEFT,0.0,0.0,0.0,0.0,0.0,AlankarChowk,a2,a2_12_one.csv,LOW,0.0,15
1900-01-01 12:00:00,RIGHT,1.0,1.0,0.0,0.0,2.0,AlankarChowk,a2,a2_12_one.csv,LOW,1.5,15
1900-01-01 12:00:00,UP,0.0,0.0,0.0,0.0,0.0,AlankarChowk,a2,a2_12_one.csv,LOW,0.0,15
1900-01-01 11:25:00,DOWN,1.0,1.0,0.0,0.0,2.0,AlankarChowk,a2,a2_13_one.csv,LOW,1.5,15
1900-01-01 11:25:00,LEFT,4.0,2.0,1.0,2.0,9.0,AlankarChowk,a2,a2_13_one.csv,MEDIUM,13.5,19
1900-01-01 11:25:00,RIGHT,0.0,1.0,1.0,0.0,2.0,AlankarChowk,a2,a2_13_one.csv,LOW,3.0,16
1900-01-01 11:25:00,UP,0.0,0.0,0.0,0.0,0.0,AlankarChowk,a2,a2_13_one.csv,LOW,0.0,15
1900-01-01 11:30:00,DOWN,0.0,4.0,0.0,0.0,4.0,AlankarChowk,a2,a2_13_one.csv,LOW,2.0,16
1900-01-01 11:30:00,LEFT,8.0,10.0,0.0,1.0,19.0,AlankarChowk,a2,a2_13_one.csv,MEDIUM,16.0,20
1900-01-01 11:30:00,RIGHT,2.0,2.0,0.0,0.0,4.0,AlankarChowk,a2,a2_13_one.csv,LOW,3.0,16
1900-01-01 11:30:00,UP,0.0,1.0,0.0,0.0,1.0,AlankarChowk,a2,a2_13_one.csv,LOW,0.5,15
1900-01-01 11:35:00,DOWN,1.0,3.0,0.0,0.0,4.0,AlankarChowk,a2,a2_13_one.csv,LOW,2.5,16
1900-01-01 11:35:00,LEFT,13.0,3.0,0.0,3.0,19.0,AlankarChowk,a2,a2_13_one.csv,MEDIUM,23.5,22
1900-01-01 11:35:00,RIGHT,0.0,1.0,1.0,0.0,2.0,AlankarChowk,a2,a2_13_one.csv,LOW,3.0,16
1900-01-01 11:35:00,UP,0.0,0.0,0.0,0.0,0.0,AlankarChowk,a2,a2_13_one.csv,LOW,0.0,15
1900-01-01 11:40:00,DOWN,1.0,5.0,0.0,0.0,6.0,AlankarChowk,a2,a2_13_one.csv,MEDIUM,3.5,16
1900-01-01 11:40:00,LEFT,10.0,12.0,0.0,1.0,23.0,AlankarChowk,a2,a2_13_one.csv,MEDIUM,19.0,20
1900-01-01 11:40:00,RIGHT,4.0,9.0,2.0,0.0,15.0,AlankarChowk,a2,a2_13_one.csv,MEDIUM,13.5,19
1900-01-01 11:40:00,UP,2.0,1.0,0.0,0.0,3.0,AlankarChowk,a2,a2_13_one.csv,LOW,2.5,16
1900-01-01 11:45:00,DOWN,1.0,8.0,0.0,0.0,9.0,AlankarChowk,a2,a2_13_one.csv,MEDIUM,5.0,16
1900-01-01 11:45:00,LEFT,7.0,7.0,1.0,3.0,18.0,AlankarChowk,a2,a2_13_one.csv,MEDIUM,22.0,21
1900-01-01 11:45:00,RIGHT,0.0,1.0,0.0,0.0,1.0,AlankarChowk,a2,a2_13_one.csv,LOW,0.5,15
1900-01-01 11:45:00,UP,0.0,5.0,0.0,0.0,5.0,AlankarChowk,a2,a2_13_one.csv,MEDIUM,2.5,16
1900-01-01 11:50:00,DOWN,0.0,6.0,0.0,0.0,6.0,AlankarChowk,a2,a2_13_one.csv,MEDIUM,3.0,16
1900-01-01 11:50:00,LEFT,19.0,10.0,0.0,1.0,30.0,AlankarChowk,a2,a2_13_one.csv,MEDIUM,27.0,23
1900-01-01 11:50:00,RIGHT,1.0,1.0,0.0,0.0,2.0,AlankarChowk,a2,a2_13_one.csv,LOW,1.5,15
1900-01-01 11:50:00,UP,2.0,1.0,0.0,0.0,3.0,AlankarChowk,a2,a2_13_one.csv,LOW,2.5,16
1900-01-01 11:55:00,DOWN,1.0,7.0,0.0,0.0,8.0,AlankarChowk,a2,a2_13_one.csv,MEDIUM,4.5,16
1900-01-01 11:55:00,LEFT,17.0,11.0,0.0,0.0,28.0,AlankarChowk,a2,a2_13_one.csv,MEDIUM,22.5,22
1900-01-01 11:55:00,RIGHT,2.0,0.0,0.0,0.0,2.0,AlankarChowk,a2,a2_13_one.csv,LOW,2.0,16
1900-01-01 11:55:00,UP,3.0,5.0,0.0,0.0,8.0,AlankarChowk,a2,a2_13_one.csv,MEDIUM,5.5,17
1900-01-01 11:20:00,DOWN,0.0,0.0,0.0,0.0,0.0,AlankarChowk,a2,a2_16_one.csv,LOW,0.0,15
1900-01-01 11:20:00,LEFT,3.0,2.0,0.0,0.0,5.0,AlankarChowk,a2,a2_16_one.csv,MEDIUM,4.0,16
1900-01-01 11:20:00,RIGHT,1.0,2.0,0.0,0.0,3.0,AlankarChowk,a2,a2_16_one.csv,LOW,2.0,16
1900-01-01 11:20:00,UP,0.0,0.0,0.0,0.0,0.0,AlankarChowk,a2,a2_16_one.csv,LOW,0.0,15
1900-01-01 11:25:00,DOWN,5.0,10.0,3.0,5.0,23.0,AlankarChowk,a2,a2_16_one.csv,MEDIUM,32.5,24
1900-01-01 11:25:00,LEFT,19.0,21.0,0.0,1.0,41.0,AlankarChowk,a2,a2_16_one.csv,MEDIUM,32.5,24
1900-01-01 11:25:00,RIGHT,10.0,18.0,0.0,4.0,32.0,AlankarChowk,a2,a2_16_one.csv,MEDIUM,31.0,24
1900-01-01 11:25:00,UP,1.0,1.0,0.0,0.0,2.0,AlankarChowk,a2,a2_16_one.csv,LOW,1.5,15
1900-01-01 11:30:00,DOWN,5.0,11.0,6.0,5.0,27.0,AlankarChowk,a2,a2_16_one.csv,MEDIUM,40.5,27
1900-01-01 11:30:00,LEFT,24.0,15.0,0.0,4.0,43.0,AlankarChowk,a2,a2_16_one.csv,MEDIUM,43.5,28
1900-01-01 11:30:00,RIGHT,3.0,16.0,1.0,0.0,20.0,AlankarChowk,a2,a2_16_one.csv,MEDIUM,13.5,19
1900-01-01 11:30:00,UP,1.0,0.0,0.0,0.0,1.0,AlankarChowk,a2,a2_16_one.csv,LOW,1.0,15
1900-01-01 11:35:00,DOWN,1.0,18.0,3.0,4.0,26.0,AlankarChowk,a2,a2_16_one.csv,MEDIUM,29.5,24
1900-01-01 11:35:00,LEFT,18.0,22.0,0.0,4.0,44.0,AlankarChowk,a2,a2_16_one.csv,MEDIUM,41.0,27
1900-01-01 11:35:00,RIGHT,3.0,14.0,0.0,1.0,18.0,AlankarChowk,a2,a2_16_one.csv,MEDIUM,13.0,19
1900-01-01 11:35:00,UP,1.0,2.0,0.0,0.0,3.0,AlankarChowk,a2,a2_16_one.csv,LOW,2.0,16
1900-01-01 11:40:00,DOWN,5.0,18.0,3.0,7.0,33.0,AlankarChowk,a2,a2_16_one.csv,MEDIUM,42.5,27
1900-01-01 11:40:00,LEFT,18.0,17.0,0.0,2.0,37.0,AlankarChowk,a2,a2_16_one.csv,MEDIUM,32.5,24
1900-01-01 11:40:00,RIGHT,12.0,9.0,0.0,4.0,25.0,AlankarChowk,a2,a2_16_one.csv,MEDIUM,28.5,23
1900-01-01 11:40:00,UP,1.0,3.0,0.0,0.0,4.0,AlankarChowk,a2,a2_16_one.csv,LOW,2.5,16
1900-01-01 11:45:00,DOWN,3.0,22.0,3.0,4.0,32.0,AlankarChowk,a2,a2_16_one.csv,MEDIUM,33.5,25
1900-01-01 11:45:00,LEFT,21.0,19.0,0.0,3.0,43.0,AlankarChowk,a2,a2_16_one.csv,MEDIUM,39.5,26
1900-01-01 11:45:00,RIGHT,13.0,19.0,0.0,3.0,35.0,AlankarChowk,a2,a2_16_one.csv,MEDIUM,31.5,24
1900-01-01 11:45:00,UP,1.0,4.0,0.0,1.0,6.0,AlankarChowk,a2,a2_16_one.csv,MEDIUM,6.0,17
1900-01-01 11:50:00,DOWN,5.0,11.0,5.0,6.0,27.0,AlankarChowk,a2,a2_16_one.csv,MEDIUM,41.0,27
1900-01-01 11:50:00,LEFT,36.0,12.0,0.0,0.0,48.0,AlankarChowk,a2,a2_16_one.csv,MEDIUM,42.0,27
1900-01-01 11:50:00,RIGHT,9.0,10.0,0.0,3.0,22.0,AlankarChowk,a2,a2_16_one.csv,MEDIUM,23.0,22
1900-01-01 11:50:00,UP,1.0,6.0,0.0,0.0,7.0,AlankarChowk,a2,a2_16_one.csv,MEDIUM,4.0,16
1900-01-01 11:55:00,DOWN,10.0,14.0,6.0,4.0,34.0,AlankarChowk,a2,a2_16_one.csv,MEDIUM,44.0,28
1900-01-01 11:55:00,LEFT,19.0,18.0,0.0,0.0,37.0,AlankarChowk,a2,a2_16_one.csv,MEDIUM,28.0,23
1900-01-01 11:55:00,RIGHT,9.0,9.0,0.0,2.0,20.0,AlankarChowk,a2,a2_16_one.csv,MEDIUM,19.5,21
1900-01-01 11:55:00,UP,2.0,1.0,0.0,0.0,3.0,AlankarChowk,a2,a2_16_one.csv,LOW,2.5,16
1900-01-01 11:25:00,DOWN,6.0,22.0,3.0,2.0,33.0,AlankarChowk,a2,a2_17_one.csv,MEDIUM,30.5,24
1900-01-01 11:25:00,LEFT,17.0,13.0,0.0,1.0,31.0,AlankarChowk,a2,a2_17_one.csv,MEDIUM,26.5,23
1900-01-01 11:25:00,RIGHT,8.0,11.0,1.0,3.0,23.0,AlankarChowk,a2,a2_17_one.csv,MEDIUM,25.0,22
1900-01-01 11:25:00,UP,1.0,3.0,0.0,0.0,4.0,AlankarChowk,a2,a2_17_one.csv,LOW,2.5,16
1900-01-01 11:30:00,DOWN,1.0,15.0,2.0,1.0,19.0,AlankarChowk,a2,a2_17_one.csv,MEDIUM,16.5,20
1900-01-01 11:30:00,LEFT,18.0,10.0,0.0,1.0,29.0,AlankarChowk,a2,a2_17_one.csv,MEDIUM,26.0,23
1900-01-01 11:30:00,RIGHT,6.0,8.0,0.0,4.0,18.0,AlankarChowk,a2,a2_17_one.csv,MEDIUM,22.0,21
1900-01-01 11:30:00,UP,1.0,0.0,0.0,0.0,1.0,AlankarChowk,a2,a2_17_one.csv,LOW,1.0,15
1900-01-01 11:35:00,DOWN,4.0,8.0,2.0,1.0,15.0,AlankarChowk,a2,a2_17_one.csv,MEDIUM,16.0,20
1900-01-01 11:35:00,LEFT,29.0,8.0,1.0,0.0,38.0,AlankarChowk,a2,a2_17_one.csv,MEDIUM,35.5,25
1900-01-01 11:35:00,RIGHT,5.0,8.0,0.0,2.0,15.0,AlankarChowk,a2,a2_17_one.csv,MEDIUM,15.0,19
1900-01-01 11:35:00,UP,0.0,2.0,0.0,2.0,4.0,AlankarChowk,a2,a2_17_one.csv,LOW,7.0,17
1900-01-01 11:40:00,DOWN,4.0,15.0,1.0,4.0,24.0,AlankarChowk,a2,a2_17_one.csv,MEDIUM,26.0,23
1900-01-01 11:40:00,LEFT,10.0,7.0,0.0,0.0,17.0,AlankarChowk,a2,a2_17_one.csv,MEDIUM,13.5,19
1900-01-01 11:40:00,RIGHT,6.0,9.0,0.0,1.0,16.0,AlankarChowk,a2,a2_17_one.csv,MEDIUM,13.5,19
1900-01-01 11:40:00,UP,0.0,3.0,0.0,0.0,3.0,AlankarChowk,a2,a2_17_one.csv,LOW,1.5,15
1900-01-01 11:45:00,DOWN,1.0,13.0,3.0,3.0,20.0,AlankarChowk,a2,a2_17_one.csv,MEDIUM,24.0,22
1900-01-01 11:45:00,LEFT,16.0,10.0,1.0,3.0,30.0,AlankarChowk,a2,a2_17_one.csv,MEDIUM,32.5,24
1900-01-01 11:45:00,RIGHT,7.0,5.0,0.0,2.0,14.0,AlankarChowk,a2,a2_17_one.csv,MEDIUM,15.5,19
1900-01-01 11:45:00,UP,0.0,1.0,0.0,0.0,1.0,AlankarChowk,a2,a2_17_one.csv,LOW,0.5,15
1900-01-01 11:50:00,DOWN,2.0,16.0,2.0,3.0,23.0,AlankarChowk,a2,a2_17_one.csv,MEDIUM,24.0,22
1900-01-01 11:50:00,LEFT,10.0,14.0,0.0,1.0,25.0,AlankarChowk,a2,a2_17_one.csv,MEDIUM,20.0,21
1900-01-01 11:50:00,RIGHT,2.0,8.0,1.0,2.0,13.0,AlankarChowk,a2,a2_17_one.csv,MEDIUM,14.5,19
1900-01-01 11:50:00,UP,1.0,1.0,0.0,0.0,2.0,AlankarChowk,a2,a2_17_one.csv,LOW,1.5,15
1900-01-01 11:55:00,DOWN,2.0,17.0,3.0,1.0,23.0,AlankarChowk,a2,a2_17_one.csv,MEDIUM,21.0,21
1900-01-01 11:55:00,LEFT,20.0,10.0,1.0,2.0,33.0,AlankarChowk,a2,a2_17_one.csv,MEDIUM,33.5,25
1900-01-01 11:55:00,RIGHT,0.0,6.0,0.0,3.0,9.0,AlankarChowk,a2,a2_17_one.csv,MEDIUM,12.0,18
1900-01-01 11:55:00,UP,0.0,0.0,0.0,1.0,1.0,AlankarChowk,a2,a2_17_one.csv,LOW,3.0,16
1900-01-01 09:00:00,DOWN,0.0,4.0,2.0,1.0,7.0,AlankarChowk,a2,a2_11.csv,MEDIUM,10.0,18
1900-01-01 09:00:00,LEFT,4.0,4.0,0.0,0.0,8.0,AlankarChowk,a2,a2_11.csv,MEDIUM,6.0,17
1900-01-01 09:00:00,RIGHT,3.0,4.0,1.0,0.0,8.0,AlankarChowk,a2,a2_11.csv,MEDIUM,7.5,17
1900-01-01 09:00:00,UP,1.0,0.0,0.0,0.0,1.0,AlankarChowk,a2,a2_11.csv,LOW,1.0,15
1900-01-01 09:05:00,DOWN,3.0,11.0,2.0,1.0,17.0,AlankarChowk,a2,a2_11.csv,MEDIUM,16.5,20
1900-01-01 09:05:00,LEFT,6.0,10.0,0.0,2.0,18.0,AlankarChowk,a2,a2_11.csv,MEDIUM,17.0,20
1900-01-01 09:05:00,RIGHT,5.0,3.0,0.0,2.0,10.0,AlankarChowk,a2,a2_11.csv,MEDIUM,12.5,19
1900-01-01 09:05:00,UP,0.0,1.0,0.0,0.0,1.0,AlankarChowk,a2,a2_11.csv,LOW,0.5,15
1900-01-01 09:10:00,DOWN,3.0,8.0,0.0,1.0,12.0,AlankarChowk,a2,a2_11.csv,MEDIUM,10.0,18
1900-01-01 09:10:00,LEFT,12.0,1.0,0.0,3.0,16.0,AlankarChowk,a2,a2_11.csv,MEDIUM,21.5,21
1900-01-01 09:10:00,RIGHT,1.0,15.0,0.0,4.0,20.0,AlankarChowk,a2,a2_11.csv,MEDIUM,20.5,21
1900-01-01 09:10:00,UP,0.0,2.0,0.0,0.0,2.0,AlankarChowk,a2,a2_11.csv,LOW,1.0,15
1900-01-01 09:15:00,DOWN,1.0,8.0,3.0,2.0,14.0,AlankarChowk,a2,a2_11.csv,MEDIUM,18.5,20
1900-01-01 09:15:00,LEFT,19.0,1.0,0.0,1.0,21.0,AlankarChowk,a2,a2_11.csv,MEDIUM,22.5,22
1900-01-01 09:15:00,RIGHT,5.0,3.0,0.0,2.0,10.0,AlankarChowk,a2,a2_11.csv,MEDIUM,12.5,19
1900-01-01 09:15:00,UP,0.0,0.0,0.0,1.0,1.0,AlankarChowk,a2,a2_11.csv,LOW,3.0,16
1900-01-01 09:20:00,DOWN,2.0,7.0,2.0,2.0,13.0,AlankarChowk,a2,a2_11.csv,MEDIUM,16.5,20
1900-01-01 09:20:00,LEFT,9.0,7.0,0.0,0.0,16.0,AlankarChowk,a2,a2_11.csv,MEDIUM,12.5,19
1900-01-01 09:20:00,RIGHT,4.0,4.0,0.0,1.0,9.0,AlankarChowk,a2,a2_11.csv,MEDIUM,9.0,18
1900-01-01 09:20:00,UP,1.0,1.0,0.0,0.0,2.0,AlankarChowk,a2,a2_11.csv,LOW,1.5,15
1900-01-01 09:25:00,DOWN,4.0,5.0,2.0,1.0,12.0,AlankarChowk,a2,a2_11.csv,MEDIUM,14.5,19
1900-01-01 09:25:00,LEFT,9.0,11.0,0.0,0.0,20.0,AlankarChowk,a2,a2_11.csv,MEDIUM,14.5,19
1900-01-01 09:25:00,RIGHT,8.0,7.0,0.0,6.0,21.0,AlankarChowk,a2,a2_11.csv,MEDIUM,29.5,24
1900-01-01 09:25:00,UP,0.0,0.0,0.0,0.0,0.0,AlankarChowk,a2,a2_11.csv,LOW,0.0,15
1900-01-01 09:30:00,DOWN,1.0,4.0,4.0,2.0,11.0,AlankarChowk,a2,a2_11.csv,MEDIUM,19.0,20
1900-01-01 09:30:00,LEFT,14.0,10.0,0.0,2.0,26.0,AlankarChowk,a2,a2_11.csv,MEDIUM,25.0,22
1900-01-01 09:30:00,RIGHT,2.0,6.0,0.0,2.0,10.0,AlankarChowk,a2,a2_11.csv,MEDIUM,11.0,18
1900-01-01 09:30:00,UP,0.0,4.0,0.0,0.0,4.0,AlankarChowk,a2,a2_11.csv,LOW,2.0,16
1900-01-01 09:35:00,DOWN,2.0,4.0,4.0,4.0,14.0,AlankarChowk,a2,a2_11.csv,MEDIUM,26.0,23
1900-01-01 09:35:00,LEFT,12.0,3.0,0.0,0.0,15.0,AlankarChowk,a2,a2_11.csv,MEDIUM,13.5,19
1900-01-01 09:35:00,RIGHT,4.0,3.0,1.0,3.0,11.0,AlankarChowk,a2,a2_11.csv,MEDIUM,17.0,20
1900-01-01 09:35:00,UP,0.0,0.0,0.0,0.0,0.0,AlankarChowk,a2,a2_11.csv,LOW,0.0,15
1900-01-01 09:40:00,DOWN,0.0,12.0,3.0,2.0,17.0,AlankarChowk,a2,a2_11.csv,MEDIUM,19.5,21
1900-01-01 09:40:00,LEFT,10.0,5.0,0.0,2.0,17.0,AlankarChowk,a2,a2_11.csv,MEDIUM,18.5,20
1900-01-01 09:40:00,RIGHT,5.0,4.0,0.0,1.0,10.0,AlankarChowk,a2,a2_11.csv,MEDIUM,10.0,18
1900-01-01 09:40:00,UP,4.0,1.0,0.0,0.0,5.0,AlankarChowk,a2,a2_11.csv,MEDIUM,4.5,16
1900-01-01 09:45:00,DOWN,3.0,7.0,1.0,0.0,11.0,AlankarChowk,a2,a2_11.csv,MEDIUM,9.0,18
1900-01-01 09:45:00,LEFT,15.0,5.0,0.0,1.0,21.0,AlankarChowk,a2,a2_11.csv,MEDIUM,20.5,21
1900-01-01 09:45:00,RIGHT,3.0,3.0,0.0,4.0,10.0,AlankarChowk,a2,a2_11.csv,MEDIUM,16.5,20
1900-01-01 09:45:00,UP,1.0,2.0,0.0,0.0,3.0,AlankarChowk,a2,a2_11.csv,LOW,2.0,16
1900-01-01 09:50:00,DOWN,2.0,11.0,3.0,4.0,20.0,AlankarChowk,a2,a2_11.csv,MEDIUM,27.0,23
1900-01-01 09:50:00,LEFT,5.0,2.0,0.0,0.0,7.0,AlankarChowk,a2,a2_11.csv,MEDIUM,6.0,17
1900-01-01 09:50:00,RIGHT,5.0,10.0,1.0,0.0,16.0,AlankarChowk,a2,a2_11.csv,MEDIUM,12.5,19
1900-01-01 09:50:00,UP,4.0,1.0,0.0,0.0,5.0,AlankarChowk,a2,a2_11.csv,MEDIUM,4.5,16
1900-01-01 09:55:00,DOWN,0.0,10.0,4.0,2.0,16.0,AlankarChowk,a2,a2_11.csv,MEDIUM,21.0,21
1900-01-01 09:55:00,LEFT,7.0,5.0,0.0,0.0,12.0,AlankarChowk,a2,a2_11.csv,MEDIUM,9.5,18
1900-01-01 09:55:00,RIGHT,4.0,2.0,1.0,2.0,9.0,AlankarChowk,a2,a2_11.csv,MEDIUM,13.5,19
1900-01-01 09:55:00,UP,1.0,1.0,0.0,0.0,2.0,AlankarChowk,a2,a2_11.csv,LOW,1.5,15
1900-01-01 10:00:00,DOWN,0.0,7.0,1.0,2.0,10.0,AlankarChowk,a2,a2_11.csv,MEDIUM,12.0,18
1900-01-01 10:00:00,LEFT,6.0,3.0,0.0,1.0,10.0,AlankarChowk,a2,a2_11.csv,MEDIUM,10.5,18
1900-01-01 10:00:00,RIGHT,3.0,5.0,1.0,1.0,10.0,AlankarChowk,a2,a2_11.csv,MEDIUM,11.0,18
1900-01-01 10:00:00,UP,1.0,0.0,0.0,0.0,1.0,AlankarChowk,a2,a2_11.csv,LOW,1.0,15
1900-01-01 10:05:00,DOWN,0.0,12.0,5.0,1.0,18.0,AlankarChowk,a2,a2_11.csv,MEDIUM,21.5,21
1900-01-01 10:05:00,LEFT,7.0,3.0,0.0,0.0,10.0,AlankarChowk,a2,a2_11.csv,MEDIUM,8.5,17
1900-01-01 10:05:00,RIGHT,2.0,7.0,0.0,4.0,13.0,AlankarChowk,a2,a2_11.csv,MEDIUM,17.5,20
1900-01-01 10:05:00,UP,0.0,0.0,0.0,0.0,0.0,AlankarChowk,a2,a2_11.csv,LOW,0.0,15
1900-01-01 10:10:00,DOWN,4.0,5.0,1.0,3.0,13.0,AlankarChowk,a2,a2_11.csv,MEDIUM,18.0,20
1900-01-01 10:10:00,LEFT,4.0,10.0,0.0,0.0,14.0,AlankarChowk,a2,a2_11.csv,MEDIUM,9.0,18
1900-01-01 10:10:00,RIGHT,7.0,10.0,0.0,3.0,20.0,AlankarChowk,a2,a2_11.csv,MEDIUM,21.0,21
1900-01-01 10:10:00,UP,0.0,1.0,0.0,0.0,1.0,AlankarChowk,a2,a2_11.csv,LOW,0.5,15
1900-01-01 10:15:00,DOWN,3.0,5.0,2.0,0.0,10.0,AlankarChowk,a2,a2_11.csv,MEDIUM,10.5,18
1900-01-01 10:15:00,LEFT,5.0,3.0,0.0,0.0,8.0,AlankarChowk,a2,a2_11.csv,MEDIUM,6.5,17
1900-01-01 10:15:00,RIGHT,9.0,4.0,0.0,0.0,13.0,AlankarChowk,a2,a2_11.csv,MEDIUM,11.0,18
1900-01-01 10:15:00,UP,1.0,1.0,0.0,0.0,2.0,AlankarChowk,a2,a2_11.csv,LOW,1.5,15
1900-01-01 10:20:00,DOWN,1.0,7.0,6.0,2.0,16.0,AlankarChowk,a2,a2_11.csv,MEDIUM,25.5,22
1900-01-01 10:20:00,LEFT,9.0,2.0,0.0,0.0,11.0,AlankarChowk,a2,a2_11.csv,MEDIUM,10.0,18
1900-01-01 10:20:00,RIGHT,6.0,4.0,0.0,3.0,13.0,AlankarChowk,a2,a2_11.csv,MEDIUM,17.0,20
1900-01-01 10:20:00,UP,1.0,1.0,0.0,0.0,2.0,AlankarChowk,a2,a2_11.csv,LOW,1.5,15
1900-01-01 10:25:00,DOWN,2.0,9.0,3.0,2.0,16.0,AlankarChowk,a2,a2_11.csv,MEDIUM,20.0,21
1900-01-01 10:25:00,LEFT,11.0,3.0,0.0,0.0,14.0,AlankarChowk,a2,a2_11.csv,MEDIUM,12.5,19
1900-01-01 10:25:00,RIGHT,8.0,1.0,2.0,2.0,13.0,AlankarChowk,a2,a2_11.csv,MEDIUM,19.5,21
1900-01-01 10:25:00,UP,0.0,1.0,0.0,0.0,1.0,AlankarChowk,a2,a2_11.csv,LOW,0.5,15
1900-01-01 10:30:00,DOWN,4.0,6.0,3.0,0.0,13.0,AlankarChowk,a2,a2_11.csv,MEDIUM,14.5,19
1900-01-01 10:30:00,LEFT,12.0,1.0,0.0,1.0,14.0,AlankarChowk,a2,a2_11.csv,MEDIUM,15.5,19
1900-01-01 10:30:00,RIGHT,10.0,4.0,0.0,7.0,21.0,AlankarChowk,a2,a2_11.csv,MEDIUM,33.0,25
1900-01-01 10:30:00,UP,0.0,3.0,0.0,0.0,3.0,AlankarChowk,a2,a2_11.csv,LOW,1.5,15
1900-01-01 10:35:00,DOWN,5.0,17.0,2.0,3.0,27.0,AlankarChowk,a2,a2_11.csv,MEDIUM,27.5,23
1900-01-01 10:35:00,LEFT,11.0,1.0,0.0,0.0,12.0,AlankarChowk,a2,a2_11.csv,MEDIUM,11.5,18
1900-01-01 10:35:00,RIGHT,1.0,6.0,0.0,5.0,12.0,AlankarChowk,a2,a2_11.csv,MEDIUM,19.0,20
1900-01-01 10:35:00,UP,0.0,1.0,1.0,0.0,2.0,AlankarChowk,a2,a2_11.csv,LOW,3.0,16
1900-01-01 10:40:00,DOWN,3.0,10.0,3.0,3.0,19.0,AlankarChowk,a2,a2_11.csv,MEDIUM,24.5,22
1900-01-01 10:40:00,LEFT,7.0,5.0,0.0,1.0,13.0,AlankarChowk,a2,a2_11.csv,MEDIUM,12.5,19
1900-01-01 10:40:00,RIGHT,7.0,2.0,0.0,4.0,13.0,AlankarChowk,a2,a2_11.csv,MEDIUM,20.0,21
1900-01-01 10:40:00,UP,0.0,1.0,0.0,0.0,1.0,AlankarChowk,a2,a2_11.csv,LOW,0.5,15
1900-01-01 10:45:00,DOWN,0.0,10.0,3.0,3.0,16.0,AlankarChowk,a2,a2_11.csv,MEDIUM,21.5,21
1900-01-01 10:45:00,LEFT,10.0,3.0,0.0,2.0,15.0,AlankarChowk,a2,a2_11.csv,MEDIUM,17.5,20
1900-01-01 10:45:00,RIGHT,4.0,9.0,1.0,3.0,17.0,AlankarChowk,a2,a2_11.csv,MEDIUM,20.0,21
1900-01-01 10:45:00,UP,0.0,0.0,0.0,0.0,0.0,AlankarChowk,a2,a2_11.csv,LOW,0.0,15
1900-01-01 10:50:00,DOWN,2.0,9.0,4.0,0.0,15.0,AlankarChowk,a2,a2_11.csv,MEDIUM,16.5,20
1900-01-01 10:50:00,LEFT,13.0,7.0,1.0,0.0,21.0,AlankarChowk,a2,a2_11.csv,MEDIUM,19.0,20
1900-01-01 10:50:00,RIGHT,7.0,6.0,1.0,1.0,15.0,AlankarChowk,a2,a2_11.csv,MEDIUM,15.5,19
1900-01-01 10:50:00,UP,0.0,1.0,0.0,0.0,1.0,AlankarChowk,a2,a2_11.csv,LOW,0.5,15
1900-01-01 10:55:00,DOWN,3.0,14.0,4.0,3.0,24.0,AlankarChowk,a2,a2_11.csv,MEDIUM,29.0,23
1900-01-01 10:55:00,LEFT,7.0,6.0,0.0,0.0,13.0,AlankarChowk,a2,a2_11.csv,MEDIUM,10.0,18
1900-01-01 10:55:00,RIGHT,5.0,7.0,0.0,0.0,12.0,AlankarChowk,a2,a2_11.csv,MEDIUM,8.5,17
1900-01-01 10:55:00,UP,2.0,4.0,0.0,0.0,6.0,AlankarChowk,a2,a2_11.csv,MEDIUM,4.0,16
1900-01-01 11:00:00,DOWN,3.0,15.0,4.0,2.0,24.0,AlankarChowk,a2,a2_11.csv,MEDIUM,26.5,23
1900-01-01 11:00:00,LEFT,10.0,4.0,0.0,0.0,14.0,AlankarChowk,a2,a2_11.csv,MEDIUM,12.0,18
1900-01-01 11:00:00,RIGHT,9.0,7.0,0.0,3.0,19.0,AlankarChowk,a2,a2_11.csv,MEDIUM,21.5,21
1900-01-01 11:00:00,UP,0.0,1.0,0.0,0.0,1.0,AlankarChowk,a2,a2_11.csv,LOW,0.5,15
1900-01-01 11:05:00,DOWN,4.0,8.0,8.0,1.0,21.0,AlankarChowk,a2,a2_11.csv,MEDIUM,31.0,24
1900-01-01 11:05:00,LEFT,10.0,10.0,0.0,2.0,22.0,AlankarChowk,a2,a2_11.csv,MEDIUM,21.0,21
1900-01-01 11:05:00,RIGHT,4.0,10.0,0.0,2.0,16.0,AlankarChowk,a2,a2_11.csv,MEDIUM,15.0,19
1900-01-01 11:05:00,UP,3.0,1.0,0.0,0.0,4.0,AlankarChowk,a2,a2_11.csv,LOW,3.5,16
1900-01-01 11:10:00,DOWN,1.0,20.0,3.0,4.0,28.0,AlankarChowk,a2,a2_11.csv,MEDIUM,30.5,24
1900-01-01 11:10:00,LEFT,15.0,7.0,0.0,3.0,25.0,AlankarChowk,a2,a2_11.csv,MEDIUM,27.5,23
1900-01-01 11:10:00,RIGHT,4.0,12.0,0.0,2.0,18.0,AlankarChowk,a2,a2_11.csv,MEDIUM,16.0,20
1900-01-01 11:10:00,UP,1.0,0.0,0.0,0.0,1.0,AlankarChowk,a2,a2_11.csv,LOW,1.0,15
1900-01-01 11:15:00,DOWN,0.0,10.0,3.0,1.0,14.0,AlankarChowk,a2,a2_11.csv,MEDIUM,15.5,19
1900-01-01 11:15:00,LEFT,10.0,9.0,0.0,1.0,20.0,AlankarChowk,a2,a2_11.csv,MEDIUM,17.5,20
1900-01-01 11:15:00,RIGHT,4.0,3.0,0.0,6.0,13.0,AlankarChowk,a2,a2_11.csv,MEDIUM,23.5,22
1900-01-01 11:15:00,UP,1.0,1.0,0.0,0.0,2.0,AlankarChowk,a2,a2_11.csv,LOW,1.5,15
1900-01-01 11:20:00,DOWN,3.0,11.0,2.0,1.0,17.0,AlankarChowk,a2,a2_11.csv,MEDIUM,16.5,20
1900-01-01 11:20:00,LEFT,11.0,10.0,1.0,4.0,26.0,AlankarChowk,a2,a2_11.csv,MEDIUM,30.5,24
1900-01-01 11:20:00,RIGHT,5.0,4.0,0.0,4.0,13.0,AlankarChowk,a2,a2_11.csv,MEDIUM,19.0,20
1900-01-01 11:20:00,UP,0.0,1.0,0.0,0.0,1.0,AlankarChowk,a2,a2_11.csv,LOW,0.5,15
1900-01-01 11:25:00,DOWN,0.0,2.0,1.0,1.0,4.0,AlankarChowk,a2,a2_11.csv,LOW,6.5,17
1900-01-01 11:25:00,LEFT,4.0,1.0,0.0,0.0,5.0,AlankarChowk,a2,a2_11.csv,MEDIUM,4.5,16
1900-01-01 11:25:00,RIGHT,2.0,1.0,0.0,2.0,5.0,AlankarChowk,a2,a2_11.csv,MEDIUM,8.5,17
1900-01-01 11:25:00,UP,0.0,1.0,0.0,0.0,1.0,AlankarChowk,a2,a2_11.csv,LOW,0.5,15
1900-01-01 11:25:00,DOWN,1.0,9.0,1.0,7.0,18.0,AlankarChowk,a2,a2_15_one.csv,MEDIUM,29.0,23
1900-01-01 11:25:00,LEFT,15.0,5.0,0.0,1.0,21.0,AlankarChowk,a2,a2_15_one.csv,MEDIUM,20.5,21
1900-01-01 11:25:00,RIGHT,8.0,8.0,0.0,2.0,18.0,AlankarChowk,a2,a2_15_one.csv,MEDIUM,18.0,20
1900-01-01 11:25:00,UP,0.0,1.0,0.0,1.0,2.0,AlankarChowk,a2,a2_15_one.csv,LOW,3.5,16
1900-01-01 11:30:00,DOWN,2.0,16.0,2.0,1.0,21.0,AlankarChowk,a2,a2_15_one.csv,MEDIUM,18.0,20
1900-01-01 11:30:00,LEFT,12.0,18.0,0.0,1.0,31.0,AlankarChowk,a2,a2_15_one.csv,MEDIUM,24.0,22
1900-01-01 11:30:00,RIGHT,6.0,6.0,0.0,4.0,16.0,AlankarChowk,a2,a2_15_one.csv,MEDIUM,21.0,21
1900-01-01 11:30:00,UP,0.0,3.0,0.0,0.0,3.0,AlankarChowk,a2,a2_15_one.csv,LOW,1.5,15
1900-01-01 11:35:00,DOWN,2.0,10.0,4.0,2.0,18.0,AlankarChowk,a2,a2_15_one.csv,MEDIUM,23.0,22
1900-01-01 11:35:00,LEFT,17.0,14.0,0.0,0.0,31.0,AlankarChowk,a2,a2_15_one.csv,MEDIUM,24.0,22
1900-01-01 11:35:00,RIGHT,13.0,8.0,0.0,4.0,25.0,AlankarChowk,a2,a2_15_one.csv,MEDIUM,29.0,23
1900-01-01 11:35:00,UP,3.0,1.0,0.0,1.0,5.0,AlankarChowk,a2,a2_15_one.csv,MEDIUM,6.5,17
1900-01-01 11:40:00,DOWN,4.0,9.0,4.0,5.0,22.0,AlankarChowk,a2,a2_15_one.csv,MEDIUM,33.5,25
1900-01-01 11:40:00,LEFT,16.0,7.0,1.0,2.0,26.0,AlankarChowk,a2,a2_15_one.csv,MEDIUM,28.0,23
1900-01-01 11:40:00,RIGHT,7.0,9.0,1.0,4.0,21.0,AlankarChowk,a2,a2_15_one.csv,MEDIUM,26.0,23
1900-01-01 11:40:00,UP,1.0,3.0,0.0,0.0,4.0,AlankarChowk,a2,a2_15_one.csv,LOW,2.5,16
1900-01-01 11:45:00,DOWN,3.0,14.0,2.0,2.0,21.0,AlankarChowk,a2,a2_15_one.csv,MEDIUM,21.0,21
1900-01-01 11:45:00,LEFT,20.0,21.0,1.0,2.0,44.0,AlankarChowk,a2,a2_15_one.csv,MEDIUM,39.0,26
1900-01-01 11:45:00,RIGHT,6.0,10.0,0.0,5.0,21.0,AlankarChowk,a2,a2_15_one.csv,MEDIUM,26.0,23
1900-01-01 11:45:00,UP,0.0,0.0,0.0,0.0,0.0,AlankarChowk,a2,a2_15_one.csv,LOW,0.0,15
1900-01-01 11:50:00,DOWN,5.0,18.0,1.0,7.0,31.0,AlankarChowk,a2,a2_15_one.csv,MEDIUM,37.5,26
1900-01-01 11:50:00,LEFT,18.0,14.0,0.0,1.0,33.0,AlankarChowk,a2,a2_15_one.csv,MEDIUM,28.0,23
1900-01-01 11:50:00,RIGHT,5.0,14.0,0.0,6.0,25.0,AlankarChowk,a2,a2_15_one.csv,MEDIUM,30.0,24
1900-01-01 11:50:00,UP,3.0,3.0,0.0,0.0,6.0,AlankarChowk,a2,a2_15_one.csv,MEDIUM,4.5,16
1900-01-01 11:55:00,DOWN,2.0,20.0,3.0,4.0,29.0,AlankarChowk,a2,a2_15_one.csv,MEDIUM,31.5,24
1900-01-01 11:55:00,LEFT,16.0,12.0,0.0,0.0,28.0,AlankarChowk,a2,a2_15_one.csv,MEDIUM,22.0,21
1900-01-01 11:55:00,RIGHT,4.0,10.0,0.0,1.0,15.0,AlankarChowk,a2,a2_15_one.csv,MEDIUM,12.0,18
1900-01-01 11:55:00,UP,0.0,0.0,0.0,0.0,0.0,AlankarChowk,a2,a2_15_one.csv,LOW,0.0,15
1900-01-01 08:55:00,DOWN,0.0,0.0,0.0,0.0,0.0,AlankarChowk,a2,a2_13.csv,LOW,0.0,15
1900-01-01 08:55:00,LEFT,0.0,0.0,0.0,0.0,0.0,AlankarChowk,a2,a2_13.csv,LOW,0.0,15
1900-01-01 08:55:00,RIGHT,0.0,0.0,0.0,0.0,0.0,AlankarChowk,a2,a2_13.csv,LOW,0.0,15
1900-01-01 08:55:00,UP,0.0,0.0,0.0,0.0,0.0,AlankarChowk,a2,a2_13.csv,LOW,0.0,15
1900-01-01 09:00:00,DOWN,1.0,3.0,0.0,0.0,4.0,AlankarChowk,a2,a2_13.csv,LOW,2.5,16
1900-01-01 09:00:00,LEFT,12.0,10.0,0.0,0.0,22.0,AlankarChowk,a2,a2_13.csv,MEDIUM,17.0,20
1900-01-01 09:00:00,RIGHT,0.0,4.0,0.0,0.0,4.0,AlankarChowk,a2,a2_13.csv,LOW,2.0,16
1900-01-01 09:00:00,UP,2.0,0.0,0.0,0.0,2.0,AlankarChowk,a2,a2_13.csv,LOW,2.0,16
1900-01-01 09:05:00,DOWN,0.0,3.0,0.0,0.0,3.0,AlankarChowk,a2,a2_13.csv,LOW,1.5,15
1900-01-01 09:05:00,LEFT,5.0,3.0,0.0,0.0,8.0,AlankarChowk,a2,a2_13.csv,MEDIUM,6.5,17
1900-01-01 09:05:00,RIGHT,0.0,0.0,0.0,0.0,0.0,AlankarChowk,a2,a2_13.csv,LOW,0.0,15
1900-01-01 09:05:00,UP,0.0,1.0,0.0,0.0,1.0,AlankarChowk,a2,a2_13.csv,LOW,0.5,15
1900-01-01 09:10:00,DOWN,1.0,5.0,0.0,0.0,6.0,AlankarChowk,a2,a2_13.csv,MEDIUM,3.5,16
1900-01-01 09:10:00,LEFT,4.0,3.0,0.0,1.0,8.0,AlankarChowk,a2,a2_13.csv,MEDIUM,8.5,17
1900-01-01 09:10:00,RIGHT,0.0,3.0,0.0,0.0,3.0,AlankarChowk,a2,a2_13.csv,LOW,1.5,15
1900-01-01 09:10:00,UP,0.0,1.0,0.0,0.0,1.0,AlankarChowk,a2,a2_13.csv,LOW,0.5,15
1900-01-01 09:15:00,DOWN,0.0,0.0,0.0,0.0,0.0,AlankarChowk,a2,a2_13.csv,LOW,0.0,15
1900-01-01 09:15:00,LEFT,5.0,3.0,0.0,2.0,10.0,AlankarChowk,a2,a2_13.csv,MEDIUM,12.5,19
1900-01-01 09:15:00,RIGHT,1.0,1.0,1.0,0.0,3.0,AlankarChowk,a2,a2_13.csv,LOW,4.0,16
1900-01-01 09:15:00,UP,1.0,2.0,0.0,0.0,3.0,AlankarChowk,a2,a2_13.csv,LOW,2.0,16
1900-01-01 09:20:00,DOWN,0.0,5.0,0.0,0.0,5.0,AlankarChowk,a2,a2_13.csv,MEDIUM,2.5,16
1900-01-01 09:20:00,LEFT,4.0,2.0,0.0,1.0,7.0,AlankarChowk,a2,a2_13.csv,MEDIUM,8.0,17
1900-01-01 09:20:00,RIGHT,0.0,1.0,0.0,1.0,2.0,AlankarChowk,a2,a2_13.csv,LOW,3.5,16
1900-01-01 09:20:00,UP,0.0,2.0,0.0,0.0,2.0,AlankarChowk,a2,a2_13.csv,LOW,1.0,15
1900-01-01 09:25:00,DOWN,2.0,4.0,0.0,0.0,6.0,AlankarChowk,a2,a2_13.csv,MEDIUM,4.0,16
1900-01-01 09:25:00,LEFT,10.0,7.0,0.0,2.0,19.0,AlankarChowk,a2,a2_13.csv,MEDIUM,19.5,21
1900-01-01 09:25:00,RIGHT,2.0,0.0,0.0,0.0,2.0,AlankarChowk,a2,a2_13.csv,LOW,2.0,16
1900-01-01 09:25:00,UP,1.0,1.0,0.0,0.0,2.0,AlankarChowk,a2,a2_13.csv,LOW,1.5,15
1900-01-01 09:30:00,DOWN,1.0,3.0,0.0,0.0,4.0,AlankarChowk,a2,a2_13.csv,LOW,2.5,16
1900-01-01 09:30:00,LEFT,6.0,1.0,0.0,1.0,8.0,AlankarChowk,a2,a2_13.csv,MEDIUM,9.5,18
1900-01-01 09:30:00,RIGHT,3.0,1.0,0.0,0.0,4.0,AlankarChowk,a2,a2_13.csv,LOW,3.5,16
1900-01-01 09:30:00,UP,0.0,0.0,0.0,0.0,0.0,AlankarChowk,a2,a2_13.csv,LOW,0.0,15
1900-01-01 09:35:00,DOWN,0.0,0.0,0.0,0.0,0.0,AlankarChowk,a2,a2_13.csv,LOW,0.0,15
1900-01-01 09:35:00,LEFT,11.0,2.0,0.0,0.0,13.0,AlankarChowk,a2,a2_13.csv,MEDIUM,12.0,18
1900-01-01 09:35:00,RIGHT,0.0,1.0,0.0,0.0,1.0,AlankarChowk,a2,a2_13.csv,LOW,0.5,15
1900-01-01 09:35:00,UP,1.0,2.0,0.0,0.0,3.0,AlankarChowk,a2,a2_13.csv,LOW,2.0,16
1900-01-01 09:40:00,DOWN,0.0,8.0,0.0,0.0,8.0,AlankarChowk,a2,a2_13.csv,MEDIUM,4.0,16
1900-01-01 09:40:00,LEFT,4.0,1.0,1.0,0.0,6.0,AlankarChowk,a2,a2_13.csv,MEDIUM,7.0,17
1900-01-01 09:40:00,RIGHT,1.0,1.0,0.0,0.0,2.0,AlankarChowk,a2,a2_13.csv,LOW,1.5,15
1900-01-01 09:40:00,UP,0.0,2.0,0.0,0.0,2.0,AlankarChowk,a2,a2_13.csv,LOW,1.0,15
1900-01-01 09:45:00,DOWN,1.0,3.0,0.0,0.0,4.0,AlankarChowk,a2,a2_13.csv,LOW,2.5,16
1900-01-01 09:45:00,LEFT,4.0,5.0,1.0,0.0,10.0,AlankarChowk,a2,a2_13.csv,MEDIUM,9.0,18
1900-01-01 09:45:00,RIGHT,0.0,234.0,0.0,0.0,234.0,AlankarChowk,a2,a2_13.csv,VERY_HIGH,117.0,49
1900-01-01 09:45:00,UP,1.0,1.0,0.0,0.0,2.0,AlankarChowk,a2,a2_13.csv,LOW,1.5,15
1900-01-01 09:50:00,DOWN,0.0,1.0,0.0,0.0,1.0,AlankarChowk,a2,a2_13.csv,LOW,0.5,15
1900-01-01 09:50:00,LEFT,5.0,7.0,0.0,2.0,14.0,AlankarChowk,a2,a2_13.csv,MEDIUM,14.5,19
1900-01-01 09:50:00,RIGHT,1.0,0.0,0.0,0.0,1.0,AlankarChowk,a2,a2_13.csv,LOW,1.0,15
1900-01-01 09:50:00,UP,0.0,1.0,0.0,0.0,1.0,AlankarChowk,a2,a2_13.csv,LOW,0.5,15
1900-01-01 09:55:00,DOWN,2.0,1.0,0.0,0.0,3.0,AlankarChowk,a2,a2_13.csv,LOW,2.5,16
1900-01-01 09:55:00,LEFT,6.0,0.0,0.0,0.0,6.0,AlankarChowk,a2,a2_13.csv,MEDIUM,6.0,17
1900-01-01 09:55:00,RIGHT,4.0,0.0,0.0,2.0,6.0,AlankarChowk,a2,a2_13.csv,MEDIUM,10.0,18
1900-01-01 09:55:00,UP,1.0,0.0,0.0,0.0,1.0,AlankarChowk,a2,a2_13.csv,LOW,1.0,15
1900-01-01 10:00:00,DOWN,0.0,3.0,0.0,0.0,3.0,AlankarChowk,a2,a2_13.csv,LOW,1.5,15
1900-01-01 10:00:00,LEFT,4.0,4.0,0.0,0.0,8.0,AlankarChowk,a2,a2_13.csv,MEDIUM,6.0,17
1900-01-01 10:00:00,RIGHT,4.0,1.0,1.0,0.0,6.0,AlankarChowk,a2,a2_13.csv,MEDIUM,7.0,17
1900-01-01 10:00:00,UP,0.0,1.0,0.0,0.0,1.0,AlankarChowk,a2,a2_13.csv,LOW,0.5,15
1900-01-01 10:05:00,DOWN,1.0,2.0,0.0,0.0,3.0,AlankarChowk,a2,a2_13.csv,LOW,2.0,16
1900-01-01 10:05:00,LEFT,11.0,1.0,0.0,1.0,13.0,AlankarChowk,a2,a2_13.csv,MEDIUM,14.5,19
1900-01-01 10:05:00,RIGHT,1.0,1.0,0.0,0.0,2.0,AlankarChowk,a2,a2_13.csv,LOW,1.5,15
1900-01-01 10:05:00,UP,0.0,0.0,0.0,0.0,0.0,AlankarChowk,a2,a2_13.csv,LOW,0.0,15
1900-01-01 10:10:00,DOWN,0.0,2.0,0.0,0.0,2.0,AlankarChowk,a2,a2_13.csv,LOW,1.0,15
1900-01-01 10:10:00,LEFT,8.0,2.0,0.0,0.0,10.0,AlankarChowk,a2,a2_13.csv,MEDIUM,9.0,18
1900-01-01 10:10:00,RIGHT,4.0,1.0,0.0,1.0,6.0,AlankarChowk,a2,a2_13.csv,MEDIUM,7.5,17
1900-01-01 10:10:00,UP,0.0,1.0,0.0,0.0,1.0,AlankarChowk,a2,a2_13.csv,LOW,0.5,15
1900-01-01 10:15:00,DOWN,2.0,1.0,0.0,0.0,3.0,AlankarChowk,a2,a2_13.csv,LOW,2.5,16
1900-01-01 10:15:00,LEFT,10.0,3.0,0.0,0.0,13.0,AlankarChowk,a2,a2_13.csv,MEDIUM,11.5,18
1900-01-01 10:15:00,RIGHT,2.0,0.0,0.0,0.0,2.0,AlankarChowk,a2,a2_13.csv,LOW,2.0,16
1900-01-01 10:15:00,UP,1.0,1.0,0.0,0.0,2.0,AlankarChowk,a2,a2_13.csv,LOW,1.5,15
1900-01-01 10:20:00,DOWN,1.0,3.0,0.0,0.0,4.0,AlankarChowk,a2,a2_13.csv,LOW,2.5,16
1900-01-01 10:20:00,LEFT,7.0,2.0,0.0,1.0,10.0,AlankarChowk,a2,a2_13.csv,MEDIUM,11.0,18
1900-01-01 10:20:00,RIGHT,1.0,2.0,1.0,0.0,4.0,AlankarChowk,a2,a2_13.csv,LOW,4.5,16
1900-01-01 10:20:00,UP,0.0,6.0,0.0,0.0,6.0,AlankarChowk,a2,a2_13.csv,MEDIUM,3.0,16
1900-01-01 10:25:00,DOWN,0.0,7.0,0.0,0.0,7.0,AlankarChowk,a2,a2_13.csv,MEDIUM,3.5,16
1900-01-01 10:25:00,LEFT,10.0,4.0,0.0,1.0,15.0,AlankarChowk,a2,a2_13.csv,MEDIUM,15.0,19
1900-01-01 10:25:00,RIGHT,0.0,26.0,0.0,0.0,26.0,AlankarChowk,a2,a2_13.csv,MEDIUM,13.0,19
1900-01-01 10:25:00,UP,5.0,1.0,0.0,0.0,6.0,AlankarChowk,a2,a2_13.csv,MEDIUM,5.5,17
1900-01-01 10:30:00,DOWN,0.0,1.0,0.0,0.0,1.0,AlankarChowk,a2,a2_13.csv,LOW,0.5,15
1900-01-01 10:30:00,LEFT,7.0,2.0,0.0,1.0,10.0,AlankarChowk,a2,a2_13.csv,MEDIUM,11.0,18
1900-01-01 10:30:00,RIGHT,2.0,1.0,0.0,0.0,3.0,AlankarChowk,a2,a2_13.csv,LOW,2.5,16
1900-01-01 10:30:00,UP,0.0,1.0,0.0,0.0,1.0,AlankarChowk,a2,a2_13.csv,LOW,0.5,15
1900-01-01 10:35:00,DOWN,0.0,3.0,0.0,0.0,3.0,AlankarChowk,a2,a2_13.csv,LOW,1.5,15
1900-01-01 10:35:00,LEFT,13.0,6.0,0.0,0.0,19.0,AlankarChowk,a2,a2_13.csv,MEDIUM,16.0,20
1900-01-01 10:35:00,RIGHT,2.0,0.0,0.0,1.0,3.0,AlankarChowk,a2,a2_13.csv,LOW,5.0,16
1900-01-01 10:35:00,UP,1.0,2.0,0.0,0.0,3.0,AlankarChowk,a2,a2_13.csv,LOW,2.0,16
1900-01-01 10:40:00,DOWN,0.0,3.0,0.0,0.0,3.0,AlankarChowk,a2,a2_13.csv,LOW,1.5,15
1900-01-01 10:40:00,LEFT,14.0,2.0,0.0,2.0,18.0,AlankarChowk,a2,a2_13.csv,MEDIUM,21.0,21
1900-01-01 10:40:00,RIGHT,8.0,0.0,0.0,0.0,8.0,AlankarChowk,a2,a2_13.csv,MEDIUM,8.0,17
1900-01-01 10:40:00,UP,0.0,2.0,0.0,0.0,2.0,AlankarChowk,a2,a2_13.csv,LOW,1.0,15
1900-01-01 10:45:00,DOWN,0.0,3.0,0.0,0.0,3.0,AlankarChowk,a2,a2_13.csv,LOW,1.5,15
1900-01-01 10:45:00,LEFT,9.0,0.0,0.0,1.0,10.0,AlankarChowk,a2,a2_13.csv,MEDIUM,12.0,18
1900-01-01 10:45:00,RIGHT,0.0,0.0,0.0,0.0,0.0,AlankarChowk,a2,a2_13.csv,LOW,0.0,15
1900-01-01 10:45:00,UP,0.0,0.0,0.0,0.0,0.0,AlankarChowk,a2,a2_13.csv,LOW,0.0,15
1900-01-01 10:50:00,DOWN,1.0,2.0,0.0,0.0,3.0,AlankarChowk,a2,a2_13.csv,LOW,2.0,16
1900-01-01 10:50:00,LEFT,11.0,3.0,0.0,1.0,15.0,AlankarChowk,a2,a2_13.csv,MEDIUM,15.5,19
1900-01-01 10:50:00,RIGHT,0.0,0.0,0.0,0.0,0.0,AlankarChowk,a2,a2_13.csv,LOW,0.0,15
1900-01-01 10:50:00,UP,0.0,1.0,0.0,0.0,1.0,AlankarChowk,a2,a2_13.csv,LOW,0.5,15
1900-01-01 10:55:00,DOWN,1.0,5.0,0.0,0.0,6.0,AlankarChowk,a2,a2_13.csv,MEDIUM,3.5,16
1900-01-01 10:55:00,LEFT,19.0,7.0,0.0,3.0,29.0,AlankarChowk,a2,a2_13.csv,MEDIUM,31.5,24
1900-01-01 10:55:00,RIGHT,2.0,4.0,1.0,0.0,7.0,AlankarChowk,a2,a2_13.csv,MEDIUM,6.5,17
1900-01-01 10:55:00,UP,2.0,2.0,0.0,0.0,4.0,AlankarChowk,a2,a2_13.csv,LOW,3.0,16
1900-01-01 11:00:00,DOWN,2.0,7.0,0.0,0.0,9.0,AlankarChowk,a2,a2_13.csv,MEDIUM,5.5,17
1900-01-01 11:00:00,LEFT,30.0,4.0,0.0,2.0,36.0,AlankarChowk,a2,a2_13.csv,MEDIUM,38.0,26
1900-01-01 11:00:00,RIGHT,2.0,1.0,0.0,0.0,3.0,AlankarChowk,a2,a2_13.csv,LOW,2.5,16
1900-01-01 11:00:00,UP,6.0,4.0,0.0,1.0,11.0,AlankarChowk,a2,a2_13.csv,MEDIUM,11.0,18
1900-01-01 11:05:00,DOWN,0.0,3.0,0.0,0.0,3.0,AlankarChowk,a2,a2_13.csv,LOW,1.5,15
1900-01-01 11:05:00,LEFT,14.0,4.0,0.0,0.0,18.0,AlankarChowk,a2,a2_13.csv,MEDIUM,16.0,20
1900-01-01 11:05:00,RIGHT,0.0,2.0,0.0,0.0,2.0,AlankarChowk,a2,a2_13.csv,LOW,1.0,15
1900-01-01 11:05:00,UP,1.0,5.0,0.0,0.0,6.0,AlankarChowk,a2,a2_13.csv,MEDIUM,3.5,16
1900-01-01 11:10:00,DOWN,1.0,4.0,0.0,0.0,5.0,AlankarChowk,a2,a2_13.csv,MEDIUM,3.0,16
1900-01-01 11:10:00,LEFT,5.0,7.0,1.0,1.0,14.0,AlankarChowk,a2,a2_13.csv,MEDIUM,14.0,19
1900-01-01 11:10:00,RIGHT,1.0,0.0,0.0,0.0,1.0,AlankarChowk,a2,a2_13.csv,LOW,1.0,15
1900-01-01 11:10:00,UP,0.0,0.0,0.0,0.0,0.0,AlankarChowk,a2,a2_13.csv,LOW,0.0,15
1900-01-01 11:15:00,DOWN,3.0,3.0,0.0,0.0,6.0,AlankarChowk,a2,a2_13.csv,MEDIUM,4.5,16
1900-01-01 11:15:00,LEFT,11.0,10.0,0.0,0.0,21.0,AlankarChowk,a2,a2_13.csv,MEDIUM,16.0,20
1900-01-01 11:15:00,RIGHT,2.0,0.0,0.0,0.0,2.0,AlankarChowk,a2,a2_13.csv,LOW,2.0,16
1900-01-01 11:15:00,UP,2.0,0.0,0.0,0.0,2.0,AlankarChowk,a2,a2_13.csv,LOW,2.0,16
1900-01-01 11:20:00,DOWN,0.0,6.0,0.0,0.0,6.0,AlankarChowk,a2,a2_13.csv,MEDIUM,3.0,16
1900-01-01 11:20:00,LEFT,11.0,18.0,0.0,0.0,29.0,AlankarChowk,a2,a2_13.csv,MEDIUM,20.0,21
1900-01-01 11:20:00,RIGHT,0.0,33.0,0.0,0.0,33.0,AlankarChowk,a2,a2_13.csv,MEDIUM,16.5,20
1900-01-01 11:20:00,UP,1.0,0.0,0.0,0.0,1.0,AlankarChowk,a2,a2_13.csv,LOW,1.0,15
1900-01-01 11:25:00,DOWN,2.0,2.0,0.0,0.0,4.0,AlankarChowk,a2,a2_13.csv,LOW,3.0,16
1900-01-01 11:25:00,LEFT,9.0,3.0,0.0,0.0,12.0,AlankarChowk,a2,a2_13.csv,MEDIUM,10.5,18
1900-01-01 11:25:00,RIGHT,0.0,0.0,0.0,0.0,0.0,AlankarChowk,a2,a2_13.csv,LOW,0.0,15
1900-01-01 11:25:00,UP,0.0,8.0,0.0,0.0,8.0,AlankarChowk,a2,a2_13.csv,MEDIUM,4.0,16
1900-01-01 09:00:00,DOWN,0.0,3.0,6.0,0.0,9.0,AlankarChowk,a2,a2_12.csv,MEDIUM,16.5,20
1900-01-01 09:00:00,LEFT,8.0,10.0,0.0,2.0,20.0,AlankarChowk,a2,a2_12.csv,MEDIUM,19.0,20
1900-01-01 09:00:00,RIGHT,5.0,12.0,0.0,2.0,19.0,AlankarChowk,a2,a2_12.csv,MEDIUM,17.0,20
1900-01-01 09:00:00,UP,0.0,3.0,1.0,0.0,4.0,AlankarChowk,a2,a2_12.csv,LOW,4.0,16
1900-01-01 09:05:00,DOWN,2.0,9.0,2.0,1.0,14.0,AlankarChowk,a2,a2_12.csv,MEDIUM,14.5,19
1900-01-01 09:05:00,LEFT,11.0,20.0,0.0,1.0,32.0,AlankarChowk,a2,a2_12.csv,MEDIUM,24.0,22
1900-01-01 09:05:00,RIGHT,6.0,14.0,1.0,3.0,24.0,AlankarChowk,a2,a2_12.csv,MEDIUM,24.5,22
1900-01-01 09:05:00,UP,1.0,2.0,0.0,1.0,4.0,AlankarChowk,a2,a2_12.csv,LOW,5.0,16
1900-01-01 09:10:00,DOWN,0.0,11.0,2.0,1.0,14.0,AlankarChowk,a2,a2_12.csv,MEDIUM,13.5,19
1900-01-01 09:10:00,LEFT,7.0,11.0,0.0,3.0,21.0,AlankarChowk,a2,a2_12.csv,MEDIUM,21.5,21
1900-01-01 09:10:00,RIGHT,3.0,24.0,0.0,1.0,28.0,AlankarChowk,a2,a2_12.csv,MEDIUM,18.0,20
1900-01-01 09:10:00,UP,0.0,0.0,0.0,0.0,0.0,AlankarChowk,a2,a2_12.csv,LOW,0.0,15
1900-01-01 09:15:00,DOWN,2.0,10.0,4.0,3.0,19.0,AlankarChowk,a2,a2_12.csv,MEDIUM,26.0,23
1900-01-01 09:15:00,LEFT,14.0,8.0,0.0,0.0,22.0,AlankarChowk,a2,a2_12.csv,MEDIUM,18.0,20
1900-01-01 09:15:00,RIGHT,5.0,9.0,1.0,2.0,17.0,AlankarChowk,a2,a2_12.csv,MEDIUM,18.0,20
1900-01-01 09:15:00,UP,1.0,2.0,0.0,0.0,3.0,AlankarChowk,a2,a2_12.csv,LOW,2.0,16
1900-01-01 09:20:00,DOWN,1.0,16.0,5.0,1.0,23.0,AlankarChowk,a2,a2_12.csv,MEDIUM,24.5,22
1900-01-01 09:20:00,LEFT,10.0,13.0,0.0,0.0,23.0,AlankarChowk,a2,a2_12.csv,MEDIUM,16.5,20
1900-01-01 09:20:00,RIGHT,11.0,32.0,2.0,0.0,45.0,AlankarChowk,a2,a2_12.csv,MEDIUM,32.0,24
1900-01-01 09:20:00,UP,2.0,2.0,0.0,0.0,4.0,AlankarChowk,a2,a2_12.csv,LOW,3.0,16
1900-01-01 09:25:00,DOWN,0.0,11.0,2.0,3.0,16.0,AlankarChowk,a2,a2_12.csv,MEDIUM,19.5,21
1900-01-01 09:25:00,LEFT,12.0,14.0,1.0,2.0,29.0,AlankarChowk,a2,a2_12.csv,MEDIUM,27.5,23
1900-01-01 09:25:00,RIGHT,7.0,34.0,1.0,3.0,45.0,AlankarChowk,a2,a2_12.csv,MEDIUM,35.5,25
1900-01-01 09:25:00,UP,0.0,1.0,0.0,0.0,1.0,AlankarChowk,a2,a2_12.csv,LOW,0.5,15
1900-01-01 09:30:00,DOWN,6.0,13.0,3.0,3.0,25.0,AlankarChowk,a2,a2_12.csv,MEDIUM,29.0,23
1900-01-01 09:30:00,LEFT,12.0,13.0,0.0,1.0,26.0,AlankarChowk,a2,a2_12.csv,MEDIUM,21.5,21
1900-01-01 09:30:00,RIGHT,6.0,17.0,1.0,0.0,24.0,AlankarChowk,a2,a2_12.csv,MEDIUM,17.0,20
1900-01-01 09:30:00,UP,1.0,4.0,0.0,1.0,6.0,AlankarChowk,a2,a2_12.csv,MEDIUM,6.0,17
1900-01-01 09:35:00,DOWN,1.0,12.0,6.0,1.0,20.0,AlankarChowk,a2,a2_12.csv,MEDIUM,25.0,22
1900-01-01 09:35:00,LEFT,15.0,20.0,1.0,1.0,37.0,AlankarChowk,a2,a2_12.csv,MEDIUM,30.5,24
1900-01-01 09:35:00,RIGHT,6.0,15.0,1.0,3.0,25.0,AlankarChowk,a2,a2_12.csv,MEDIUM,25.0,22
1900-01-01 09:35:00,UP,0.0,2.0,0.0,0.0,2.0,AlankarChowk,a2,a2_12.csv,LOW,1.0,15
1900-01-01 09:40:00,DOWN,2.0,21.0,4.0,1.0,28.0,AlankarChowk,a2,a2_12.csv,MEDIUM,25.5,22
1900-01-01 09:40:00,LEFT,19.0,18.0,0.0,3.0,40.0,AlankarChowk,a2,a2_12.csv,MEDIUM,37.0,26
1900-01-01 09:40:00,RIGHT,8.0,17.0,1.0,1.0,27.0,AlankarChowk,a2,a2_12.csv,MEDIUM,22.0,21
1900-01-01 09:40:00,UP,3.0,1.0,0.0,0.0,4.0,AlankarChowk,a2,a2_12.csv,LOW,3.5,16
1900-01-01 09:45:00,DOWN,2.0,9.0,5.0,4.0,20.0,AlankarChowk,a2,a2_12.csv,MEDIUM,31.0,24
1900-01-01 09:45:00,LEFT,18.0,13.0,0.0,1.0,32.0,AlankarChowk,a2,a2_12.csv,MEDIUM,27.5,23
1900-01-01 09:45:00,RIGHT,8.0,28.0,0.0,1.0,37.0,AlankarChowk,a2,a2_12.csv,MEDIUM,25.0,22
1900-01-01 09:45:00,UP,2.0,3.0,0.0,0.0,5.0,AlankarChowk,a2,a2_12.csv,MEDIUM,3.5,16
1900-01-01 09:50:00,DOWN,0.0,19.0,4.0,1.0,24.0,AlankarChowk,a2,a2_12.csv,MEDIUM,22.5,22
1900-01-01 09:50:00,LEFT,11.0,14.0,0.0,2.0,27.0,AlankarChowk,a2,a2_12.csv,MEDIUM,24.0,22
1900-01-01 09:50:00,RIGHT,6.0,12.0,0.0,0.0,18.0,AlankarChowk,a2,a2_12.csv,MEDIUM,12.0,18
1900-01-01 09:50:00,UP,4.0,1.0,0.0,0.0,5.0,AlankarChowk,a2,a2_12.csv,MEDIUM,4.5,16
1900-01-01 09:55:00,DOWN,1.0,22.0,3.0,2.0,28.0,AlankarChowk,a2,a2_12.csv,MEDIUM,25.5,22
1900-01-01 09:55:00,LEFT,17.0,18.0,1.0,1.0,37.0,AlankarChowk,a2,a2_12.csv,MEDIUM,31.5,24
1900-01-01 09:55:00,RIGHT,9.0,13.0,0.0,1.0,23.0,AlankarChowk,a2,a2_12.csv,MEDIUM,18.5,20
1900-01-01 09:55:00,UP,2.0,2.0,0.0,0.0,4.0,AlankarChowk,a2,a2_12.csv,LOW,3.0,16
1900-01-01 10:00:00,DOWN,2.0,15.0,2.0,5.0,24.0,AlankarChowk,a2,a2_12.csv,MEDIUM,29.5,24
1900-01-01 10:00:00,LEFT,24.0,18.0,0.0,0.0,42.0,AlankarChowk,a2,a2_12.csv,MEDIUM,33.0,25
1900-01-01 10:00:00,RIGHT,5.0,31.0,0.0,3.0,39.0,AlankarChowk,a2,a2_12.csv,MEDIUM,29.5,24
1900-01-01 10:00:00,UP,1.0,0.0,0.0,0.0,1.0,AlankarChowk,a2,a2_12.csv,LOW,1.0,15
1900-01-01 10:05:00,DOWN,3.0,13.0,6.0,3.0,25.0,AlankarChowk,a2,a2_12.csv,MEDIUM,33.5,25
1900-01-01 10:05:00,LEFT,13.0,19.0,0.0,0.0,32.0,AlankarChowk,a2,a2_12.csv,MEDIUM,22.5,22
1900-01-01 10:05:00,RIGHT,7.0,21.0,2.0,0.0,30.0,AlankarChowk,a2,a2_12.csv,MEDIUM,22.5,22
1900-01-01 10:05:00,UP,2.0,0.0,0.0,0.0,2.0,AlankarChowk,a2,a2_12.csv,LOW,2.0,16
1900-01-01 10:10:00,DOWN,2.0,15.0,6.0,1.0,24.0,AlankarChowk,a2,a2_12.csv,MEDIUM,27.5,23
1900-01-01 10:10:00,LEFT,19.0,8.0,0.0,0.0,27.0,AlankarChowk,a2,a2_12.csv,MEDIUM,23.0,22
1900-01-01 10:10:00,RIGHT,5.0,11.0,0.0,0.0,16.0,AlankarChowk,a2,a2_12.csv,MEDIUM,10.5,18
1900-01-01 10:10:00,UP,0.0,5.0,0.0,1.0,6.0,AlankarChowk,a2,a2_12.csv,MEDIUM,5.5,17
1900-01-01 10:15:00,DOWN,0.0,21.0,5.0,2.0,28.0,AlankarChowk,a2,a2_12.csv,MEDIUM,29.0,23
1900-01-01 10:15:00,LEFT,12.0,24.0,0.0,1.0,37.0,AlankarChowk,a2,a2_12.csv,MEDIUM,27.0,23
1900-01-01 10:15:00,RIGHT,7.0,16.0,0.0,2.0,25.0,AlankarChowk,a2,a2_12.csv,MEDIUM,21.0,21
1900-01-01 10:15:00,UP,0.0,1.0,0.0,0.0,1.0,AlankarChowk,a2,a2_12.csv,LOW,0.5,15
1900-01-01 10:20:00,DOWN,0.0,18.0,5.0,2.0,25.0,AlankarChowk,a2,a2_12.csv,MEDIUM,27.5,23
1900-01-01 10:20:00,LEFT,10.0,19.0,0.0,0.0,29.0,AlankarChowk,a2,a2_12.csv,MEDIUM,19.5,21
1900-01-01 10:20:00,RIGHT,9.0,14.0,2.0,0.0,25.0,AlankarChowk,a2,a2_12.csv,MEDIUM,21.0,21
1900-01-01 10:20:00,UP,1.0,2.0,0.0,0.0,3.0,AlankarChowk,a2,a2_12.csv,LOW,2.0,16
1900-01-01 10:25:00,DOWN,2.0,16.0,4.0,6.0,28.0,AlankarChowk,a2,a2_12.csv,MEDIUM,38.0,26
1900-01-01 10:25:00,LEFT,11.0,18.0,0.0,1.0,30.0,AlankarChowk,a2,a2_12.csv,MEDIUM,23.0,22
1900-01-01 10:25:00,RIGHT,9.0,24.0,0.0,2.0,35.0,AlankarChowk,a2,a2_12.csv,MEDIUM,27.0,23
1900-01-01 10:25:00,UP,0.0,4.0,0.0,0.0,4.0,AlankarChowk,a2,a2_12.csv,LOW,2.0,16
1900-01-01 10:30:00,DOWN,1.0,20.0,4.0,3.0,28.0,AlankarChowk,a2,a2_12.csv,MEDIUM,30.0,24
1900-01-01 10:30:00,LEFT,13.0,26.0,0.0,1.0,40.0,AlankarChowk,a2,a2_12.csv,MEDIUM,29.0,23
1900-01-01 10:30:00,RIGHT,11.0,16.0,3.0,3.0,33.0,AlankarChowk,a2,a2_12.csv,MEDIUM,35.5,25
1900-01-01 10:30:00,UP,1.0,2.0,0.0,0.0,3.0,AlankarChowk,a2,a2_12.csv,LOW,2.0,16
1900-01-01 10:35:00,DOWN,1.0,14.0,4.0,2.0,21.0,AlankarChowk,a2,a2_12.csv,MEDIUM,24.0,22
1900-01-01 10:35:00,LEFT,14.0,12.0,0.0,1.0,27.0,AlankarChowk,a2,a2_12.csv,MEDIUM,23.0,22
1900-01-01 10:35:00,RIGHT,5.0,13.0,0.0,1.0,19.0,AlankarChowk,a2,a2_12.csv,MEDIUM,14.5,19
1900-01-01 10:35:00,UP,3.0,3.0,0.0,0.0,6.0,AlankarChowk,a2,a2_12.csv,MEDIUM,4.5,16
1900-01-01 10:40:00,DOWN,1.0,14.0,4.0,4.0,23.0,AlankarChowk,a2,a2_12.csv,MEDIUM,30.0,24
1900-01-01 10:40:00,LEFT,16.0,21.0,0.0,1.0,38.0,AlankarChowk,a2,a2_12.csv,MEDIUM,29.5,24
1900-01-01 10:40:00,RIGHT,11.0,17.0,1.0,0.0,29.0,AlankarChowk,a2,a2_12.csv,MEDIUM,22.0,21
1900-01-01 10:40:00,UP,3.0,3.0,0.0,0.0,6.0,AlankarChowk,a2,a2_12.csv,MEDIUM,4.5,16
1900-01-01 10:45:00,DOWN,2.0,15.0,7.0,4.0,28.0,AlankarChowk,a2,a2_12.csv,MEDIUM,39.0,26
1900-01-01 10:45:00,LEFT,24.0,16.0,0.0,1.0,41.0,AlankarChowk,a2,a2_12.csv,MEDIUM,35.0,25
1900-01-01 10:45:00,RIGHT,10.0,8.0,0.0,1.0,19.0,AlankarChowk,a2,a2_12.csv,MEDIUM,17.0,20
1900-01-01 10:45:00,UP,0.0,3.0,1.0,0.0,4.0,AlankarChowk,a2,a2_12.csv,LOW,4.0,16
1900-01-01 10:50:00,DOWN,2.0,21.0,9.0,1.0,33.0,AlankarChowk,a2,a2_12.csv,MEDIUM,38.0,26
1900-01-01 10:50:00,LEFT,16.0,7.0,0.0,2.0,25.0,AlankarChowk,a2,a2_12.csv,MEDIUM,25.5,22
1900-01-01 10:50:00,RIGHT,14.0,8.0,1.0,1.0,24.0,AlankarChowk,a2,a2_12.csv,MEDIUM,23.5,22
1900-01-01 10:50:00,UP,1.0,0.0,0.0,0.0,1.0,AlankarChowk,a2,a2_12.csv,LOW,1.0,15
1900-01-01 10:55:00,DOWN,2.0,16.0,6.0,3.0,27.0,AlankarChowk,a2,a2_12.csv,MEDIUM,34.0,25
1900-01-01 10:55:00,LEFT,13.0,19.0,0.0,1.0,33.0,AlankarChowk,a2,a2_12.csv,MEDIUM,25.5,22
1900-01-01 10:55:00,RIGHT,13.0,24.0,1.0,1.0,39.0,AlankarChowk,a2,a2_12.csv,MEDIUM,30.5,24
1900-01-01 10:55:00,UP,0.0,3.0,0.0,0.0,3.0,AlankarChowk,a2,a2_12.csv,LOW,1.5,15
1900-01-01 11:00:00,DOWN,6.0,22.0,5.0,1.0,34.0,AlankarChowk,a2,a2_12.csv,MEDIUM,32.5,24
1900-01-01 11:00:00,LEFT,22.0,12.0,0.0,2.0,36.0,AlankarChowk,a2,a2_12.csv,MEDIUM,34.0,25
1900-01-01 11:00:00,RIGHT,14.0,9.0,0.0,2.0,25.0,AlankarChowk,a2,a2_12.csv,MEDIUM,24.5,22
1900-01-01 11:00:00,UP,0.0,3.0,0.0,0.0,3.0,AlankarChowk,a2,a2_12.csv,LOW,1.5,15
1900-01-01 11:05:00,DOWN,3.0,19.0,7.0,3.0,32.0,AlankarChowk,a2,a2_12.csv,MEDIUM,39.0,26
1900-01-01 11:05:00,LEFT,17.0,9.0,0.0,0.0,26.0,AlankarChowk,a2,a2_12.csv,MEDIUM,21.5,21
1900-01-01 11:05:00,RIGHT,13.0,5.0,0.0,1.0,19.0,AlankarChowk,a2,a2_12.csv,MEDIUM,18.5,20
1900-01-01 11:05:00,UP,3.0,4.0,0.0,0.0,7.0,AlankarChowk,a2,a2_12.csv,MEDIUM,5.0,16
1900-01-01 11:10:00,DOWN,3.0,22.0,6.0,1.0,32.0,AlankarChowk,a2,a2_12.csv,MEDIUM,32.0,24
1900-01-01 11:10:00,LEFT,22.0,18.0,0.0,1.0,41.0,AlankarChowk,a2,a2_12.csv,MEDIUM,34.0,25
1900-01-01 11:10:00,RIGHT,9.0,11.0,0.0,2.0,22.0,AlankarChowk,a2,a2_12.csv,MEDIUM,20.5,21
1900-01-01 11:10:00,UP,1.0,3.0,0.0,0.0,4.0,AlankarChowk,a2,a2_12.csv,LOW,2.5,16
1900-01-01 11:15:00,DOWN,1.0,16.0,3.0,1.0,21.0,AlankarChowk,a2,a2_12.csv,MEDIUM,19.5,21
1900-01-01 11:15:00,LEFT,13.0,15.0,0.0,0.0,28.0,AlankarChowk,a2,a2_12.csv,MEDIUM,20.5,21
1900-01-01 11:15:00,RIGHT,9.0,9.0,0.0,4.0,22.0,AlankarChowk,a2,a2_12.csv,MEDIUM,25.5,22
1900-01-01 11:15:00,UP,0.0,4.0,0.0,0.0,4.0,AlankarChowk,a2,a2_12.csv,LOW,2.0,16
1900-01-01 11:20:00,DOWN,0.0,12.0,3.0,1.0,16.0,AlankarChowk,a2,a2_12.csv,MEDIUM,16.5,20
1900-01-01 11:20:00,LEFT,8.0,13.0,0.0,1.0,22.0,AlankarChowk,a2,a2_12.csv,MEDIUM,17.5,20
1900-01-01 11:20:00,RIGHT,6.0,13.0,1.0,3.0,23.0,AlankarChowk,a2,a2_12.csv,MEDIUM,24.0,22
1900-01-01 11:20:00,UP,1.0,4.0,0.0,0.0,5.0,AlankarChowk,a2,a2_12.csv,MEDIUM,3.0,16
1900-01-01 11:25:00,DOWN,1.0,12.0,4.0,2.0,19.0,AlankarChowk,a2,a2_12.csv,MEDIUM,23.0,22
1900-01-01 11:25:00,LEFT,10.0,10.0,0.0,1.0,21.0,AlankarChowk,a2,a2_12.csv,MEDIUM,18.0,20
1900-01-01 11:25:00,RIGHT,2.0,8.0,0.0,0.0,10.0,AlankarChowk,a2,a2_12.csv,MEDIUM,6.0,17
1900-01-01 11:25:00,UP,1.0,1.0,0.0,0.0,2.0,AlankarChowk,a2,a2_12.csv,LOW,1.5,15
1900-01-01 08:55:00,DOWN,0.0,0.0,0.0,0.0,0.0,AlankarChowk,a2,a2_16.csv,LOW,0.0,15
1900-01-01 08:55:00,LEFT,1.0,1.0,0.0,0.0,2.0,AlankarChowk,a2,a2_16.csv,LOW,1.5,15
1900-01-01 08:55:00,RIGHT,0.0,1.0,0.0,0.0,1.0,AlankarChowk,a2,a2_16.csv,LOW,0.5,15
1900-01-01 08:55:00,UP,0.0,0.0,0.0,0.0,0.0,AlankarChowk,a2,a2_16.csv,LOW,0.0,15
1900-01-01 09:00:00,DOWN,1.0,8.0,2.0,5.0,16.0,AlankarChowk,a2,a2_16.csv,MEDIUM,25.0,22
1900-01-01 09:00:00,LEFT,7.0,9.0,0.0,0.0,16.0,AlankarChowk,a2,a2_16.csv,MEDIUM,11.5,18
1900-01-01 09:00:00,RIGHT,3.0,20.0,0.0,4.0,27.0,AlankarChowk,a2,a2_16.csv,MEDIUM,25.0,22
1900-01-01 09:00:00,UP,1.0,2.0,0.0,0.0,3.0,AlankarChowk,a2,a2_16.csv,LOW,2.0,16
1900-01-01 09:05:00,DOWN,3.0,11.0,5.0,3.0,22.0,AlankarChowk,a2,a2_16.csv,MEDIUM,30.0,24
1900-01-01 09:05:00,LEFT,9.0,11.0,0.0,0.0,20.0,AlankarChowk,a2,a2_16.csv,MEDIUM,14.5,19
1900-01-01 09:05:00,RIGHT,9.0,12.0,0.0,1.0,22.0,AlankarChowk,a2,a2_16.csv,MEDIUM,18.0,20
1900-01-01 09:05:00,UP,1.0,6.0,0.0,0.0,7.0,AlankarChowk,a2,a2_16.csv,MEDIUM,4.0,16
1900-01-01 09:10:00,DOWN,2.0,13.0,2.0,4.0,21.0,AlankarChowk,a2,a2_16.csv,MEDIUM,25.5,22
1900-01-01 09:10:00,LEFT,10.0,11.0,0.0,0.0,21.0,AlankarChowk,a2,a2_16.csv,MEDIUM,15.5,19
1900-01-01 09:10:00,RIGHT,9.0,20.0,0.0,1.0,30.0,AlankarChowk,a2,a2_16.csv,MEDIUM,22.0,21
1900-01-01 09:10:00,UP,2.0,1.0,0.0,0.0,3.0,AlankarChowk,a2,a2_16.csv,LOW,2.5,16
1900-01-01 09:15:00,DOWN,0.0,13.0,2.0,0.0,15.0,AlankarChowk,a2,a2_16.csv,MEDIUM,11.5,18
1900-01-01 09:15:00,LEFT,4.0,4.0,0.0,1.0,9.0,AlankarChowk,a2,a2_16.csv,MEDIUM,9.0,18
1900-01-01 09:15:00,RIGHT,4.0,23.0,0.0,0.0,27.0,AlankarChowk,a2,a2_16.csv,MEDIUM,15.5,19
1900-01-01 09:15:00,UP,0.0,0.0,0.0,0.0,0.0,AlankarChowk,a2,a2_16.csv,LOW,0.0,15
1900-01-01 09:20:00,DOWN,2.0,18.0,6.0,4.0,30.0,AlankarChowk,a2,a2_16.csv,MEDIUM,38.0,26
1900-01-01 09:20:00,LEFT,10.0,8.0,0.0,1.0,19.0,AlankarChowk,a2,a2_16.csv,MEDIUM,17.0,20
1900-01-01 09:20:00,RIGHT,5.0,13.0,0.0,2.0,20.0,AlankarChowk,a2,a2_16.csv,MEDIUM,17.5,20
1900-01-01 09:20:00,UP,0.0,1.0,0.0,0.0,1.0,AlankarChowk,a2,a2_16.csv,LOW,0.5,15
1900-01-01 09:25:00,DOWN,0.0,11.0,5.0,5.0,21.0,AlankarChowk,a2,a2_16.csv,MEDIUM,33.0,25
1900-01-01 09:25:00,LEFT,12.0,11.0,0.0,2.0,25.0,AlankarChowk,a2,a2_16.csv,MEDIUM,23.5,22
1900-01-01 09:25:00,RIGHT,5.0,12.0,0.0,3.0,20.0,AlankarChowk,a2,a2_16.csv,MEDIUM,20.0,21
1900-01-01 09:25:00,UP,3.0,1.0,0.0,0.0,4.0,AlankarChowk,a2,a2_16.csv,LOW,3.5,16
1900-01-01 09:30:00,DOWN,2.0,12.0,2.0,0.0,16.0,AlankarChowk,a2,a2_16.csv,MEDIUM,13.0,19
1900-01-01 09:30:00,LEFT,16.0,3.0,0.0,0.0,19.0,AlankarChowk,a2,a2_16.csv,MEDIUM,17.5,20
1900-01-01 09:30:00,RIGHT,5.0,20.0,0.0,2.0,27.0,AlankarChowk,a2,a2_16.csv,MEDIUM,21.0,21
1900-01-01 09:30:00,UP,2.0,3.0,0.0,0.0,5.0,AlankarChowk,a2,a2_16.csv,MEDIUM,3.5,16
1900-01-01 09:35:00,DOWN,2.0,14.0,3.0,4.0,23.0,AlankarChowk,a2,a2_16.csv,MEDIUM,28.5,23
1900-01-01 09:35:00,LEFT,12.0,12.0,0.0,0.0,24.0,AlankarChowk,a2,a2_16.csv,MEDIUM,18.0,20
1900-01-01 09:35:00,RIGHT,6.0,18.0,1.0,1.0,26.0,AlankarChowk,a2,a2_16.csv,MEDIUM,20.5,21
1900-01-01 09:35:00,UP,3.0,0.0,0.0,0.0,3.0,AlankarChowk,a2,a2_16.csv,LOW,3.0,16
1900-01-01 09:40:00,DOWN,2.0,17.0,2.0,6.0,27.0,AlankarChowk,a2,a2_16.csv,MEDIUM,33.5,25
1900-01-01 09:40:00,LEFT,17.0,11.0,0.0,0.0,28.0,AlankarChowk,a2,a2_16.csv,MEDIUM,22.5,22
1900-01-01 09:40:00,RIGHT,7.0,15.0,0.0,2.0,24.0,AlankarChowk,a2,a2_16.csv,MEDIUM,20.5,21
1900-01-01 09:40:00,UP,0.0,3.0,0.0,0.0,3.0,AlankarChowk,a2,a2_16.csv,LOW,1.5,15
1900-01-01 09:45:00,DOWN,2.0,12.0,3.0,3.0,20.0,AlankarChowk,a2,a2_16.csv,MEDIUM,24.5,22
1900-01-01 09:45:00,LEFT,10.0,8.0,0.0,0.0,18.0,AlankarChowk,a2,a2_16.csv,MEDIUM,14.0,19
1900-01-01 09:45:00,RIGHT,8.0,12.0,0.0,0.0,20.0,AlankarChowk,a2,a2_16.csv,MEDIUM,14.0,19
1900-01-01 09:45:00,UP,2.0,3.0,0.0,0.0,5.0,AlankarChowk,a2,a2_16.csv,MEDIUM,3.5,16
1900-01-01 09:50:00,DOWN,4.0,10.0,2.0,5.0,21.0,AlankarChowk,a2,a2_16.csv,MEDIUM,29.0,23
1900-01-01 09:50:00,LEFT,9.0,13.0,0.0,2.0,24.0,AlankarChowk,a2,a2_16.csv,MEDIUM,21.5,21
1900-01-01 09:50:00,RIGHT,12.0,7.0,0.0,2.0,21.0,AlankarChowk,a2,a2_16.csv,MEDIUM,21.5,21
1900-01-01 09:50:00,UP,1.0,2.0,0.0,0.0,3.0,AlankarChowk,a2,a2_16.csv,LOW,2.0,16
1900-01-01 09:55:00,DOWN,3.0,8.0,5.0,2.0,18.0,AlankarChowk,a2,a2_16.csv,MEDIUM,25.5,22
1900-01-01 09:55:00,LEFT,14.0,17.0,0.0,0.0,31.0,AlankarChowk,a2,a2_16.csv,MEDIUM,22.5,22
1900-01-01 09:55:00,RIGHT,8.0,11.0,0.0,6.0,25.0,AlankarChowk,a2,a2_16.csv,MEDIUM,31.5,24
1900-01-01 09:55:00,UP,1.0,1.0,0.0,0.0,2.0,AlankarChowk,a2,a2_16.csv,LOW,1.5,15
1900-01-01 10:00:00,DOWN,5.0,17.0,1.0,2.0,25.0,AlankarChowk,a2,a2_16.csv,MEDIUM,22.0,21
1900-01-01 10:00:00,LEFT,19.0,10.0,0.0,0.0,29.0,AlankarChowk,a2,a2_16.csv,MEDIUM,24.0,22
1900-01-01 10:00:00,RIGHT,7.0,12.0,0.0,2.0,21.0,AlankarChowk,a2,a2_16.csv,MEDIUM,19.0,20
1900-01-01 10:00:00,UP,2.0,2.0,0.0,1.0,5.0,AlankarChowk,a2,a2_16.csv,MEDIUM,6.0,17
1900-01-01 10:05:00,DOWN,4.0,10.0,5.0,2.0,21.0,AlankarChowk,a2,a2_16.csv,MEDIUM,27.5,23
1900-01-01 10:05:00,LEFT,7.0,6.0,1.0,0.0,14.0,AlankarChowk,a2,a2_16.csv,MEDIUM,12.5,19
1900-01-01 10:05:00,RIGHT,11.0,17.0,0.0,4.0,32.0,AlankarChowk,a2,a2_16.csv,MEDIUM,31.5,24
1900-01-01 10:05:00,UP,0.0,3.0,0.0,1.0,4.0,AlankarChowk,a2,a2_16.csv,LOW,4.5,16
1900-01-01 10:10:00,DOWN,6.0,18.0,1.0,3.0,28.0,AlankarChowk,a2,a2_16.csv,MEDIUM,26.5,23
1900-01-01 10:10:00,LEFT,18.0,9.0,0.0,3.0,30.0,AlankarChowk,a2,a2_16.csv,MEDIUM,31.5,24
1900-01-01 10:10:00,RIGHT,9.0,6.0,1.0,2.0,18.0,AlankarChowk,a2,a2_16.csv,MEDIUM,20.5,21
1900-01-01 10:10:00,UP,0.0,2.0,0.0,0.0,2.0,AlankarChowk,a2,a2_16.csv,LOW,1.0,15
1900-01-01 10:15:00,DOWN,5.0,12.0,3.0,2.0,22.0,AlankarChowk,a2,a2_16.csv,MEDIUM,24.5,22
1900-01-01 10:15:00,LEFT,12.0,5.0,0.0,2.0,19.0,AlankarChowk,a2,a2_16.csv,MEDIUM,20.5,21
1900-01-01 10:15:00,RIGHT,13.0,6.0,0.0,2.0,21.0,AlankarChowk,a2,a2_16.csv,MEDIUM,22.0,21
1900-01-01 10:15:00,UP,0.0,1.0,0.0,0.0,1.0,AlankarChowk,a2,a2_16.csv,LOW,0.5,15
1900-01-01 10:20:00,DOWN,4.0,22.0,6.0,6.0,38.0,AlankarChowk,a2,a2_16.csv,MEDIUM,48.0,29
1900-01-01 10:20:00,LEFT,64.0,6.0,0.0,0.0,70.0,AlankarChowk,a2,a2_16.csv,MEDIUM,67.0,34
1900-01-01 10:20:00,RIGHT,7.0,12.0,0.0,1.0,20.0,AlankarChowk,a2,a2_16.csv,MEDIUM,16.0,20
1900-01-01 10:20:00,UP,0.0,0.0,0.0,0.0,0.0,AlankarChowk,a2,a2_16.csv,LOW,0.0,15
1900-01-01 10:25:00,DOWN,4.0,16.0,3.0,6.0,29.0,AlankarChowk,a2,a2_16.csv,MEDIUM,37.5,26
1900-01-01 10:25:00,LEFT,14.0,6.0,0.0,3.0,23.0,AlankarChowk,a2,a2_16.csv,MEDIUM,26.0,23
1900-01-01 10:25:00,RIGHT,11.0,10.0,0.0,3.0,24.0,AlankarChowk,a2,a2_16.csv,MEDIUM,25.0,22
1900-01-01 10:25:00,UP,1.0,1.0,0.0,0.0,2.0,AlankarChowk,a2,a2_16.csv,LOW,1.5,15
1900-01-01 10:30:00,DOWN,2.0,9.0,7.0,2.0,20.0,AlankarChowk,a2,a2_16.csv,MEDIUM,30.0,24
1900-01-01 10:30:00,LEFT,9.0,7.0,0.0,0.0,16.0,AlankarChowk,a2,a2_16.csv,MEDIUM,12.5,19
1900-01-01 10:30:00,RIGHT,14.0,11.0,0.0,7.0,32.0,AlankarChowk,a2,a2_16.csv,MEDIUM,40.5,27
1900-01-01 10:30:00,UP,1.0,0.0,0.0,0.0,1.0,AlankarChowk,a2,a2_16.csv,LOW,1.0,15
1900-01-01 10:35:00,DOWN,1.0,15.0,5.0,4.0,25.0,AlankarChowk,a2,a2_16.csv,MEDIUM,33.0,25
1900-01-01 10:35:00,LEFT,17.0,7.0,0.0,0.0,24.0,AlankarChowk,a2,a2_16.csv,MEDIUM,20.5,21
1900-01-01 10:35:00,RIGHT,5.0,3.0,0.0,3.0,11.0,AlankarChowk,a2,a2_16.csv,MEDIUM,15.5,19
1900-01-01 10:35:00,UP,2.0,4.0,0.0,0.0,6.0,AlankarChowk,a2,a2_16.csv,MEDIUM,4.0,16
1900-01-01 10:40:00,DOWN,8.0,19.0,4.0,2.0,33.0,AlankarChowk,a2,a2_16.csv,MEDIUM,33.5,25
1900-01-01 10:40:00,LEFT,19.0,8.0,1.0,1.0,29.0,AlankarChowk,a2,a2_16.csv,MEDIUM,28.5,23
1900-01-01 10:40:00,RIGHT,11.0,7.0,0.0,8.0,26.0,AlankarChowk,a2,a2_16.csv,MEDIUM,38.5,26
1900-01-01 10:40:00,UP,1.0,0.0,0.0,0.0,1.0,AlankarChowk,a2,a2_16.csv,LOW,1.0,15
1900-01-01 10:45:00,DOWN,3.0,21.0,2.0,6.0,32.0,AlankarChowk,a2,a2_16.csv,MEDIUM,36.5,26
1900-01-01 10:45:00,LEFT,15.0,11.0,0.0,2.0,28.0,AlankarChowk,a2,a2_16.csv,MEDIUM,26.5,23
1900-01-01 10:45:00,RIGHT,13.0,9.0,0.0,8.0,30.0,AlankarChowk,a2,a2_16.csv,MEDIUM,41.5,27
1900-01-01 10:45:00,UP,1.0,3.0,0.0,0.0,4.0,AlankarChowk,a2,a2_16.csv,LOW,2.5,16
1900-01-01 10:50:00,DOWN,3.0,18.0,3.0,5.0,29.0,AlankarChowk,a2,a2_16.csv,MEDIUM,34.5,25
1900-01-01 10:50:00,LEFT,13.0,10.0,0.0,3.0,26.0,AlankarChowk,a2,a2_16.csv,MEDIUM,27.0,23
1900-01-01 10:50:00,RIGHT,11.0,17.0,0.0,0.0,28.0,AlankarChowk,a2,a2_16.csv,MEDIUM,19.5,21
1900-01-01 10:50:00,UP,1.0,1.0,1.0,0.0,3.0,AlankarChowk,a2,a2_16.csv,LOW,4.0,16
1900-01-01 10:55:00,DOWN,3.0,19.0,5.0,2.0,29.0,AlankarChowk,a2,a2_16.csv,MEDIUM,31.0,24
1900-01-01 10:55:00,LEFT,23.0,15.0,0.0,0.0,38.0,AlankarChowk,a2,a2_16.csv,MEDIUM,30.5,24
1900-01-01 10:55:00,RIGHT,6.0,12.0,0.0,2.0,20.0,AlankarChowk,a2,a2_16.csv,MEDIUM,18.0,20
1900-01-01 10:55:00,UP,1.0,3.0,0.0,0.0,4.0,AlankarChowk,a2,a2_16.csv,LOW,2.5,16
1900-01-01 11:00:00,DOWN,2.0,11.0,7.0,1.0,21.0,AlankarChowk,a2,a2_16.csv,MEDIUM,28.0,23
1900-01-01 11:00:00,LEFT,12.0,16.0,1.0,2.0,31.0,AlankarChowk,a2,a2_16.csv,MEDIUM,28.5,23
1900-01-01 11:00:00,RIGHT,8.0,4.0,1.0,1.0,14.0,AlankarChowk,a2,a2_16.csv,MEDIUM,15.5,19
1900-01-01 11:00:00,UP,1.0,0.0,0.0,0.0,1.0,AlankarChowk,a2,a2_16.csv,LOW,1.0,15
1900-01-01 11:05:00,DOWN,4.0,7.0,4.0,6.0,21.0,AlankarChowk,a2,a2_16.csv,MEDIUM,35.5,25
1900-01-01 11:05:00,LEFT,22.0,10.0,0.0,1.0,33.0,AlankarChowk,a2,a2_16.csv,MEDIUM,30.0,24
1900-01-01 11:05:00,RIGHT,12.0,7.0,0.0,5.0,24.0,AlankarChowk,a2,a2_16.csv,MEDIUM,30.5,24
1900-01-01 11:05:00,UP,0.0,2.0,0.0,0.0,2.0,AlankarChowk,a2,a2_16.csv,LOW,1.0,15
1900-01-01 11:10:00,DOWN,5.0,20.0,2.0,5.0,32.0,AlankarChowk,a2,a2_16.csv,MEDIUM,35.0,25
1900-01-01 11:10:00,LEFT,15.0,10.0,1.0,2.0,28.0,AlankarChowk,a2,a2_16.csv,MEDIUM,28.5,23
1900-01-01 11:10:00,RIGHT,3.0,10.0,0.0,0.0,13.0,AlankarChowk,a2,a2_16.csv,MEDIUM,8.0,17
1900-01-01 11:10:00,UP,0.0,0.0,0.0,0.0,0.0,AlankarChowk,a2,a2_16.csv,LOW,0.0,15
1900-01-01 11:15:00,DOWN,5.0,11.0,6.0,4.0,26.0,AlankarChowk,a2,a2_16.csv,MEDIUM,37.5,26
1900-01-01 11:15:00,LEFT,35.0,12.0,0.0,2.0,49.0,AlankarChowk,a2,a2_16.csv,MEDIUM,47.0,29
1900-01-01 11:15:00,RIGHT,12.0,13.0,1.0,1.0,27.0,AlankarChowk,a2,a2_16.csv,MEDIUM,24.0,22
1900-01-01 11:15:00,UP,0.0,1.0,0.0,0.0,1.0,AlankarChowk,a2,a2_16.csv,LOW,0.5,15
1900-01-01 11:20:00,DOWN,0.0,13.0,6.0,1.0,20.0,AlankarChowk,a2,a2_16.csv,MEDIUM,24.5,22
1900-01-01 11:20:00,LEFT,29.0,21.0,1.0,2.0,53.0,AlankarChowk,a2,a2_16.csv,MEDIUM,48.0,29
1900-01-01 11:20:00,RIGHT,10.0,10.0,1.0,1.0,22.0,AlankarChowk,a2,a2_16.csv,MEDIUM,20.5,21
1900-01-01 11:20:00,UP,0.0,0.0,0.0,0.0,0.0,AlankarChowk,a2,a2_16.csv,LOW,0.0,15
1900-01-01 08:55:00,DOWN,0.0,0.0,0.0,0.0,0.0,AlankarChowk,a2,a2_17.csv,LOW,0.0,15
1900-01-01 08:55:00,LEFT,0.0,0.0,0.0,0.0,0.0,AlankarChowk,a2,a2_17.csv,LOW,0.0,15
1900-01-01 08:55:00,RIGHT,0.0,0.0,0.0,0.0,0.0,AlankarChowk,a2,a2_17.csv,LOW,0.0,15
1900-01-01 08:55:00,UP,0.0,0.0,0.0,0.0,0.0,AlankarChowk,a2,a2_17.csv,LOW,0.0,15
1900-01-01 09:00:00,DOWN,2.0,12.0,5.0,2.0,21.0,AlankarChowk,a2,a2_17.csv,MEDIUM,26.5,23
1900-01-01 09:00:00,LEFT,9.0,9.0,0.0,1.0,19.0,AlankarChowk,a2,a2_17.csv,MEDIUM,16.5,20
1900-01-01 09:00:00,RIGHT,8.0,15.0,0.0,3.0,26.0,AlankarChowk,a2,a2_17.csv,MEDIUM,24.5,22
1900-01-01 09:00:00,UP,0.0,0.0,0.0,0.0,0.0,AlankarChowk,a2,a2_17.csv,LOW,0.0,15
1900-01-01 09:05:00,DOWN,1.0,8.0,0.0,3.0,12.0,AlankarChowk,a2,a2_17.csv,MEDIUM,14.0,19
1900-01-01 09:05:00,LEFT,7.0,6.0,0.0,1.0,14.0,AlankarChowk,a2,a2_17.csv,MEDIUM,13.0,19
1900-01-01 09:05:00,RIGHT,8.0,14.0,1.0,3.0,26.0,AlankarChowk,a2,a2_17.csv,MEDIUM,26.5,23
1900-01-01 09:05:00,UP,1.0,1.0,0.0,0.0,2.0,AlankarChowk,a2,a2_17.csv,LOW,1.5,15
1900-01-01 09:10:00,DOWN,1.0,11.0,2.0,3.0,17.0,AlankarChowk,a2,a2_17.csv,MEDIUM,20.5,21
1900-01-01 09:10:00,LEFT,4.0,9.0,0.0,2.0,15.0,AlankarChowk,a2,a2_17.csv,MEDIUM,14.5,19
1900-01-01 09:10:00,RIGHT,6.0,7.0,0.0,2.0,15.0,AlankarChowk,a2,a2_17.csv,MEDIUM,15.5,19
1900-01-01 09:10:00,UP,0.0,3.0,0.0,1.0,4.0,AlankarChowk,a2,a2_17.csv,LOW,4.5,16
1900-01-01 09:15:00,DOWN,1.0,13.0,3.0,3.0,20.0,AlankarChowk,a2,a2_17.csv,MEDIUM,24.0,22
1900-01-01 09:15:00,LEFT,8.0,4.0,0.0,0.0,12.0,AlankarChowk,a2,a2_17.csv,MEDIUM,10.0,18
1900-01-01 09:15:00,RIGHT,9.0,9.0,0.0,1.0,19.0,AlankarChowk,a2,a2_17.csv,MEDIUM,16.5,20
1900-01-01 09:15:00,UP,1.0,3.0,0.0,0.0,4.0,AlankarChowk,a2,a2_17.csv,LOW,2.5,16
1900-01-01 09:20:00,DOWN,1.0,20.0,2.0,0.0,23.0,AlankarChowk,a2,a2_17.csv,MEDIUM,16.0,20
1900-01-01 09:20:00,LEFT,11.0,13.0,0.0,2.0,26.0,AlankarChowk,a2,a2_17.csv,MEDIUM,23.5,22
1900-01-01 09:20:00,RIGHT,6.0,16.0,1.0,2.0,25.0,AlankarChowk,a2,a2_17.csv,MEDIUM,22.5,22
1900-01-01 09:20:00,UP,0.0,0.0,0.0,0.0,0.0,AlankarChowk,a2,a2_17.csv,LOW,0.0,15
1900-01-01 09:25:00,DOWN,3.0,9.0,1.0,2.0,15.0,AlankarChowk,a2,a2_17.csv,MEDIUM,16.0,20
1900-01-01 09:25:00,LEFT,8.0,12.0,0.0,0.0,20.0,AlankarChowk,a2,a2_17.csv,MEDIUM,14.0,19
1900-01-01 09:25:00,RIGHT,7.0,16.0,1.0,5.0,29.0,AlankarChowk,a2,a2_17.csv,MEDIUM,32.5,24
1900-01-01 09:25:00,UP,0.0,1.0,0.0,0.0,1.0,AlankarChowk,a2,a2_17.csv,LOW,0.5,15
1900-01-01 09:30:00,DOWN,1.0,11.0,1.0,1.0,14.0,AlankarChowk,a2,a2_17.csv,MEDIUM,12.0,18
1900-01-01 09:30:00,LEFT,10.0,9.0,1.0,1.0,21.0,AlankarChowk,a2,a2_17.csv,MEDIUM,20.0,21
1900-01-01 09:30:00,RIGHT,8.0,7.0,1.0,3.0,19.0,AlankarChowk,a2,a2_17.csv,MEDIUM,23.0,22
1900-01-01 09:30:00,UP,1.0,4.0,0.0,0.0,5.0,AlankarChowk,a2,a2_17.csv,MEDIUM,3.0,16
1900-01-01 09:35:00,DOWN,2.0,14.0,4.0,5.0,25.0,AlankarChowk,a2,a2_17.csv,MEDIUM,34.0,25
1900-01-01 09:35:00,LEFT,12.0,5.0,0.0,1.0,18.0,AlankarChowk,a2,a2_17.csv,MEDIUM,17.5,20
1900-01-01 09:35:00,RIGHT,9.0,8.0,0.0,2.0,19.0,AlankarChowk,a2,a2_17.csv,MEDIUM,19.0,20
1900-01-01 09:35:00,UP,1.0,2.0,0.0,0.0,3.0,AlankarChowk,a2,a2_17.csv,LOW,2.0,16
1900-01-01 09:40:00,DOWN,13.0,9.0,4.0,2.0,28.0,AlankarChowk,a2,a2_17.csv,MEDIUM,33.5,25
1900-01-01 09:40:00,LEFT,11.0,19.0,0.0,0.0,30.0,AlankarChowk,a2,a2_17.csv,MEDIUM,20.5,21
1900-01-01 09:40:00,RIGHT,7.0,22.0,0.0,7.0,36.0,AlankarChowk,a2,a2_17.csv,MEDIUM,39.0,26
1900-01-01 09:40:00,UP,1.0,0.0,0.0,0.0,1.0,AlankarChowk,a2,a2_17.csv,LOW,1.0,15
1900-01-01 09:45:00,DOWN,3.0,8.0,7.0,4.0,22.0,AlankarChowk,a2,a2_17.csv,MEDIUM,36.5,26
1900-01-01 09:45:00,LEFT,25.0,27.0,0.0,6.0,58.0,AlankarChowk,a2,a2_17.csv,MEDIUM,56.5,31
1900-01-01 09:45:00,RIGHT,7.0,23.0,0.0,4.0,34.0,AlankarChowk,a2,a2_17.csv,MEDIUM,30.5,24
1900-01-01 09:45:00,UP,0.0,2.0,0.0,0.0,2.0,AlankarChowk,a2,a2_17.csv,LOW,1.0,15
1900-01-01 09:50:00,DOWN,4.0,18.0,3.0,4.0,29.0,AlankarChowk,a2,a2_17.csv,MEDIUM,32.5,24
1900-01-01 09:50:00,LEFT,17.0,15.0,0.0,1.0,33.0,AlankarChowk,a2,a2_17.csv,MEDIUM,27.5,23
1900-01-01 09:50:00,RIGHT,5.0,9.0,1.0,4.0,19.0,AlankarChowk,a2,a2_17.csv,MEDIUM,24.0,22
1900-01-01 09:50:00,UP,3.0,3.0,0.0,0.0,6.0,AlankarChowk,a2,a2_17.csv,MEDIUM,4.5,16
1900-01-01 09:55:00,DOWN,7.0,11.0,4.0,5.0,27.0,AlankarChowk,a2,a2_17.csv,MEDIUM,37.5,26
1900-01-01 09:55:00,LEFT,17.0,13.0,0.0,1.0,31.0,AlankarChowk,a2,a2_17.csv,MEDIUM,26.5,23
1900-01-01 09:55:00,RIGHT,8.0,6.0,0.0,2.0,16.0,AlankarChowk,a2,a2_17.csv,MEDIUM,17.0,20
1900-01-01 09:55:00,UP,4.0,1.0,0.0,0.0,5.0,AlankarChowk,a2,a2_17.csv,MEDIUM,4.5,16
1900-01-01 10:00:00,DOWN,3.0,19.0,3.0,7.0,32.0,AlankarChowk,a2,a2_17.csv,MEDIUM,41.0,27
1900-01-01 10:00:00,LEFT,23.0,11.0,1.0,3.0,38.0,AlankarChowk,a2,a2_17.csv,MEDIUM,40.0,27
1900-01-01 10:00:00,RIGHT,10.0,12.0,0.0,2.0,24.0,AlankarChowk,a2,a2_17.csv,MEDIUM,22.0,21
1900-01-01 10:00:00,UP,0.0,0.0,0.0,0.0,0.0,AlankarChowk,a2,a2_17.csv,LOW,0.0,15
1900-01-01 10:05:00,DOWN,1.0,21.0,3.0,2.0,27.0,AlankarChowk,a2,a2_17.csv,MEDIUM,25.0,22
1900-01-01 10:05:00,LEFT,10.0,8.0,0.0,1.0,19.0,AlankarChowk,a2,a2_17.csv,MEDIUM,17.0,20
1900-01-01 10:05:00,RIGHT,8.0,6.0,1.0,3.0,18.0,AlankarChowk,a2,a2_17.csv,MEDIUM,22.5,22
1900-01-01 10:05:00,UP,1.0,2.0,0.0,1.0,4.0,AlankarChowk,a2,a2_17.csv,LOW,5.0,16
1900-01-01 10:10:00,DOWN,3.0,10.0,4.0,7.0,24.0,AlankarChowk,a2,a2_17.csv,MEDIUM,39.0,26
1900-01-01 10:10:00,LEFT,7.0,13.0,0.0,1.0,21.0,AlankarChowk,a2,a2_17.csv,MEDIUM,16.5,20
1900-01-01 10:10:00,RIGHT,9.0,12.0,0.0,2.0,23.0,AlankarChowk,a2,a2_17.csv,MEDIUM,21.0,21
1900-01-01 10:10:00,UP,2.0,1.0,0.0,0.0,3.0,AlankarChowk,a2,a2_17.csv,LOW,2.5,16
1900-01-01 10:15:00,DOWN,3.0,23.0,2.0,6.0,34.0,AlankarChowk,a2,a2_17.csv,MEDIUM,37.5,26
1900-01-01 10:15:00,LEFT,13.0,13.0,0.0,1.0,27.0,AlankarChowk,a2,a2_17.csv,MEDIUM,22.5,22
1900-01-01 10:15:00,RIGHT,12.0,15.0,0.0,4.0,31.0,AlankarChowk,a2,a2_17.csv,MEDIUM,31.5,24
1900-01-01 10:15:00,UP,0.0,2.0,0.0,0.0,2.0,AlankarChowk,a2,a2_17.csv,LOW,1.0,15
1900-01-01 10:20:00,DOWN,4.0,17.0,3.0,8.0,32.0,AlankarChowk,a2,a2_17.csv,MEDIUM,44.0,28
1900-01-01 10:20:00,LEFT,18.0,17.0,0.0,3.0,38.0,AlankarChowk,a2,a2_17.csv,MEDIUM,35.5,25
1900-01-01 10:20:00,RIGHT,8.0,8.0,0.0,5.0,21.0,AlankarChowk,a2,a2_17.csv,MEDIUM,27.0,23
1900-01-01 10:20:00,UP,1.0,1.0,0.0,0.0,2.0,AlankarChowk,a2,a2_17.csv,LOW,1.5,15
1900-01-01 10:25:00,DOWN,3.0,19.0,8.0,7.0,37.0,AlankarChowk,a2,a2_17.csv,MEDIUM,53.5,30
1900-01-01 10:25:00,LEFT,10.0,6.0,4.0,0.0,20.0,AlankarChowk,a2,a2_17.csv,MEDIUM,23.0,22
1900-01-01 10:25:00,RIGHT,10.0,11.0,1.0,2.0,24.0,AlankarChowk,a2,a2_17.csv,MEDIUM,24.0,22
1900-01-01 10:25:00,UP,0.0,3.0,0.0,0.0,3.0,AlankarChowk,a2,a2_17.csv,LOW,1.5,15
1900-01-01 10:30:00,DOWN,1.0,5.0,6.0,1.0,13.0,AlankarChowk,a2,a2_17.csv,MEDIUM,21.5,21
1900-01-01 10:30:00,LEFT,16.0,1.0,1.0,0.0,18.0,AlankarChowk,a2,a2_17.csv,MEDIUM,19.0,20
1900-01-01 10:30:00,RIGHT,7.0,2.0,0.0,4.0,13.0,AlankarChowk,a2,a2_17.csv,MEDIUM,20.0,21
1900-01-01 10:30:00,UP,0.0,2.0,0.0,0.0,2.0,AlankarChowk,a2,a2_17.csv,LOW,1.0,15
1900-01-01 10:35:00,DOWN,6.0,14.0,2.0,4.0,26.0,AlankarChowk,a2,a2_17.csv,MEDIUM,30.0,24
1900-01-01 10:35:00,LEFT,16.0,13.0,0.0,2.0,31.0,AlankarChowk,a2,a2_17.csv,MEDIUM,28.5,23
1900-01-01 10:35:00,RIGHT,7.0,9.0,0.0,1.0,17.0,AlankarChowk,a2,a2_17.csv,MEDIUM,14.5,19
1900-01-01 10:35:00,UP,2.0,1.0,0.0,0.0,3.0,AlankarChowk,a2,a2_17.csv,LOW,2.5,16
1900-01-01 10:40:00,DOWN,2.0,16.0,4.0,0.0,22.0,AlankarChowk,a2,a2_17.csv,MEDIUM,20.0,21
1900-01-01 10:40:00,LEFT,36.0,14.0,0.0,1.0,51.0,AlankarChowk,a2,a2_17.csv,MEDIUM,46.0,28
1900-01-01 10:40:00,RIGHT,13.0,6.0,0.0,0.0,19.0,AlankarChowk,a2,a2_17.csv,MEDIUM,16.0,20
1900-01-01 10:40:00,UP,1.0,0.0,0.0,0.0,1.0,AlankarChowk,a2,a2_17.csv,LOW,1.0,15
1900-01-01 10:45:00,DOWN,4.0,16.0,4.0,1.0,25.0,AlankarChowk,a2,a2_17.csv,MEDIUM,25.0,22
1900-01-01 10:45:00,LEFT,16.0,14.0,0.0,1.0,31.0,AlankarChowk,a2,a2_17.csv,MEDIUM,26.0,23
1900-01-01 10:45:00,RIGHT,1.0,14.0,0.0,6.0,21.0,AlankarChowk,a2,a2_17.csv,MEDIUM,26.0,23
1900-01-01 10:45:00,UP,1.0,0.0,0.0,0.0,1.0,AlankarChowk,a2,a2_17.csv,LOW,1.0,15
1900-01-01 10:50:00,DOWN,0.0,19.0,2.0,2.0,23.0,AlankarChowk,a2,a2_17.csv,MEDIUM,20.5,21
1900-01-01 10:50:00,LEFT,16.0,9.0,1.0,1.0,27.0,AlankarChowk,a2,a2_17.csv,MEDIUM,26.0,23
1900-01-01 10:50:00,RIGHT,5.0,9.0,1.0,4.0,19.0,AlankarChowk,a2,a2_17.csv,MEDIUM,24.0,22
1900-01-01 10:50:00,UP,0.0,0.0,0.0,0.0,0.0,AlankarChowk,a2,a2_17.csv,LOW,0.0,15
1900-01-01 10:55:00,DOWN,2.0,11.0,0.0,5.0,18.0,AlankarChowk,a2,a2_17.csv,MEDIUM,22.5,22
1900-01-01 10:55:00,LEFT,24.0,9.0,1.0,0.0,34.0,AlankarChowk,a2,a2_17.csv,MEDIUM,31.0,24
1900-01-01 10:55:00,RIGHT,8.0,9.0,1.0,1.0,19.0,AlankarChowk,a2,a2_17.csv,MEDIUM,18.0,20
1900-01-01 10:55:00,UP,2.0,4.0,0.0,0.0,6.0,AlankarChowk,a2,a2_17.csv,MEDIUM,4.0,16
1900-01-01 11:00:00,DOWN,2.0,21.0,5.0,2.0,30.0,AlankarChowk,a2,a2_17.csv,MEDIUM,31.0,24
1900-01-01 11:00:00,LEFT,5.0,9.0,0.0,4.0,18.0,AlankarChowk,a2,a2_17.csv,MEDIUM,21.5,21
1900-01-01 11:00:00,RIGHT,8.0,7.0,0.0,2.0,17.0,AlankarChowk,a2,a2_17.csv,MEDIUM,17.5,20
1900-01-01 11:00:00,UP,3.0,1.0,0.0,0.0,4.0,AlankarChowk,a2,a2_17.csv,LOW,3.5,16
1900-01-01 11:05:00,DOWN,2.0,11.0,4.0,3.0,20.0,AlankarChowk,a2,a2_17.csv,MEDIUM,26.5,23
1900-01-01 11:05:00,LEFT,16.0,10.0,0.0,0.0,26.0,AlankarChowk,a2,a2_17.csv,MEDIUM,21.0,21
1900-01-01 11:05:00,RIGHT,8.0,14.0,0.0,2.0,24.0,AlankarChowk,a2,a2_17.csv,MEDIUM,21.0,21
1900-01-01 11:05:00,UP,0.0,2.0,0.0,0.0,2.0,AlankarChowk,a2,a2_17.csv,LOW,1.0,15
1900-01-01 11:10:00,DOWN,7.0,16.0,3.0,5.0,31.0,AlankarChowk,a2,a2_17.csv,MEDIUM,37.5,26
1900-01-01 11:10:00,LEFT,15.0,9.0,1.0,2.0,27.0,AlankarChowk,a2,a2_17.csv,MEDIUM,28.0,23
1900-01-01 11:10:00,RIGHT,6.0,7.0,1.0,2.0,16.0,AlankarChowk,a2,a2_17.csv,MEDIUM,18.0,20
1900-01-01 11:10:00,UP,3.0,4.0,0.0,1.0,8.0,AlankarChowk,a2,a2_17.csv,MEDIUM,8.0,17
1900-01-01 11:15:00,DOWN,2.0,16.0,5.0,2.0,25.0,AlankarChowk,a2,a2_17.csv,MEDIUM,28.5,23
1900-01-01 11:15:00,LEFT,19.0,17.0,0.0,1.0,37.0,AlankarChowk,a2,a2_17.csv,MEDIUM,30.5,24
1900-01-01 11:15:00,RIGHT,5.0,7.0,1.0,2.0,15.0,AlankarChowk,a2,a2_17.csv,MEDIUM,17.0,20
1900-01-01 11:15:00,UP,2.0,5.0,0.0,0.0,7.0,AlankarChowk,a2,a2_17.csv,MEDIUM,4.5,16
1900-01-01 11:20:00,DOWN,1.0,20.0,4.0,3.0,28.0,AlankarChowk,a2,a2_17.csv,MEDIUM,30.0,24
1900-01-01 11:20:00,LEFT,17.0,6.0,0.0,1.0,24.0,AlankarChowk,a2,a2_17.csv,MEDIUM,23.0,22
1900-01-01 11:20:00,RIGHT,5.0,14.0,1.0,0.0,20.0,AlankarChowk,a2,a2_17.csv,MEDIUM,14.5,19
1900-01-01 11:20:00,UP,0.0,2.0,0.0,1.0,3.0,AlankarChowk,a2,a2_17.csv,LOW,4.0,16
1900-01-01 11:25:00,DOWN,0.0,0.0,0.0,0.0,0.0,AlankarChowk,a2,a2_17.csv,LOW,0.0,15
1900-01-01 11:25:00,LEFT,1.0,1.0,0.0,0.0,2.0,AlankarChowk,a2,a2_17.csv,LOW,1.5,15
1900-01-01 11:25:00,RIGHT,0.0,0.0,1.0,0.0,1.0,AlankarChowk,a2,a2_17.csv,LOW,2.5,16
1900-01-01 11:25:00,UP,0.0,0.0,0.0,0.0,0.0,AlankarChowk,a2,a2_17.csv,LOW,0.0,15
1900-01-01 08:55:00,DOWN,0.0,0.0,0.0,0.0,0.0,AlankarChowk,a2,a2_15.csv,LOW,0.0,15
1900-01-01 08:55:00,LEFT,0.0,0.0,0.0,0.0,0.0,AlankarChowk,a2,a2_15.csv,LOW,0.0,15
1900-01-01 08:55:00,RIGHT,0.0,0.0,0.0,0.0,0.0,AlankarChowk,a2,a2_15.csv,LOW,0.0,15
1900-01-01 08:55:00,UP,0.0,0.0,0.0,0.0,0.0,AlankarChowk,a2,a2_15.csv,LOW,0.0,15
1900-01-01 09:00:00,DOWN,4.0,16.0,3.0,1.0,24.0,AlankarChowk,a2,a2_15.csv,MEDIUM,22.5,22
1900-01-01 09:00:00,LEFT,7.0,11.0,0.0,0.0,18.0,AlankarChowk,a2,a2_15.csv,MEDIUM,12.5,19
1900-01-01 09:00:00,RIGHT,13.0,18.0,1.0,2.0,34.0,AlankarChowk,a2,a2_15.csv,MEDIUM,30.5,24
1900-01-01 09:00:00,UP,1.0,1.0,0.0,0.0,2.0,AlankarChowk,a2,a2_15.csv,LOW,1.5,15
1900-01-01 09:05:00,DOWN,1.0,7.0,2.0,1.0,11.0,AlankarChowk,a2,a2_15.csv,MEDIUM,12.5,19
1900-01-01 09:05:00,LEFT,6.0,10.0,0.0,1.0,17.0,AlankarChowk,a2,a2_15.csv,MEDIUM,14.0,19
1900-01-01 09:05:00,RIGHT,9.0,26.0,0.0,2.0,37.0,AlankarChowk,a2,a2_15.csv,MEDIUM,28.0,23
1900-01-01 09:05:00,UP,0.0,0.0,0.0,0.0,0.0,AlankarChowk,a2,a2_15.csv,LOW,0.0,15
1900-01-01 09:10:00,DOWN,9.0,5.0,3.0,1.0,18.0,AlankarChowk,a2,a2_15.csv,MEDIUM,22.0,21
1900-01-01 09:10:00,LEFT,16.0,14.0,0.0,1.0,31.0,AlankarChowk,a2,a2_15.csv,MEDIUM,26.0,23
1900-01-01 09:10:00,RIGHT,8.0,11.0,2.0,3.0,24.0,AlankarChowk,a2,a2_15.csv,MEDIUM,27.5,23
1900-01-01 09:10:00,UP,0.0,6.0,0.0,0.0,6.0,AlankarChowk,a2,a2_15.csv,MEDIUM,3.0,16
1900-01-01 09:15:00,DOWN,2.0,8.0,2.0,2.0,14.0,AlankarChowk,a2,a2_15.csv,MEDIUM,17.0,20
1900-01-01 09:15:00,LEFT,6.0,24.0,0.0,1.0,31.0,AlankarChowk,a2,a2_15.csv,MEDIUM,21.0,21
1900-01-01 09:15:00,RIGHT,6.0,11.0,0.0,3.0,20.0,AlankarChowk,a2,a2_15.csv,MEDIUM,20.5,21
1900-01-01 09:15:00,UP,0.0,0.0,0.0,0.0,0.0,AlankarChowk,a2,a2_15.csv,LOW,0.0,15
1900-01-01 09:20:00,DOWN,2.0,11.0,3.0,0.0,16.0,AlankarChowk,a2,a2_15.csv,MEDIUM,15.0,19
1900-01-01 09:20:00,LEFT,12.0,8.0,0.0,1.0,21.0,AlankarChowk,a2,a2_15.csv,MEDIUM,19.0,20
1900-01-01 09:20:00,RIGHT,6.0,13.0,0.0,4.0,23.0,AlankarChowk,a2,a2_15.csv,MEDIUM,24.5,22
1900-01-01 09:20:00,UP,0.0,1.0,0.0,0.0,1.0,AlankarChowk,a2,a2_15.csv,LOW,0.5,15
1900-01-01 09:25:00,DOWN,2.0,3.0,1.0,2.0,8.0,AlankarChowk,a2,a2_15.csv,MEDIUM,12.0,18
1900-01-01 09:25:00,LEFT,10.0,5.0,1.0,0.0,16.0,AlankarChowk,a2,a2_15.csv,MEDIUM,15.0,19
1900-01-01 09:25:00,RIGHT,6.0,16.0,0.0,3.0,25.0,AlankarChowk,a2,a2_15.csv,MEDIUM,23.0,22
1900-01-01 09:25:00,UP,0.0,2.0,0.0,0.0,2.0,AlankarChowk,a2,a2_15.csv,LOW,1.0,15
1900-01-01 09:30:00,DOWN,1.0,15.0,5.0,6.0,27.0,AlankarChowk,a2,a2_15.csv,MEDIUM,39.0,26
1900-01-01 09:30:00,LEFT,10.0,12.0,0.0,1.0,23.0,AlankarChowk,a2,a2_15.csv,MEDIUM,19.0,20
1900-01-01 09:30:00,RIGHT,4.0,14.0,1.0,4.0,23.0,AlankarChowk,a2,a2_15.csv,MEDIUM,25.5,22
1900-01-01 09:30:00,UP,2.0,4.0,0.0,0.0,6.0,AlankarChowk,a2,a2_15.csv,MEDIUM,4.0,16
1900-01-01 09:35:00,DOWN,1.0,5.0,1.0,2.0,9.0,AlankarChowk,a2,a2_15.csv,MEDIUM,12.0,18
1900-01-01 09:35:00,LEFT,17.0,7.0,0.0,0.0,24.0,AlankarChowk,a2,a2_15.csv,MEDIUM,20.5,21
1900-01-01 09:35:00,RIGHT,8.0,9.0,1.0,1.0,19.0,AlankarChowk,a2,a2_15.csv,MEDIUM,18.0,20
1900-01-01 09:35:00,UP,0.0,5.0,0.0,0.0,5.0,AlankarChowk,a2,a2_15.csv,MEDIUM,2.5,16
1900-01-01 09:40:00,DOWN,0.0,9.0,5.0,2.0,16.0,AlankarChowk,a2,a2_15.csv,MEDIUM,23.0,22
1900-01-01 09:40:00,LEFT,18.0,11.0,0.0,2.0,31.0,AlankarChowk,a2,a2_15.csv,MEDIUM,29.5,24
1900-01-01 09:40:00,RIGHT,7.0,15.0,0.0,2.0,24.0,AlankarChowk,a2,a2_15.csv,MEDIUM,20.5,21
1900-01-01 09:40:00,UP,2.0,1.0,0.0,0.0,3.0,AlankarChowk,a2,a2_15.csv,LOW,2.5,16
1900-01-01 09:45:00,DOWN,1.0,10.0,6.0,3.0,20.0,AlankarChowk,a2,a2_15.csv,MEDIUM,30.0,24
1900-01-01 09:45:00,LEFT,14.0,15.0,0.0,0.0,29.0,AlankarChowk,a2,a2_15.csv,MEDIUM,21.5,21
1900-01-01 09:45:00,RIGHT,8.0,11.0,1.0,2.0,22.0,AlankarChowk,a2,a2_15.csv,MEDIUM,22.0,21
1900-01-01 09:45:00,UP,3.0,1.0,0.0,0.0,4.0,AlankarChowk,a2,a2_15.csv,LOW,3.5,16
1900-01-01 09:50:00,DOWN,4.0,14.0,2.0,5.0,25.0,AlankarChowk,a2,a2_15.csv,MEDIUM,31.0,24
1900-01-01 09:50:00,LEFT,11.0,9.0,0.0,1.0,21.0,AlankarChowk,a2,a2_15.csv,MEDIUM,18.5,20
1900-01-01 09:50:00,RIGHT,10.0,17.0,0.0,4.0,31.0,AlankarChowk,a2,a2_15.csv,MEDIUM,30.5,24
1900-01-01 09:50:00,UP,1.0,1.0,0.0,0.0,2.0,AlankarChowk,a2,a2_15.csv,LOW,1.5,15
1900-01-01 09:55:00,DOWN,5.0,16.0,6.0,1.0,28.0,AlankarChowk,a2,a2_15.csv,MEDIUM,31.0,24
1900-01-01 09:55:00,LEFT,14.0,16.0,0.0,0.0,30.0,AlankarChowk,a2,a2_15.csv,MEDIUM,22.0,21
1900-01-01 09:55:00,RIGHT,10.0,19.0,0.0,0.0,29.0,AlankarChowk,a2,a2_15.csv,MEDIUM,19.5,21
1900-01-01 09:55:00,UP,0.0,1.0,0.0,0.0,1.0,AlankarChowk,a2,a2_15.csv,LOW,0.5,15
1900-01-01 10:00:00,DOWN,0.0,15.0,2.0,6.0,23.0,AlankarChowk,a2,a2_15.csv,MEDIUM,30.5,24
1900-01-01 10:00:00,LEFT,14.0,7.0,0.0,1.0,22.0,AlankarChowk,a2,a2_15.csv,MEDIUM,20.5,21
1900-01-01 10:00:00,RIGHT,11.0,18.0,0.0,0.0,29.0,AlankarChowk,a2,a2_15.csv,MEDIUM,20.0,21
1900-01-01 10:00:00,UP,2.0,5.0,0.0,0.0,7.0,AlankarChowk,a2,a2_15.csv,MEDIUM,4.5,16
1900-01-01 10:05:00,DOWN,2.0,12.0,4.0,2.0,20.0,AlankarChowk,a2,a2_15.csv,MEDIUM,24.0,22
1900-01-01 10:05:00,LEFT,15.0,7.0,0.0,1.0,23.0,AlankarChowk,a2,a2_15.csv,MEDIUM,21.5,21
1900-01-01 10:05:00,RIGHT,14.0,15.0,2.0,0.0,31.0,AlankarChowk,a2,a2_15.csv,MEDIUM,26.5,23
1900-01-01 10:05:00,UP,1.0,3.0,0.0,0.0,4.0,AlankarChowk,a2,a2_15.csv,LOW,2.5,16
1900-01-01 10:10:00,DOWN,5.0,15.0,6.0,4.0,30.0,AlankarChowk,a2,a2_15.csv,MEDIUM,39.5,26
1900-01-01 10:10:00,LEFT,17.0,18.0,0.0,1.0,36.0,AlankarChowk,a2,a2_15.csv,MEDIUM,29.0,23
1900-01-01 10:10:00,RIGHT,15.0,12.0,0.0,3.0,30.0,AlankarChowk,a2,a2_15.csv,MEDIUM,30.0,24
1900-01-01 10:10:00,UP,0.0,0.0,0.0,1.0,1.0,AlankarChowk,a2,a2_15.csv,LOW,3.0,16
1900-01-01 10:15:00,DOWN,5.0,17.0,6.0,3.0,31.0,AlankarChowk,a2,a2_15.csv,MEDIUM,37.5,26
1900-01-01 10:15:00,LEFT,4.0,11.0,0.0,0.0,15.0,AlankarChowk,a2,a2_15.csv,MEDIUM,9.5,18
1900-01-01 10:15:00,RIGHT,14.0,18.0,0.0,1.0,33.0,AlankarChowk,a2,a2_15.csv,MEDIUM,26.0,23
1900-01-01 10:15:00,UP,0.0,2.0,0.0,0.0,2.0,AlankarChowk,a2,a2_15.csv,LOW,1.0,15
1900-01-01 10:20:00,DOWN,7.0,18.0,3.0,2.0,30.0,AlankarChowk,a2,a2_15.csv,MEDIUM,29.5,24
1900-01-01 10:20:00,LEFT,14.0,15.0,0.0,2.0,31.0,AlankarChowk,a2,a2_15.csv,MEDIUM,27.5,23
1900-01-01 10:20:00,RIGHT,8.0,23.0,3.0,0.0,34.0,AlankarChowk,a2,a2_15.csv,MEDIUM,27.0,23
1900-01-01 10:20:00,UP,0.0,1.0,0.0,0.0,1.0,AlankarChowk,a2,a2_15.csv,LOW,0.5,15
1900-01-01 10:25:00,DOWN,5.0,10.0,4.0,6.0,25.0,AlankarChowk,a2,a2_15.csv,MEDIUM,38.0,26
1900-01-01 10:25:00,LEFT,16.0,10.0,0.0,0.0,26.0,AlankarChowk,a2,a2_15.csv,MEDIUM,21.0,21
1900-01-01 10:25:00,RIGHT,10.0,15.0,0.0,4.0,29.0,AlankarChowk,a2,a2_15.csv,MEDIUM,29.5,24
1900-01-01 10:25:00,UP,1.0,2.0,0.0,0.0,3.0,AlankarChowk,a2,a2_15.csv,LOW,2.0,16
1900-01-01 10:30:00,DOWN,10.0,17.0,7.0,6.0,40.0,AlankarChowk,a2,a2_15.csv,MEDIUM,54.0,31
1900-01-01 10:30:00,LEFT,10.0,13.0,0.0,3.0,26.0,AlankarChowk,a2,a2_15.csv,MEDIUM,25.5,22
1900-01-01 10:30:00,RIGHT,3.0,18.0,1.0,6.0,28.0,AlankarChowk,a2,a2_15.csv,MEDIUM,32.5,24
1900-01-01 10:30:00,UP,0.0,2.0,0.0,0.0,2.0,AlankarChowk,a2,a2_15.csv,LOW,1.0,15
1900-01-01 10:35:00,DOWN,6.0,18.0,6.0,4.0,34.0,AlankarChowk,a2,a2_15.csv,MEDIUM,42.0,27
1900-01-01 10:35:00,LEFT,13.0,9.0,0.0,2.0,24.0,AlankarChowk,a2,a2_15.csv,MEDIUM,23.5,22
1900-01-01 10:35:00,RIGHT,5.0,15.0,0.0,2.0,22.0,AlankarChowk,a2,a2_15.csv,MEDIUM,18.5,20
1900-01-01 10:35:00,UP,3.0,3.0,0.0,0.0,6.0,AlankarChowk,a2,a2_15.csv,MEDIUM,4.5,16
1900-01-01 10:40:00,DOWN,5.0,9.0,6.0,2.0,22.0,AlankarChowk,a2,a2_15.csv,MEDIUM,30.5,24
1900-01-01 10:40:00,LEFT,18.0,17.0,0.0,0.0,35.0,AlankarChowk,a2,a2_15.csv,MEDIUM,26.5,23
1900-01-01 10:40:00,RIGHT,7.0,7.0,0.0,4.0,18.0,AlankarChowk,a2,a2_15.csv,MEDIUM,22.5,22
1900-01-01 10:40:00,UP,0.0,3.0,0.0,0.0,3.0,AlankarChowk,a2,a2_15.csv,LOW,1.5,15
1900-01-01 10:45:00,DOWN,7.0,15.0,5.0,5.0,32.0,AlankarChowk,a2,a2_15.csv,MEDIUM,42.0,27
1900-01-01 10:45:00,LEFT,12.0,5.0,0.0,3.0,20.0,AlankarChowk,a2,a2_15.csv,MEDIUM,23.5,22
1900-01-01 10:45:00,RIGHT,5.0,10.0,0.0,3.0,18.0,AlankarChowk,a2,a2_15.csv,MEDIUM,19.0,20
1900-01-01 10:45:00,UP,0.0,0.0,0.0,0.0,0.0,AlankarChowk,a2,a2_15.csv,LOW,0.0,15
1900-01-01 10:50:00,DOWN,5.0,19.0,2.0,6.0,32.0,AlankarChowk,a2,a2_15.csv,MEDIUM,37.5,26
1900-01-01 10:50:00,LEFT,15.0,15.0,0.0,0.0,30.0,AlankarChowk,a2,a2_15.csv,MEDIUM,22.5,22
1900-01-01 10:50:00,RIGHT,13.0,21.0,2.0,2.0,38.0,AlankarChowk,a2,a2_15.csv,MEDIUM,34.5,25
1900-01-01 10:50:00,UP,0.0,2.0,1.0,0.0,3.0,AlankarChowk,a2,a2_15.csv,LOW,3.5,16
1900-01-01 10:55:00,DOWN,5.0,12.0,3.0,7.0,27.0,AlankarChowk,a2,a2_15.csv,MEDIUM,39.5,26
1900-01-01 10:55:00,LEFT,12.0,11.0,1.0,1.0,25.0,AlankarChowk,a2,a2_15.csv,MEDIUM,23.0,22
1900-01-01 10:55:00,RIGHT,12.0,17.0,0.0,0.0,29.0,AlankarChowk,a2,a2_15.csv,MEDIUM,20.5,21
1900-01-01 10:55:00,UP,1.0,3.0,0.0,0.0,4.0,AlankarChowk,a2,a2_15.csv,LOW,2.5,16
1900-01-01 11:00:00,DOWN,5.0,19.0,2.0,5.0,31.0,AlankarChowk,a2,a2_15.csv,MEDIUM,34.5,25
1900-01-01 11:00:00,LEFT,13.0,10.0,0.0,1.0,24.0,AlankarChowk,a2,a2_15.csv,MEDIUM,21.0,21
1900-01-01 11:00:00,RIGHT,14.0,8.0,0.0,6.0,28.0,AlankarChowk,a2,a2_15.csv,MEDIUM,36.0,25
1900-01-01 11:00:00,UP,0.0,2.0,0.0,0.0,2.0,AlankarChowk,a2,a2_15.csv,LOW,1.0,15
1900-01-01 11:05:00,DOWN,5.0,22.0,4.0,9.0,40.0,AlankarChowk,a2,a2_15.csv,MEDIUM,53.0,30
1900-01-01 11:05:00,LEFT,21.0,15.0,0.0,1.0,37.0,AlankarChowk,a2,a2_15.csv,MEDIUM,31.5,24
1900-01-01 11:05:00,RIGHT,7.0,16.0,0.0,2.0,25.0,AlankarChowk,a2,a2_15.csv,MEDIUM,21.0,21
1900-01-01 11:05:00,UP,0.0,1.0,0.0,0.0,1.0,AlankarChowk,a2,a2_15.csv,LOW,0.5,15
1900-01-01 11:10:00,DOWN,1.0,20.0,3.0,6.0,30.0,AlankarChowk,a2,a2_15.csv,MEDIUM,36.5,26
1900-01-01 11:10:00,LEFT,17.0,15.0,0.0,1.0,33.0,AlankarChowk,a2,a2_15.csv,MEDIUM,27.5,23
1900-01-01 11:10:00,RIGHT,7.0,12.0,0.0,1.0,20.0,AlankarChowk,a2,a2_15.csv,MEDIUM,16.0,20
1900-01-01 11:10:00,UP,1.0,1.0,0.0,0.0,2.0,AlankarChowk,a2,a2_15.csv,LOW,1.5,15
1900-01-01 11:15:00,DOWN,4.0,21.0,2.0,3.0,30.0,AlankarChowk,a2,a2_15.csv,MEDIUM,28.5,23
1900-01-01 11:15:00,LEFT,16.0,21.0,0.0,0.0,37.0,AlankarChowk,a2,a2_15.csv,MEDIUM,26.5,23
1900-01-01 11:15:00,RIGHT,8.0,6.0,0.0,2.0,16.0,AlankarChowk,a2,a2_15.csv,MEDIUM,17.0,20
1900-01-01 11:15:00,UP,2.0,4.0,0.0,0.0,6.0,AlankarChowk,a2,a2_15.csv,MEDIUM,4.0,16
1900-01-01 11:20:00,DOWN,1.0,19.0,8.0,1.0,29.0,AlankarChowk,a2,a2_15.csv,MEDIUM,33.5,25
1900-01-01 11:20:00,LEFT,16.0,11.0,0.0,1.0,28.0,AlankarChowk,a2,a2_15.csv,MEDIUM,24.5,22
1900-01-01 11:20:00,RIGHT,3.0,9.0,0.0,3.0,15.0,AlankarChowk,a2,a2_15.csv,MEDIUM,16.5,20
1900-01-01 11:20:00,UP,0.0,3.0,0.0,0.0,3.0,AlankarChowk,a2,a2_15.csv,LOW,1.5,15
1900-01-01 11:25:00,DOWN,0.0,0.0,1.0,2.0,3.0,AlankarChowk,a2,a2_15.csv,LOW,8.5,17
1900-01-01 11:25:00,LEFT,5.0,0.0,0.0,1.0,6.0,AlankarChowk,a2,a2_15.csv,MEDIUM,8.0,17
1900-01-01 11:25:00,RIGHT,4.0,3.0,0.0,1.0,8.0,AlankarChowk,a2,a2_15.csv,MEDIUM,8.5,17
1900-01-01 11:25:00,UP,0.0,2.0,0.0,0.0,2.0,AlankarChowk,a2,a2_15.csv,LOW,1.0,15
1900-01-01 11:25:00,DOWN,1.0,10.0,1.0,3.0,15.0,AlankarChowk,a2,a2_14_one.csv,MEDIUM,17.5,20
1900-01-01 11:25:00,LEFT,14.0,14.0,0.0,2.0,30.0,AlankarChowk,a2,a2_14_one.csv,MEDIUM,27.0,23
1900-01-01 11:25:00,RIGHT,2.0,15.0,0.0,3.0,20.0,AlankarChowk,a2,a2_14_one.csv,MEDIUM,18.5,20
1900-01-01 11:25:00,UP,1.0,1.0,0.0,0.0,2.0,AlankarChowk,a2,a2_14_one.csv,LOW,1.5,15
1900-01-01 11:30:00,DOWN,4.0,17.0,5.0,1.0,27.0,AlankarChowk,a2,a2_14_one.csv,MEDIUM,28.0,23
1900-01-01 11:30:00,LEFT,20.0,16.0,0.0,5.0,41.0,AlankarChowk,a2,a2_14_one.csv,MEDIUM,43.0,27
1900-01-01 11:30:00,RIGHT,6.0,13.0,0.0,4.0,23.0,AlankarChowk,a2,a2_14_one.csv,MEDIUM,24.5,22
1900-01-01 11:30:00,UP,1.0,4.0,0.0,1.0,6.0,AlankarChowk,a2,a2_14_one.csv,MEDIUM,6.0,17
1900-01-01 11:35:00,DOWN,1.0,12.0,7.0,3.0,23.0,AlankarChowk,a2,a2_14_one.csv,MEDIUM,33.5,25
1900-01-01 11:35:00,LEFT,29.0,8.0,0.0,1.0,38.0,AlankarChowk,a2,a2_14_one.csv,MEDIUM,36.0,25
1900-01-01 11:35:00,RIGHT,15.0,10.0,0.0,2.0,27.0,AlankarChowk,a2,a2_14_one.csv,MEDIUM,26.0,23
1900-01-01 11:35:00,UP,0.0,1.0,0.0,0.0,1.0,AlankarChowk,a2,a2_14_one.csv,LOW,0.5,15
1900-01-01 11:40:00,DOWN,4.0,12.0,4.0,1.0,21.0,AlankarChowk,a2,a2_14_one.csv,MEDIUM,23.0,22
1900-01-01 11:40:00,LEFT,30.0,27.0,0.0,3.0,60.0,AlankarChowk,a2,a2_14_one.csv,MEDIUM,52.5,30
1900-01-01 11:40:00,RIGHT,9.0,10.0,0.0,3.0,22.0,AlankarChowk,a2,a2_14_one.csv,MEDIUM,23.0,22
1900-01-01 11:40:00,UP,2.0,3.0,0.0,3.0,8.0,AlankarChowk,a2,a2_14_one.csv,MEDIUM,12.5,19
1900-01-01 11:45:00,DOWN,1.0,26.0,4.0,4.0,35.0,AlankarChowk,a2,a2_14_one.csv,MEDIUM,36.0,25
1900-01-01 11:45:00,LEFT,19.0,16.0,2.0,1.0,38.0,AlankarChowk,a2,a2_14_one.csv,MEDIUM,35.0,25
1900-01-01 11:45:00,RIGHT,9.0,92.0,0.0,3.0,104.0,AlankarChowk,a2,a2_14_one.csv,HIGH,64.0,34
1900-01-01 11:45:00,UP,4.0,2.0,0.0,0.0,6.0,AlankarChowk,a2,a2_14_one.csv,MEDIUM,5.0,16
1900-01-01 11:50:00,DOWN,2.0,19.0,3.0,2.0,26.0,AlankarChowk,a2,a2_14_one.csv,MEDIUM,25.0,22
1900-01-01 11:50:00,LEFT,27.0,19.0,0.0,0.0,46.0,AlankarChowk,a2,a2_14_one.csv,MEDIUM,36.5,26
1900-01-01 11:50:00,RIGHT,9.0,11.0,0.0,1.0,21.0,AlankarChowk,a2,a2_14_one.csv,MEDIUM,17.5,20
1900-01-01 11:50:00,UP,1.0,3.0,0.0,0.0,4.0,AlankarChowk,a2,a2_14_one.csv,LOW,2.5,16
1900-01-01 11:55:00,DOWN,1.0,22.0,5.0,1.0,29.0,AlankarChowk,a2,a2_14_one.csv,MEDIUM,27.5,23
1900-01-01 11:55:00,LEFT,18.0,9.0,0.0,2.0,29.0,AlankarChowk,a2,a2_14_one.csv,MEDIUM,28.5,23
1900-01-01 11:55:00,RIGHT,11.0,10.0,0.0,2.0,23.0,AlankarChowk,a2,a2_14_one.csv,MEDIUM,22.0,21
1900-01-01 11:55:00,UP,1.0,2.0,0.0,0.0,3.0,AlankarChowk,a2,a2_14_one.csv,LOW,2.0,16
1900-01-01 08:55:00,DOWN,0.0,0.0,0.0,0.0,0.0,AlankarChowk,a2,a2_14.csv,LOW,0.0,15
1900-01-01 08:55:00,LEFT,0.0,0.0,0.0,0.0,0.0,AlankarChowk,a2,a2_14.csv,LOW,0.0,15
1900-01-01 08:55:00,RIGHT,0.0,0.0,0.0,1.0,1.0,AlankarChowk,a2,a2_14.csv,LOW,3.0,16
1900-01-01 08:55:00,UP,0.0,0.0,0.0,0.0,0.0,AlankarChowk,a2,a2_14.csv,LOW,0.0,15
1900-01-01 09:00:00,DOWN,1.0,17.0,3.0,2.0,23.0,AlankarChowk,a2,a2_14.csv,MEDIUM,23.0,22
1900-01-01 09:00:00,LEFT,10.0,12.0,0.0,0.0,22.0,AlankarChowk,a2,a2_14.csv,MEDIUM,16.0,20
1900-01-01 09:00:00,RIGHT,6.0,24.0,1.0,1.0,32.0,AlankarChowk,a2,a2_14.csv,MEDIUM,23.5,22
1900-01-01 09:00:00,UP,1.0,3.0,0.0,0.0,4.0,AlankarChowk,a2,a2_14.csv,LOW,2.5,16
1900-01-01 09:05:00,DOWN,0.0,13.0,4.0,2.0,19.0,AlankarChowk,a2,a2_14.csv,MEDIUM,22.5,22
1900-01-01 09:05:00,LEFT,16.0,12.0,0.0,3.0,31.0,AlankarChowk,a2,a2_14.csv,MEDIUM,31.0,24
1900-01-01 09:05:00,RIGHT,7.0,13.0,0.0,2.0,22.0,AlankarChowk,a2,a2_14.csv,MEDIUM,19.5,21
1900-01-01 09:05:00,UP,1.0,1.0,0.0,0.0,2.0,AlankarChowk,a2,a2_14.csv,LOW,1.5,15
1900-01-01 09:10:00,DOWN,1.0,11.0,2.0,2.0,16.0,AlankarChowk,a2,a2_14.csv,MEDIUM,17.5,20
1900-01-01 09:10:00,LEFT,7.0,9.0,1.0,2.0,19.0,AlankarChowk,a2,a2_14.csv,MEDIUM,20.0,21
1900-01-01 09:10:00,RIGHT,7.0,19.0,0.0,4.0,30.0,AlankarChowk,a2,a2_14.csv,MEDIUM,28.5,23
1900-01-01 09:10:00,UP,1.0,0.0,0.0,0.0,1.0,AlankarChowk,a2,a2_14.csv,LOW,1.0,15
1900-01-01 09:15:00,DOWN,0.0,5.0,3.0,0.0,8.0,AlankarChowk,a2,a2_14.csv,MEDIUM,10.0,18
1900-01-01 09:15:00,LEFT,16.0,15.0,0.0,1.0,32.0,AlankarChowk,a2,a2_14.csv,MEDIUM,26.5,23
1900-01-01 09:15:00,RIGHT,3.0,6.0,1.0,3.0,13.0,AlankarChowk,a2,a2_14.csv,MEDIUM,17.5,20
1900-01-01 09:15:00,UP,2.0,0.0,0.0,0.0,2.0,AlankarChowk,a2,a2_14.csv,LOW,2.0,16
1900-01-01 09:20:00,DOWN,2.0,16.0,2.0,0.0,20.0,AlankarChowk,a2,a2_14.csv,MEDIUM,15.0,19
1900-01-01 09:20:00,LEFT,13.0,8.0,0.0,0.0,21.0,AlankarChowk,a2,a2_14.csv,MEDIUM,17.0,20
1900-01-01 09:20:00,RIGHT,9.0,17.0,0.0,2.0,28.0,AlankarChowk,a2,a2_14.csv,MEDIUM,23.5,22
1900-01-01 09:20:00,UP,0.0,1.0,0.0,0.0,1.0,AlankarChowk,a2,a2_14.csv,LOW,0.5,15
1900-01-01 09:25:00,DOWN,1.0,12.0,3.0,0.0,16.0,AlankarChowk,a2,a2_14.csv,MEDIUM,14.5,19
1900-01-01 09:25:00,LEFT,12.0,11.0,0.0,1.0,24.0,AlankarChowk,a2,a2_14.csv,MEDIUM,20.5,21
1900-01-01 09:25:00,RIGHT,7.0,17.0,0.0,1.0,25.0,AlankarChowk,a2,a2_14.csv,MEDIUM,18.5,20
1900-01-01 09:25:00,UP,1.0,3.0,0.0,0.0,4.0,AlankarChowk,a2,a2_14.csv,LOW,2.5,16
1900-01-01 09:30:00,DOWN,1.0,16.0,2.0,1.0,20.0,AlankarChowk,a2,a2_14.csv,MEDIUM,17.0,20
1900-01-01 09:30:00,LEFT,21.0,14.0,1.0,0.0,36.0,AlankarChowk,a2,a2_14.csv,MEDIUM,30.5,24
1900-01-01 09:30:00,RIGHT,7.0,22.0,1.0,3.0,33.0,AlankarChowk,a2,a2_14.csv,MEDIUM,29.5,24
1900-01-01 09:30:00,UP,3.0,1.0,0.0,0.0,4.0,AlankarChowk,a2,a2_14.csv,LOW,3.5,16
1900-01-01 09:35:00,DOWN,3.0,15.0,2.0,1.0,21.0,AlankarChowk,a2,a2_14.csv,MEDIUM,18.5,20
1900-01-01 09:35:00,LEFT,13.0,14.0,0.0,0.0,27.0,AlankarChowk,a2,a2_14.csv,MEDIUM,20.0,21
1900-01-01 09:35:00,RIGHT,6.0,20.0,0.0,2.0,28.0,AlankarChowk,a2,a2_14.csv,MEDIUM,22.0,21
1900-01-01 09:35:00,UP,1.0,2.0,0.0,0.0,3.0,AlankarChowk,a2,a2_14.csv,LOW,2.0,16
1900-01-01 09:40:00,DOWN,1.0,12.0,2.0,2.0,17.0,AlankarChowk,a2,a2_14.csv,MEDIUM,18.0,20
1900-01-01 09:40:00,LEFT,17.0,14.0,0.0,1.0,32.0,AlankarChowk,a2,a2_14.csv,MEDIUM,27.0,23
1900-01-01 09:40:00,RIGHT,9.0,18.0,3.0,3.0,33.0,AlankarChowk,a2,a2_14.csv,MEDIUM,34.5,25
1900-01-01 09:40:00,UP,1.0,2.0,0.0,0.0,3.0,AlankarChowk,a2,a2_14.csv,LOW,2.0,16
1900-01-01 09:45:00,DOWN,3.0,11.0,2.0,1.0,17.0,AlankarChowk,a2,a2_14.csv,MEDIUM,16.5,20
1900-01-01 09:45:00,LEFT,14.0,24.0,0.0,0.0,38.0,AlankarChowk,a2,a2_14.csv,MEDIUM,26.0,23
1900-01-01 09:45:00,RIGHT,11.0,23.0,0.0,1.0,35.0,AlankarChowk,a2,a2_14.csv,MEDIUM,25.5,22
1900-01-01 09:45:00,UP,2.0,2.0,0.0,0.0,4.0,AlankarChowk,a2,a2_14.csv,LOW,3.0,16
1900-01-01 09:50:00,DOWN,1.0,22.0,2.0,0.0,25.0,AlankarChowk,a2,a2_14.csv,MEDIUM,17.0,20
1900-01-01 09:50:00,LEFT,21.0,12.0,0.0,2.0,35.0,AlankarChowk,a2,a2_14.csv,MEDIUM,33.0,25
1900-01-01 09:50:00,RIGHT,8.0,57.0,0.0,0.0,65.0,AlankarChowk,a2,a2_14.csv,MEDIUM,36.5,26
1900-01-01 09:50:00,UP,0.0,2.0,0.0,0.0,2.0,AlankarChowk,a2,a2_14.csv,LOW,1.0,15
1900-01-01 09:55:00,DOWN,2.0,13.0,6.0,2.0,23.0,AlankarChowk,a2,a2_14.csv,MEDIUM,29.5,24
1900-01-01 09:55:00,LEFT,16.0,16.0,0.0,1.0,33.0,AlankarChowk,a2,a2_14.csv,MEDIUM,27.0,23
1900-01-01 09:55:00,RIGHT,17.0,21.0,1.0,3.0,42.0,AlankarChowk,a2,a2_14.csv,MEDIUM,39.0,26
1900-01-01 09:55:00,UP,0.0,2.0,0.0,0.0,2.0,AlankarChowk,a2,a2_14.csv,LOW,1.0,15
1900-01-01 10:00:00,DOWN,1.0,12.0,5.0,5.0,23.0,AlankarChowk,a2,a2_14.csv,MEDIUM,34.5,25
1900-01-01 10:00:00,LEFT,7.0,21.0,0.0,0.0,28.0,AlankarChowk,a2,a2_14.csv,MEDIUM,17.5,20
1900-01-01 10:00:00,RIGHT,7.0,20.0,0.0,1.0,28.0,AlankarChowk,a2,a2_14.csv,MEDIUM,20.0,21
1900-01-01 10:00:00,UP,0.0,1.0,0.0,0.0,1.0,AlankarChowk,a2,a2_14.csv,LOW,0.5,15
1900-01-01 10:05:00,DOWN,3.0,11.0,2.0,4.0,20.0,AlankarChowk,a2,a2_14.csv,MEDIUM,25.5,22
1900-01-01 10:05:00,LEFT,18.0,17.0,1.0,3.0,39.0,AlankarChowk,a2,a2_14.csv,MEDIUM,38.0,26
1900-01-01 10:05:00,RIGHT,8.0,14.0,0.0,1.0,23.0,AlankarChowk,a2,a2_14.csv,MEDIUM,18.0,20
1900-01-01 10:05:00,UP,1.0,1.0,0.0,0.0,2.0,AlankarChowk,a2,a2_14.csv,LOW,1.5,15
1900-01-01 10:10:00,DOWN,1.0,14.0,5.0,3.0,23.0,AlankarChowk,a2,a2_14.csv,MEDIUM,29.5,24
1900-01-01 10:10:00,LEFT,7.0,6.0,0.0,0.0,13.0,AlankarChowk,a2,a2_14.csv,MEDIUM,10.0,18
1900-01-01 10:10:00,RIGHT,12.0,13.0,0.0,4.0,29.0,AlankarChowk,a2,a2_14.csv,MEDIUM,30.5,24
1900-01-01 10:10:00,UP,0.0,1.0,0.0,0.0,1.0,AlankarChowk,a2,a2_14.csv,LOW,0.5,15
1900-01-01 10:15:00,DOWN,4.0,10.0,4.0,1.0,19.0,AlankarChowk,a2,a2_14.csv,MEDIUM,22.0,21
1900-01-01 10:15:00,LEFT,20.0,10.0,0.0,1.0,31.0,AlankarChowk,a2,a2_14.csv,MEDIUM,28.0,23
1900-01-01 10:15:00,RIGHT,13.0,13.0,1.0,1.0,28.0,AlankarChowk,a2,a2_14.csv,MEDIUM,25.0,22
1900-01-01 10:15:00,UP,0.0,3.0,0.0,0.0,3.0,AlankarChowk,a2,a2_14.csv,LOW,1.5,15
1900-01-01 10:20:00,DOWN,4.0,20.0,2.0,6.0,32.0,AlankarChowk,a2,a2_14.csv,MEDIUM,37.0,26
1900-01-01 10:20:00,LEFT,18.0,8.0,0.0,1.0,27.0,AlankarChowk,a2,a2_14.csv,MEDIUM,25.0,22
1900-01-01 10:20:00,RIGHT,9.0,26.0,0.0,1.0,36.0,AlankarChowk,a2,a2_14.csv,MEDIUM,25.0,22
1900-01-01 10:20:00,UP,1.0,2.0,0.0,0.0,3.0,AlankarChowk,a2,a2_14.csv,LOW,2.0,16
1900-01-01 10:25:00,DOWN,3.0,17.0,4.0,3.0,27.0,AlankarChowk,a2,a2_14.csv,MEDIUM,30.5,24
1900-01-01 10:25:00,LEFT,9.0,8.0,0.0,1.0,18.0,AlankarChowk,a2,a2_14.csv,MEDIUM,16.0,20
1900-01-01 10:25:00,RIGHT,5.0,17.0,0.0,2.0,24.0,AlankarChowk,a2,a2_14.csv,MEDIUM,19.5,21
1900-01-01 10:25:00,UP,1.0,2.0,0.0,0.0,3.0,AlankarChowk,a2,a2_14.csv,LOW,2.0,16
1900-01-01 10:30:00,DOWN,5.0,16.0,2.0,5.0,28.0,AlankarChowk,a2,a2_14.csv,MEDIUM,33.0,25
1900-01-01 10:30:00,LEFT,16.0,11.0,0.0,3.0,30.0,AlankarChowk,a2,a2_14.csv,MEDIUM,30.5,24
1900-01-01 10:30:00,RIGHT,11.0,11.0,0.0,5.0,27.0,AlankarChowk,a2,a2_14.csv,MEDIUM,31.5,24
1900-01-01 10:30:00,UP,0.0,2.0,0.0,0.0,2.0,AlankarChowk,a2,a2_14.csv,LOW,1.0,15
1900-01-01 10:35:00,DOWN,1.0,10.0,7.0,3.0,21.0,AlankarChowk,a2,a2_14.csv,MEDIUM,32.5,24
1900-01-01 10:35:00,LEFT,19.0,6.0,0.0,0.0,25.0,AlankarChowk,a2,a2_14.csv,MEDIUM,22.0,21
1900-01-01 10:35:00,RIGHT,6.0,16.0,1.0,1.0,24.0,AlankarChowk,a2,a2_14.csv,MEDIUM,19.5,21
1900-01-01 10:35:00,UP,0.0,4.0,0.0,0.0,4.0,AlankarChowk,a2,a2_14.csv,LOW,2.0,16
1900-01-01 10:40:00,DOWN,2.0,21.0,7.0,4.0,34.0,AlankarChowk,a2,a2_14.csv,MEDIUM,42.0,27
1900-01-01 10:40:00,LEFT,14.0,7.0,0.0,1.0,22.0,AlankarChowk,a2,a2_14.csv,MEDIUM,20.5,21
1900-01-01 10:40:00,RIGHT,6.0,12.0,0.0,2.0,20.0,AlankarChowk,a2,a2_14.csv,MEDIUM,18.0,20
1900-01-01 10:40:00,UP,1.0,2.0,0.0,0.0,3.0,AlankarChowk,a2,a2_14.csv,LOW,2.0,16
1900-01-01 10:45:00,DOWN,2.0,13.0,1.0,2.0,18.0,AlankarChowk,a2,a2_14.csv,MEDIUM,17.0,20
1900-01-01 10:45:00,LEFT,19.0,15.0,0.0,2.0,36.0,AlankarChowk,a2,a2_14.csv,MEDIUM,32.5,24
1900-01-01 10:45:00,RIGHT,15.0,12.0,0.0,2.0,29.0,AlankarChowk,a2,a2_14.csv,MEDIUM,27.0,23
1900-01-01 10:45:00,UP,0.0,3.0,0.0,0.0,3.0,AlankarChowk,a2,a2_14.csv,LOW,1.5,15
1900-01-01 10:50:00,DOWN,7.0,18.0,1.0,1.0,27.0,AlankarChowk,a2,a2_14.csv,MEDIUM,21.5,21
1900-01-01 10:50:00,LEFT,12.0,10.0,0.0,2.0,24.0,AlankarChowk,a2,a2_14.csv,MEDIUM,23.0,22
1900-01-01 10:50:00,RIGHT,6.0,10.0,0.0,2.0,18.0,AlankarChowk,a2,a2_14.csv,MEDIUM,17.0,20
1900-01-01 10:50:00,UP,1.0,3.0,0.0,0.0,4.0,AlankarChowk,a2,a2_14.csv,LOW,2.5,16
1900-01-01 10:55:00,DOWN,2.0,20.0,1.0,3.0,26.0,AlankarChowk,a2,a2_14.csv,MEDIUM,23.5,22
1900-01-01 10:55:00,LEFT,20.0,21.0,0.0,0.0,41.0,AlankarChowk,a2,a2_14.csv,MEDIUM,30.5,24
1900-01-01 10:55:00,RIGHT,13.0,21.0,0.0,2.0,36.0,AlankarChowk,a2,a2_14.csv,MEDIUM,29.5,24
1900-01-01 10:55:00,UP,2.0,0.0,0.0,0.0,2.0,AlankarChowk,a2,a2_14.csv,LOW,2.0,16
1900-01-01 11:00:00,DOWN,3.0,14.0,4.0,2.0,23.0,AlankarChowk,a2,a2_14.csv,MEDIUM,26.0,23
1900-01-01 11:00:00,LEFT,9.0,11.0,0.0,1.0,21.0,AlankarChowk,a2,a2_14.csv,MEDIUM,17.5,20
1900-01-01 11:00:00,RIGHT,11.0,14.0,0.0,1.0,26.0,AlankarChowk,a2,a2_14.csv,MEDIUM,21.0,21
1900-01-01 11:00:00,UP,1.0,1.0,0.0,0.0,2.0,AlankarChowk,a2,a2_14.csv,LOW,1.5,15
1900-01-01 11:05:00,DOWN,3.0,14.0,5.0,3.0,25.0,AlankarChowk,a2,a2_14.csv,MEDIUM,31.5,24
1900-01-01 11:05:00,LEFT,25.0,14.0,0.0,2.0,41.0,AlankarChowk,a2,a2_14.csv,MEDIUM,38.0,26
1900-01-01 11:05:00,RIGHT,11.0,18.0,0.0,3.0,32.0,AlankarChowk,a2,a2_14.csv,MEDIUM,29.0,23
1900-01-01 11:05:00,UP,0.0,2.0,0.0,0.0,2.0,AlankarChowk,a2,a2_14.csv,LOW,1.0,15
1900-01-01 11:10:00,DOWN,1.0,22.0,2.0,4.0,29.0,AlankarChowk,a2,a2_14.csv,MEDIUM,29.0,23
1900-01-01 11:10:00,LEFT,17.0,9.0,0.0,0.0,26.0,AlankarChowk,a2,a2_14.csv,MEDIUM,21.5,21
1900-01-01 11:10:00,RIGHT,7.0,18.0,0.0,5.0,30.0,AlankarChowk,a2,a2_14.csv,MEDIUM,31.0,24
1900-01-01 11:10:00,UP,0.0,1.0,0.0,0.0,1.0,AlankarChowk,a2,a2_14.csv,LOW,0.5,15
1900-01-01 11:15:00,DOWN,3.0,11.0,3.0,1.0,18.0,AlankarChowk,a2,a2_14.csv,MEDIUM,19.0,20
1900-01-01 11:15:00,LEFT,13.0,11.0,0.0,0.0,24.0,AlankarChowk,a2,a2_14.csv,MEDIUM,18.5,20
1900-01-01 11:15:00,RIGHT,4.0,10.0,0.0,1.0,15.0,AlankarChowk,a2,a2_14.csv,MEDIUM,12.0,18
1900-01-01 11:15:00,UP,1.0,2.0,0.0,0.0,3.0,AlankarChowk,a2,a2_14.csv,LOW,2.0,16
1900-01-01 11:20:00,DOWN,2.0,18.0,5.0,3.0,28.0,AlankarChowk,a2,a2_14.csv,MEDIUM,32.5,24
1900-01-01 11:20:00,LEFT,20.0,15.0,0.0,1.0,36.0,AlankarChowk,a2,a2_14.csv,MEDIUM,30.5,24
1900-01-01 11:20:00,RIGHT,10.0,8.0,0.0,2.0,20.0,AlankarChowk,a2,a2_14.csv,MEDIUM,20.0,21
1900-01-01 11:20:00,UP,1.0,4.0,0.0,0.0,5.0,AlankarChowk,a2,a2_14.csv,MEDIUM,3.0,16
1900-01-01 11:25:00,DOWN,0.0,0.0,0.0,0.0,0.0,AlankarChowk,a2,a2_14.csv,LOW,0.0,15
1900-01-01 11:25:00,LEFT,2.0,3.0,0.0,0.0,5.0,AlankarChowk,a2,a2_14.csv,MEDIUM,3.5,16
1900-01-01 11:25:00,RIGHT,1.0,0.0,0.0,0.0,1.0,AlankarChowk,a2,a2_14.csv,LOW,1.0,15
1900-01-01 11:25:00,UP,0.0,1.0,0.0,0.0,1.0,AlankarChowk,a2,a2_14.csv,LOW,0.5,15
1900-01-01 08:55:00,DOWN,0.0,0.0,0.0,0.0,0.0,RTOChowk,r1,r1_18.csv,LOW,0.0,15
1900-01-01 08:55:00,LEFT,0.0,0.0,0.0,0.0,0.0,RTOChowk,r1,r1_18.csv,LOW,0.0,15
1900-01-01 08:55:00,RIGHT,0.0,0.0,0.0,0.0,0.0,RTOChowk,r1,r1_18.csv,LOW,0.0,15
1900-01-01 08:55:00,UP,0.0,0.0,0.0,0.0,0.0,RTOChowk,r1,r1_18.csv,LOW,0.0,15
1900-01-01 09:00:00,DOWN,13.0,9.0,4.0,11.0,37.0,RTOChowk,r1,r1_18.csv,MEDIUM,60.5,33
1900-01-01 09:00:00,LEFT,0.0,0.0,0.0,0.0,0.0,RTOChowk,r1,r1_18.csv,LOW,0.0,15
1900-01-01 09:00:00,RIGHT,7.0,6.0,2.0,6.0,21.0,RTOChowk,r1,r1_18.csv,MEDIUM,33.0,25
1900-01-01 09:00:00,UP,0.0,0.0,0.0,0.0,0.0,RTOChowk,r1,r1_18.csv,LOW,0.0,15
1900-01-01 09:05:00,DOWN,13.0,14.0,5.0,15.0,47.0,RTOChowk,r1,r1_18.csv,MEDIUM,77.5,37
1900-01-01 09:05:00,LEFT,0.0,0.0,0.0,0.0,0.0,RTOChowk,r1,r1_18.csv,LOW,0.0,15
1900-01-01 09:05:00,RIGHT,9.0,6.0,0.0,11.0,26.0,RTOChowk,r1,r1_18.csv,MEDIUM,45.0,28
1900-01-01 09:05:00,UP,0.0,0.0,0.0,0.0,0.0,RTOChowk,r1,r1_18.csv,LOW,0.0,15
1900-01-01 09:10:00,DOWN,15.0,10.0,7.0,12.0,44.0,RTOChowk,r1,r1_18.csv,MEDIUM,73.5,36
1900-01-01 09:10:00,LEFT,0.0,0.0,0.0,0.0,0.0,RTOChowk,r1,r1_18.csv,LOW,0.0,15
1900-01-01 09:10:00,RIGHT,13.0,11.0,0.0,5.0,29.0,RTOChowk,r1,r1_18.csv,MEDIUM,33.5,25
1900-01-01 09:10:00,UP,0.0,0.0,0.0,0.0,0.0,RTOChowk,r1,r1_18.csv,LOW,0.0,15
1900-01-01 09:15:00,DOWN,19.0,12.0,4.0,8.0,43.0,RTOChowk,r1,r1_18.csv,MEDIUM,59.0,32
1900-01-01 09:15:00,LEFT,0.0,0.0,0.0,0.0,0.0,RTOChowk,r1,r1_18.csv,LOW,0.0,15
1900-01-01 09:15:00,RIGHT,3.0,3.0,3.0,7.0,16.0,RTOChowk,r1,r1_18.csv,MEDIUM,33.0,25
1900-01-01 09:15:00,UP,0.0,0.0,1.0,1.0,2.0,RTOChowk,r1,r1_18.csv,LOW,5.5,17
1900-01-01 09:20:00,DOWN,16.0,6.0,7.0,4.0,33.0,RTOChowk,r1,r1_18.csv,MEDIUM,48.5,29
1900-01-01 09:20:00,LEFT,0.0,0.0,0.0,0.0,0.0,RTOChowk,r1,r1_18.csv,LOW,0.0,15
1900-01-01 09:20:00,RIGHT,10.0,11.0,1.0,6.0,28.0,RTOChowk,r1,r1_18.csv,MEDIUM,36.0,25
1900-01-01 09:20:00,UP,0.0,0.0,0.0,0.0,0.0,RTOChowk,r1,r1_18.csv,LOW,0.0,15
1900-01-01 09:25:00,DOWN,13.0,13.0,7.0,7.0,40.0,RTOChowk,r1,r1_18.csv,MEDIUM,58.0,32
1900-01-01 09:25:00,LEFT,0.0,0.0,0.0,0.0,0.0,RTOChowk,r1,r1_18.csv,LOW,0.0,15
1900-01-01 09:25:00,RIGHT,6.0,1.0,4.0,6.0,17.0,RTOChowk,r1,r1_18.csv,MEDIUM,34.5,25
1900-01-01 09:25:00,UP,0.0,0.0,0.0,0.0,0.0,RTOChowk,r1,r1_18.csv,LOW,0.0,15
1900-01-01 09:30:00,DOWN,20.0,9.0,7.0,10.0,46.0,RTOChowk,r1,r1_18.csv,MEDIUM,72.0,36
1900-01-01 09:30:00,LEFT,0.0,0.0,0.0,0.0,0.0,RTOChowk,r1,r1_18.csv,LOW,0.0,15
1900-01-01 09:30:00,RIGHT,8.0,11.0,0.0,10.0,29.0,RTOChowk,r1,r1_18.csv,MEDIUM,43.5,28
1900-01-01 09:30:00,UP,0.0,0.0,0.0,0.0,0.0,RTOChowk,r1,r1_18.csv,LOW,0.0,15
1900-01-01 09:35:00,DOWN,21.0,9.0,8.0,14.0,52.0,RTOChowk,r1,r1_18.csv,MEDIUM,87.5,40
1900-01-01 09:35:00,LEFT,0.0,1.0,0.0,0.0,1.0,RTOChowk,r1,r1_18.csv,LOW,0.5,15
1900-01-01 09:35:00,RIGHT,8.0,6.0,1.0,5.0,20.0,RTOChowk,r1,r1_18.csv,MEDIUM,28.5,23
1900-01-01 09:35:00,UP,0.0,0.0,0.0,0.0,0.0,RTOChowk,r1,r1_18.csv,LOW,0.0,15
1900-01-01 09:40:00,DOWN,19.0,10.0,7.0,13.0,49.0,RTOChowk,r1,r1_18.csv,MEDIUM,80.5,38
1900-01-01 09:40:00,LEFT,1.0,0.0,0.0,0.0,1.0,RTOChowk,r1,r1_18.csv,LOW,1.0,15
1900-01-01 09:40:00,RIGHT,12.0,13.0,1.0,6.0,32.0,RTOChowk,r1,r1_18.csv,MEDIUM,39.0,26
1900-01-01 09:40:00,UP,0.0,0.0,1.0,0.0,1.0,RTOChowk,r1,r1_18.csv,LOW,2.5,16
1900-01-01 09:45:00,DOWN,19.0,15.0,7.0,5.0,46.0,RTOChowk,r1,r1_18.csv,MEDIUM,59.0,32
1900-01-01 09:45:00,LEFT,0.0,0.0,0.0,0.0,0.0,RTOChowk,r1,r1_18.csv,LOW,0.0,15
1900-01-01 09:45:00,RIGHT,10.0,11.0,3.0,7.0,31.0,RTOChowk,r1,r1_18.csv,MEDIUM,44.0,28
1900-01-01 09:45:00,UP,2.0,0.0,0.0,0.0,2.0,RTOChowk,r1,r1_18.csv,LOW,2.0,16
1900-01-01 09:50:00,DOWN,26.0,16.0,5.0,5.0,52.0,RTOChowk,r1,r1_18.csv,MEDIUM,61.5,33
1900-01-01 09:50:00,LEFT,0.0,0.0,0.0,0.0,0.0,RTOChowk,r1,r1_18.csv,LOW,0.0,15
1900-01-01 09:50:00,RIGHT,8.0,5.0,2.0,3.0,18.0,RTOChowk,r1,r1_18.csv,MEDIUM,24.5,22
1900-01-01 09:50:00,UP,0.0,0.0,0.0,0.0,0.0,RTOChowk,r1,r1_18.csv,LOW,0.0,15
1900-01-01 09:55:00,DOWN,17.0,12.0,4.0,6.0,39.0,RTOChowk,r1,r1_18.csv,MEDIUM,51.0,30
1900-01-01 09:55:00,LEFT,0.0,0.0,0.0,0.0,0.0,RTOChowk,r1,r1_18.csv,LOW,0.0,15
1900-01-01 09:55:00,RIGHT,15.0,11.0,2.0,3.0,31.0,RTOChowk,r1,r1_18.csv,MEDIUM,34.5,25
1900-01-01 09:55:00,UP,0.0,0.0,0.0,0.0,0.0,RTOChowk,r1,r1_18.csv,LOW,0.0,15
1900-01-01 10:00:00,DOWN,12.0,16.0,6.0,12.0,46.0,RTOChowk,r1,r1_18.csv,MEDIUM,71.0,36
1900-01-01 10:00:00,LEFT,0.0,0.0,0.0,0.0,0.0,RTOChowk,r1,r1_18.csv,LOW,0.0,15
1900-01-01 10:00:00,RIGHT,7.0,13.0,3.0,9.0,32.0,RTOChowk,r1,r1_18.csv,MEDIUM,48.0,29
1900-01-01 10:00:00,UP,0.0,0.0,0.0,0.0,0.0,RTOChowk,r1,r1_18.csv,LOW,0.0,15
1900-01-01 10:05:00,DOWN,23.0,11.0,3.0,11.0,48.0,RTOChowk,r1,r1_18.csv,MEDIUM,69.0,35
1900-01-01 10:05:00,LEFT,0.0,0.0,0.0,0.0,0.0,RTOChowk,r1,r1_18.csv,LOW,0.0,15
1900-01-01 10:05:00,RIGHT,9.0,13.0,5.0,5.0,32.0,RTOChowk,r1,r1_18.csv,MEDIUM,43.0,27
1900-01-01 10:05:00,UP,1.0,0.0,0.0,0.0,1.0,RTOChowk,r1,r1_18.csv,LOW,1.0,15
1900-01-01 10:10:00,DOWN,25.0,11.0,3.0,13.0,52.0,RTOChowk,r1,r1_18.csv,MEDIUM,77.0,37
1900-01-01 10:10:00,LEFT,0.0,0.0,0.0,0.0,0.0,RTOChowk,r1,r1_18.csv,LOW,0.0,15
1900-01-01 10:10:00,RIGHT,12.0,19.0,0.0,3.0,34.0,RTOChowk,r1,r1_18.csv,MEDIUM,30.5,24
1900-01-01 10:10:00,UP,0.0,0.0,0.0,0.0,0.0,RTOChowk,r1,r1_18.csv,LOW,0.0,15
1900-01-01 10:15:00,DOWN,13.0,10.0,7.0,13.0,43.0,RTOChowk,r1,r1_18.csv,MEDIUM,74.5,37
1900-01-01 10:15:00,LEFT,1.0,0.0,0.0,0.0,1.0,RTOChowk,r1,r1_18.csv,LOW,1.0,15
1900-01-01 10:15:00,RIGHT,3.0,13.0,4.0,11.0,31.0,RTOChowk,r1,r1_18.csv,MEDIUM,52.5,30
1900-01-01 10:15:00,UP,0.0,0.0,0.0,0.0,0.0,RTOChowk,r1,r1_18.csv,LOW,0.0,15
1900-01-01 10:20:00,DOWN,25.0,18.0,5.0,6.0,54.0,RTOChowk,r1,r1_18.csv,MEDIUM,64.5,34
1900-01-01 10:20:00,LEFT,0.0,0.0,0.0,0.0,0.0,RTOChowk,r1,r1_18.csv,LOW,0.0,15
1900-01-01 10:20:00,RIGHT,6.0,4.0,2.0,13.0,25.0,RTOChowk,r1,r1_18.csv,MEDIUM,52.0,30
1900-01-01 10:20:00,UP,0.0,0.0,0.0,0.0,0.0,RTOChowk,r1,r1_18.csv,LOW,0.0,15
1900-01-01 10:25:00,DOWN,18.0,12.0,7.0,10.0,47.0,RTOChowk,r1,r1_18.csv,MEDIUM,71.5,36
1900-01-01 10:25:00,LEFT,0.0,0.0,0.0,0.0,0.0,RTOChowk,r1,r1_18.csv,LOW,0.0,15
1900-01-01 10:25:00,RIGHT,7.0,8.0,1.0,9.0,25.0,RTOChowk,r1,r1_18.csv,MEDIUM,40.5,27
1900-01-01 10:25:00,UP,0.0,0.0,0.0,1.0,1.0,RTOChowk,r1,r1_18.csv,LOW,3.0,16
1900-01-01 10:30:00,DOWN,11.0,12.0,5.0,4.0,32.0,RTOChowk,r1,r1_18.csv,MEDIUM,41.5,27
1900-01-01 10:30:00,LEFT,0.0,0.0,0.0,0.0,0.0,RTOChowk,r1,r1_18.csv,LOW,0.0,15
1900-01-01 10:30:00,RIGHT,7.0,9.0,3.0,2.0,21.0,RTOChowk,r1,r1_18.csv,MEDIUM,25.0,22
1900-01-01 10:30:00,UP,0.0,0.0,0.0,0.0,0.0,RTOChowk,r1,r1_18.csv,LOW,0.0,15
1900-01-01 10:35:00,DOWN,19.0,13.0,3.0,8.0,43.0,RTOChowk,r1,r1_18.csv,MEDIUM,57.0,31
1900-01-01 10:35:00,LEFT,0.0,0.0,0.0,0.0,0.0,RTOChowk,r1,r1_18.csv,LOW,0.0,15
1900-01-01 10:35:00,RIGHT,13.0,13.0,1.0,8.0,35.0,RTOChowk,r1,r1_18.csv,MEDIUM,46.0,28
1900-01-01 10:35:00,UP,0.0,0.0,0.0,0.0,0.0,RTOChowk,r1,r1_18.csv,LOW,0.0,15
1900-01-01 10:40:00,DOWN,18.0,9.0,6.0,9.0,42.0,RTOChowk,r1,r1_18.csv,MEDIUM,64.5,34
1900-01-01 10:40:00,LEFT,0.0,0.0,0.0,0.0,0.0,RTOChowk,r1,r1_18.csv,LOW,0.0,15
1900-01-01 10:40:00,RIGHT,9.0,2.0,0.0,9.0,20.0,RTOChowk,r1,r1_18.csv,MEDIUM,37.0,26
1900-01-01 10:40:00,UP,0.0,0.0,0.0,1.0,1.0,RTOChowk,r1,r1_18.csv,LOW,3.0,16
1900-01-01 10:45:00,DOWN,18.0,13.0,6.0,11.0,48.0,RTOChowk,r1,r1_18.csv,MEDIUM,72.5,36
1900-01-01 10:45:00,LEFT,0.0,0.0,0.0,0.0,0.0,RTOChowk,r1,r1_18.csv,LOW,0.0,15
1900-01-01 10:45:00,RIGHT,10.0,12.0,2.0,10.0,34.0,RTOChowk,r1,r1_18.csv,MEDIUM,51.0,30
1900-01-01 10:45:00,UP,0.0,0.0,0.0,0.0,0.0,RTOChowk,r1,r1_18.csv,LOW,0.0,15
1900-01-01 10:50:00,DOWN,20.0,10.0,8.0,7.0,45.0,RTOChowk,r1,r1_18.csv,MEDIUM,66.0,34
1900-01-01 10:50:00,LEFT,0.0,0.0,0.0,0.0,0.0,RTOChowk,r1,r1_18.csv,LOW,0.0,15
1900-01-01 10:50:00,RIGHT,16.0,5.0,2.0,6.0,29.0,RTOChowk,r1,r1_18.csv,MEDIUM,41.5,27
1900-01-01 10:50:00,UP,0.0,0.0,0.0,0.0,0.0,RTOChowk,r1,r1_18.csv,LOW,0.0,15
1900-01-01 10:55:00,DOWN,18.0,16.0,9.0,12.0,55.0,RTOChowk,r1,r1_18.csv,MEDIUM,84.5,39
1900-01-01 10:55:00,LEFT,0.0,0.0,0.0,0.0,0.0,RTOChowk,r1,r1_18.csv,LOW,0.0,15
1900-01-01 10:55:00,RIGHT,9.0,15.0,2.0,4.0,30.0,RTOChowk,r1,r1_18.csv,MEDIUM,33.5,25
1900-01-01 10:55:00,UP,0.0,0.0,0.0,0.0,0.0,RTOChowk,r1,r1_18.csv,LOW,0.0,15
1900-01-01 11:00:00,DOWN,23.0,14.0,3.0,20.0,60.0,RTOChowk,r1,r1_18.csv,MEDIUM,97.5,43
1900-01-01 11:00:00,LEFT,0.0,0.0,0.0,0.0,0.0,RTOChowk,r1,r1_18.csv,LOW,0.0,15
1900-01-01 11:00:00,RIGHT,8.0,15.0,1.0,12.0,36.0,RTOChowk,r1,r1_18.csv,MEDIUM,54.0,31
1900-01-01 11:00:00,UP,0.0,0.0,0.0,0.0,0.0,RTOChowk,r1,r1_18.csv,LOW,0.0,15
1900-01-01 11:05:00,DOWN,15.0,12.0,4.0,11.0,42.0,RTOChowk,r1,r1_18.csv,MEDIUM,64.0,34
1900-01-01 11:05:00,LEFT,0.0,0.0,0.0,0.0,0.0,RTOChowk,r1,r1_18.csv,LOW,0.0,15
1900-01-01 11:05:00,RIGHT,9.0,15.0,2.0,9.0,35.0,RTOChowk,r1,r1_18.csv,MEDIUM,48.5,29
1900-01-01 11:05:00,UP,0.0,0.0,0.0,0.0,0.0,RTOChowk,r1,r1_18.csv,LOW,0.0,15
1900-01-01 11:10:00,DOWN,21.0,11.0,7.0,9.0,48.0,RTOChowk,r1,r1_18.csv,MEDIUM,71.0,36
1900-01-01 11:10:00,LEFT,0.0,0.0,0.0,0.0,0.0,RTOChowk,r1,r1_18.csv,LOW,0.0,15
1900-01-01 11:10:00,RIGHT,10.0,5.0,1.0,9.0,25.0,RTOChowk,r1,r1_18.csv,MEDIUM,42.0,27
1900-01-01 11:10:00,UP,0.0,0.0,0.0,0.0,0.0,RTOChowk,r1,r1_18.csv,LOW,0.0,15
1900-01-01 11:15:00,DOWN,25.0,9.0,5.0,8.0,47.0,RTOChowk,r1,r1_18.csv,MEDIUM,66.0,34
1900-01-01 11:15:00,LEFT,0.0,0.0,0.0,0.0,0.0,RTOChowk,r1,r1_18.csv,LOW,0.0,15
1900-01-01 11:15:00,RIGHT,9.0,19.0,0.0,8.0,36.0,RTOChowk,r1,r1_18.csv,MEDIUM,42.5,27
1900-01-01 11:15:00,UP,0.0,0.0,0.0,0.0,0.0,RTOChowk,r1,r1_18.csv,LOW,0.0,15
1900-01-01 11:20:00,DOWN,24.0,12.0,7.0,9.0,52.0,RTOChowk,r1,r1_18.csv,MEDIUM,74.5,37
1900-01-01 11:20:00,LEFT,0.0,0.0,0.0,0.0,0.0,RTOChowk,r1,r1_18.csv,LOW,0.0,15
1900-01-01 11:20:00,RIGHT,11.0,13.0,1.0,11.0,36.0,RTOChowk,r1,r1_18.csv,MEDIUM,53.0,30
1900-01-01 11:20:00,UP,0.0,0.0,0.0,0.0,0.0,RTOChowk,r1,r1_18.csv,LOW,0.0,15
1900-01-01 11:25:00,DOWN,18.0,6.0,3.0,7.0,34.0,RTOChowk,r1,r1_18.csv,MEDIUM,49.5,29
1900-01-01 11:25:00,LEFT,0.0,0.0,0.0,0.0,0.0,RTOChowk,r1,r1_18.csv,LOW,0.0,15
1900-01-01 11:25:00,RIGHT,3.0,8.0,3.0,2.0,16.0,RTOChowk,r1,r1_18.csv,MEDIUM,20.5,21
1900-01-01 11:25:00,UP,1.0,1.0,0.0,0.0,2.0,RTOChowk,r1,r1_18.csv,LOW,1.5,15
1900-01-01 11:20:00,DOWN,5.0,5.0,0.0,4.0,14.0,RTOChowk,r1,r1_15_one.csv,MEDIUM,19.5,21
1900-01-01 11:20:00,LEFT,0.0,0.0,0.0,0.0,0.0,RTOChowk,r1,r1_15_one.csv,LOW,0.0,15
1900-01-01 11:20:00,RIGHT,2.0,4.0,0.0,0.0,6.0,RTOChowk,r1,r1_15_one.csv,MEDIUM,4.0,16
1900-01-01 11:20:00,UP,0.0,0.0,0.0,0.0,0.0,RTOChowk,r1,r1_15_one.csv,LOW,0.0,15
1900-01-01 11:25:00,DOWN,52.0,39.0,11.0,9.0,111.0,RTOChowk,r1,r1_15_one.csv,HIGH,126.0,51
1900-01-01 11:25:00,LEFT,0.0,0.0,0.0,0.0,0.0,RTOChowk,r1,r1_15_one.csv,LOW,0.0,15
1900-01-01 11:25:00,RIGHT,21.0,23.0,2.0,14.0,60.0,RTOChowk,r1,r1_15_one.csv,MEDIUM,79.5,38
1900-01-01 11:25:00,UP,3.0,0.0,0.0,0.0,3.0,RTOChowk,r1,r1_15_one.csv,LOW,3.0,16
1900-01-01 11:30:00,DOWN,40.0,29.0,6.0,16.0,91.0,RTOChowk,r1,r1_15_one.csv,HIGH,117.5,49
1900-01-01 11:30:00,LEFT,1.0,2.0,0.0,0.0,3.0,RTOChowk,r1,r1_15_one.csv,LOW,2.0,16
1900-01-01 11:30:00,RIGHT,16.0,13.0,1.0,10.0,40.0,RTOChowk,r1,r1_15_one.csv,MEDIUM,55.0,31
1900-01-01 11:30:00,UP,0.0,0.0,0.0,0.0,0.0,RTOChowk,r1,r1_15_one.csv,LOW,0.0,15
1900-01-01 11:35:00,DOWN,37.0,34.0,11.0,15.0,97.0,RTOChowk,r1,r1_15_one.csv,HIGH,126.5,52
1900-01-01 11:35:00,LEFT,2.0,0.0,0.0,0.0,2.0,RTOChowk,r1,r1_15_one.csv,LOW,2.0,16
1900-01-01 11:35:00,RIGHT,22.0,17.0,1.0,8.0,48.0,RTOChowk,r1,r1_15_one.csv,MEDIUM,57.0,31
1900-01-01 11:35:00,UP,3.0,0.0,0.0,0.0,3.0,RTOChowk,r1,r1_15_one.csv,LOW,3.0,16
1900-01-01 11:40:00,DOWN,37.0,32.0,6.0,16.0,91.0,RTOChowk,r1,r1_15_one.csv,HIGH,116.0,49
1900-01-01 11:40:00,LEFT,0.0,0.0,0.0,0.0,0.0,RTOChowk,r1,r1_15_one.csv,LOW,0.0,15
1900-01-01 11:40:00,RIGHT,18.0,16.0,1.0,9.0,44.0,RTOChowk,r1,r1_15_one.csv,MEDIUM,55.5,31
1900-01-01 11:40:00,UP,0.0,0.0,0.0,0.0,0.0,RTOChowk,r1,r1_15_one.csv,LOW,0.0,15
1900-01-01 11:45:00,DOWN,41.0,24.0,8.0,14.0,87.0,RTOChowk,r1,r1_15_one.csv,HIGH,115.0,48
1900-01-01 11:45:00,LEFT,0.0,0.0,0.0,0.0,0.0,RTOChowk,r1,r1_15_one.csv,LOW,0.0,15
1900-01-01 11:45:00,RIGHT,18.0,10.0,1.0,3.0,32.0,RTOChowk,r1,r1_15_one.csv,MEDIUM,34.5,25
1900-01-01 11:45:00,UP,0.0,1.0,0.0,0.0,1.0,RTOChowk,r1,r1_15_one.csv,LOW,0.5,15
1900-01-01 11:50:00,DOWN,32.0,19.0,7.0,12.0,70.0,RTOChowk,r1,r1_15_one.csv,MEDIUM,95.0,42
1900-01-01 11:50:00,LEFT,0.0,0.0,0.0,0.0,0.0,RTOChowk,r1,r1_15_one.csv,LOW,0.0,15
1900-01-01 11:50:00,RIGHT,12.0,5.0,0.0,2.0,19.0,RTOChowk,r1,r1_15_one.csv,MEDIUM,20.5,21
1900-01-01 11:50:00,UP,2.0,0.0,0.0,1.0,3.0,RTOChowk,r1,r1_15_one.csv,LOW,5.0,16
1900-01-01 11:55:00,DOWN,30.0,12.0,3.0,7.0,52.0,RTOChowk,r1,r1_15_one.csv,MEDIUM,64.5,34
1900-01-01 11:55:00,LEFT,0.0,0.0,0.0,0.0,0.0,RTOChowk,r1,r1_15_one.csv,LOW,0.0,15
1900-01-01 11:55:00,RIGHT,15.0,4.0,0.0,1.0,20.0,RTOChowk,r1,r1_15_one.csv,MEDIUM,20.0,21
1900-01-01 11:55:00,UP,2.0,0.0,0.0,0.0,2.0,RTOChowk,r1,r1_15_one.csv,LOW,2.0,16
1900-01-01 11:20:00,DOWN,9.0,3.0,0.0,1.0,13.0,RTOChowk,r1,r1_14_one.csv,MEDIUM,13.5,19
1900-01-01 11:20:00,LEFT,1.0,0.0,0.0,0.0,1.0,RTOChowk,r1,r1_14_one.csv,LOW,1.0,15
1900-01-01 11:20:00,RIGHT,2.0,3.0,0.0,0.0,5.0,RTOChowk,r1,r1_14_one.csv,MEDIUM,3.5,16
1900-01-01 11:20:00,UP,0.0,0.0,0.0,0.0,0.0,RTOChowk,r1,r1_14_one.csv,LOW,0.0,15
1900-01-01 11:25:00,DOWN,40.0,22.0,3.0,8.0,73.0,RTOChowk,r1,r1_14_one.csv,MEDIUM,82.5,39
1900-01-01 11:25:00,LEFT,0.0,0.0,0.0,0.0,0.0,RTOChowk,r1,r1_14_one.csv,LOW,0.0,15
1900-01-01 11:25:00,RIGHT,19.0,13.0,2.0,5.0,39.0,RTOChowk,r1,r1_14_one.csv,MEDIUM,45.5,28
1900-01-01 11:25:00,UP,1.0,0.0,0.0,0.0,1.0,RTOChowk,r1,r1_14_one.csv,LOW,1.0,15
1900-01-01 11:30:00,DOWN,53.0,13.0,2.0,12.0,80.0,RTOChowk,r1,r1_14_one.csv,HIGH,100.5,44
1900-01-01 11:30:00,LEFT,1.0,0.0,0.0,0.0,1.0,RTOChowk,r1,r1_14_one.csv,LOW,1.0,15
1900-01-01 11:30:00,RIGHT,16.0,14.0,3.0,4.0,37.0,RTOChowk,r1,r1_14_one.csv,MEDIUM,42.5,27
1900-01-01 11:30:00,UP,0.0,0.0,0.0,0.0,0.0,RTOChowk,r1,r1_14_one.csv,LOW,0.0,15
1900-01-01 11:35:00,DOWN,41.0,12.0,3.0,5.0,61.0,RTOChowk,r1,r1_14_one.csv,MEDIUM,69.5,35
1900-01-01 11:35:00,LEFT,2.0,0.0,0.0,0.0,2.0,RTOChowk,r1,r1_14_one.csv,LOW,2.0,16
1900-01-01 11:35:00,RIGHT,20.0,17.0,0.0,4.0,41.0,RTOChowk,r1,r1_14_one.csv,MEDIUM,40.5,27
1900-01-01 11:35:00,UP,0.0,0.0,0.0,0.0,0.0,RTOChowk,r1,r1_14_one.csv,LOW,0.0,15
1900-01-01 11:40:00,DOWN,47.0,17.0,7.0,13.0,84.0,RTOChowk,r1,r1_14_one.csv,HIGH,112.0,47
1900-01-01 11:40:00,LEFT,0.0,0.0,0.0,0.0,0.0,RTOChowk,r1,r1_14_one.csv,LOW,0.0,15
1900-01-01 11:40:00,RIGHT,32.0,14.0,2.0,10.0,58.0,RTOChowk,r1,r1_14_one.csv,MEDIUM,74.0,36
1900-01-01 11:40:00,UP,0.0,1.0,0.0,0.0,1.0,RTOChowk,r1,r1_14_one.csv,LOW,0.5,15
1900-01-01 11:45:00,DOWN,56.0,45.0,6.0,11.0,118.0,RTOChowk,r1,r1_14_one.csv,HIGH,126.5,52
1900-01-01 11:45:00,LEFT,1.0,0.0,0.0,0.0,1.0,RTOChowk,r1,r1_14_one.csv,LOW,1.0,15
1900-01-01 11:45:00,RIGHT,21.0,35.0,6.0,9.0,71.0,RTOChowk,r1,r1_14_one.csv,MEDIUM,80.5,38
1900-01-01 11:45:00,UP,0.0,0.0,0.0,1.0,1.0,RTOChowk,r1,r1_14_one.csv,LOW,3.0,16
1900-01-01 11:50:00,DOWN,41.0,12.0,3.0,11.0,67.0,RTOChowk,r1,r1_14_one.csv,MEDIUM,87.5,40
1900-01-01 11:50:00,LEFT,0.0,0.0,0.0,0.0,0.0,RTOChowk,r1,r1_14_one.csv,LOW,0.0,15
1900-01-01 11:50:00,RIGHT,22.0,17.0,1.0,11.0,51.0,RTOChowk,r1,r1_14_one.csv,MEDIUM,66.0,34
1900-01-01 11:50:00,UP,0.0,0.0,0.0,0.0,0.0,RTOChowk,r1,r1_14_one.csv,LOW,0.0,15
1900-01-01 11:55:00,DOWN,36.0,16.0,3.0,13.0,68.0,RTOChowk,r1,r1_14_one.csv,MEDIUM,90.5,41
1900-01-01 11:55:00,LEFT,2.0,0.0,0.0,0.0,2.0,RTOChowk,r1,r1_14_one.csv,LOW,2.0,16
1900-01-01 11:55:00,RIGHT,14.0,16.0,2.0,14.0,46.0,RTOChowk,r1,r1_14_one.csv,MEDIUM,69.0,35
1900-01-01 11:55:00,UP,0.0,0.0,0.0,0.0,0.0,RTOChowk,r1,r1_14_one.csv,LOW,0.0,15
1900-01-01 11:20:00,DOWN,0.0,3.0,0.0,1.0,4.0,RTOChowk,r1,r1_16_one.csv,LOW,4.5,16
1900-01-01 11:20:00,LEFT,0.0,0.0,0.0,0.0,0.0,RTOChowk,r1,r1_16_one.csv,LOW,0.0,15
1900-01-01 11:20:00,RIGHT,0.0,0.0,0.0,0.0,0.0,RTOChowk,r1,r1_16_one.csv,LOW,0.0,15
1900-01-01 11:20:00,UP,0.0,0.0,0.0,0.0,0.0,RTOChowk,r1,r1_16_one.csv,LOW,0.0,15
1900-01-01 11:25:00,DOWN,25.0,20.0,9.0,10.0,64.0,RTOChowk,r1,r1_16_one.csv,MEDIUM,87.5,40
1900-01-01 11:25:00,LEFT,0.0,0.0,0.0,0.0,0.0,RTOChowk,r1,r1_16_one.csv,LOW,0.0,15
1900-01-01 11:25:00,RIGHT,14.0,14.0,4.0,0.0,32.0,RTOChowk,r1,r1_16_one.csv,MEDIUM,31.0,24
1900-01-01 11:25:00,UP,3.0,0.0,0.0,0.0,3.0,RTOChowk,r1,r1_16_one.csv,LOW,3.0,16
1900-01-01 11:30:00,DOWN,23.0,19.0,8.0,10.0,60.0,RTOChowk,r1,r1_16_one.csv,MEDIUM,82.5,39
1900-01-01 11:30:00,LEFT,0.0,0.0,0.0,0.0,0.0,RTOChowk,r1,r1_16_one.csv,LOW,0.0,15
1900-01-01 11:30:00,RIGHT,4.0,9.0,1.0,5.0,19.0,RTOChowk,r1,r1_16_one.csv,MEDIUM,26.0,23
1900-01-01 11:30:00,UP,0.0,0.0,0.0,0.0,0.0,RTOChowk,r1,r1_16_one.csv,LOW,0.0,15
1900-01-01 11:35:00,DOWN,29.0,12.0,6.0,16.0,63.0,RTOChowk,r1,r1_16_one.csv,MEDIUM,98.0,43
1900-01-01 11:35:00,LEFT,0.0,0.0,0.0,0.0,0.0,RTOChowk,r1,r1_16_one.csv,LOW,0.0,15
1900-01-01 11:35:00,RIGHT,6.0,7.0,2.0,4.0,19.0,RTOChowk,r1,r1_16_one.csv,MEDIUM,26.5,23
1900-01-01 11:35:00,UP,0.0,0.0,0.0,0.0,0.0,RTOChowk,r1,r1_16_one.csv,LOW,0.0,15
1900-01-01 11:40:00,DOWN,32.0,20.0,0.0,9.0,61.0,RTOChowk,r1,r1_16_one.csv,MEDIUM,69.0,35
1900-01-01 11:40:00,LEFT,1.0,0.0,0.0,0.0,1.0,RTOChowk,r1,r1_16_one.csv,LOW,1.0,15
1900-01-01 11:40:00,RIGHT,16.0,9.0,1.0,1.0,27.0,RTOChowk,r1,r1_16_one.csv,MEDIUM,26.0,23
1900-01-01 11:40:00,UP,0.0,0.0,0.0,0.0,0.0,RTOChowk,r1,r1_16_one.csv,LOW,0.0,15
1900-01-01 11:45:00,DOWN,32.0,21.0,2.0,13.0,68.0,RTOChowk,r1,r1_16_one.csv,MEDIUM,86.5,40
1900-01-01 11:45:00,LEFT,0.0,0.0,0.0,0.0,0.0,RTOChowk,r1,r1_16_one.csv,LOW,0.0,15
1900-01-01 11:45:00,RIGHT,15.0,6.0,1.0,2.0,24.0,RTOChowk,r1,r1_16_one.csv,MEDIUM,26.5,23
1900-01-01 11:45:00,UP,0.0,0.0,0.0,2.0,2.0,RTOChowk,r1,r1_16_one.csv,LOW,6.0,17
1900-01-01 11:50:00,DOWN,34.0,22.0,4.0,11.0,71.0,RTOChowk,r1,r1_16_one.csv,MEDIUM,88.0,40
1900-01-01 11:50:00,LEFT,0.0,0.0,0.0,0.0,0.0,RTOChowk,r1,r1_16_one.csv,LOW,0.0,15
1900-01-01 11:50:00,RIGHT,12.0,9.0,1.0,6.0,28.0,RTOChowk,r1,r1_16_one.csv,MEDIUM,37.0,26
1900-01-01 11:50:00,UP,1.0,0.0,0.0,0.0,1.0,RTOChowk,r1,r1_16_one.csv,LOW,1.0,15
1900-01-01 11:55:00,DOWN,15.0,7.0,4.0,6.0,32.0,RTOChowk,r1,r1_16_one.csv,MEDIUM,46.5,28
1900-01-01 11:55:00,LEFT,0.0,0.0,0.0,0.0,0.0,RTOChowk,r1,r1_16_one.csv,LOW,0.0,15
1900-01-01 11:55:00,RIGHT,6.0,2.0,0.0,6.0,14.0,RTOChowk,r1,r1_16_one.csv,MEDIUM,25.0,22
1900-01-01 11:55:00,UP,1.0,0.0,0.0,0.0,1.0,RTOChowk,r1,r1_16_one.csv,LOW,1.0,15
1900-01-01 11:25:00,DOWN,10.0,3.0,4.0,7.0,24.0,RTOChowk,r1,r1_17_one.csv,MEDIUM,42.5,27
1900-01-01 11:25:00,LEFT,0.0,0.0,0.0,0.0,0.0,RTOChowk,r1,r1_17_one.csv,LOW,0.0,15
1900-01-01 11:25:00,RIGHT,11.0,3.0,1.0,6.0,21.0,RTOChowk,r1,r1_17_one.csv,MEDIUM,33.0,25
1900-01-01 11:25:00,UP,0.0,0.0,0.0,0.0,0.0,RTOChowk,r1,r1_17_one.csv,LOW,0.0,15
1900-01-01 11:30:00,DOWN,32.0,14.0,6.0,17.0,69.0,RTOChowk,r1,r1_17_one.csv,MEDIUM,105.0,45
1900-01-01 11:30:00,LEFT,0.0,0.0,0.0,0.0,0.0,RTOChowk,r1,r1_17_one.csv,LOW,0.0,15
1900-01-01 11:30:00,RIGHT,20.0,12.0,5.0,7.0,44.0,RTOChowk,r1,r1_17_one.csv,MEDIUM,59.5,32
1900-01-01 11:30:00,UP,0.0,0.0,0.0,0.0,0.0,RTOChowk,r1,r1_17_one.csv,LOW,0.0,15
1900-01-01 11:35:00,DOWN,22.0,16.0,3.0,13.0,54.0,RTOChowk,r1,r1_17_one.csv,MEDIUM,76.5,37
1900-01-01 11:35:00,LEFT,0.0,0.0,0.0,0.0,0.0,RTOChowk,r1,r1_17_one.csv,LOW,0.0,15
1900-01-01 11:35:00,RIGHT,13.0,17.0,1.0,6.0,37.0,RTOChowk,r1,r1_17_one.csv,MEDIUM,42.0,27
1900-01-01 11:35:00,UP,0.0,0.0,0.0,9.0,9.0,RTOChowk,r1,r1_17_one.csv,MEDIUM,27.0,23
1900-01-01 11:40:00,DOWN,34.0,29.0,5.0,19.0,87.0,RTOChowk,r1,r1_17_one.csv,HIGH,118.0,49
1900-01-01 11:40:00,LEFT,0.0,0.0,0.0,0.0,0.0,RTOChowk,r1,r1_17_one.csv,LOW,0.0,15
1900-01-01 11:40:00,RIGHT,11.0,10.0,1.0,11.0,33.0,RTOChowk,r1,r1_17_one.csv,MEDIUM,51.5,30
1900-01-01 11:40:00,UP,0.0,0.0,0.0,0.0,0.0,RTOChowk,r1,r1_17_one.csv,LOW,0.0,15
1900-01-01 11:45:00,DOWN,27.0,37.0,7.0,18.0,89.0,RTOChowk,r1,r1_17_one.csv,HIGH,117.0,49
1900-01-01 11:45:00,LEFT,0.0,0.0,0.0,0.0,0.0,RTOChowk,r1,r1_17_one.csv,LOW,0.0,15
1900-01-01 11:45:00,RIGHT,18.0,15.0,1.0,10.0,44.0,RTOChowk,r1,r1_17_one.csv,MEDIUM,58.0,32
1900-01-01 11:45:00,UP,1.0,0.0,0.0,0.0,1.0,RTOChowk,r1,r1_17_one.csv,LOW,1.0,15
1900-01-01 11:50:00,DOWN,29.0,36.0,4.0,10.0,79.0,RTOChowk,r1,r1_17_one.csv,HIGH,87.0,40
1900-01-01 11:50:00,LEFT,0.0,0.0,0.0,0.0,0.0,RTOChowk,r1,r1_17_one.csv,LOW,0.0,15
1900-01-01 11:50:00,RIGHT,7.0,21.0,1.0,4.0,33.0,RTOChowk,r1,r1_17_one.csv,MEDIUM,32.0,24
1900-01-01 11:50:00,UP,0.0,0.0,0.0,0.0,0.0,RTOChowk,r1,r1_17_one.csv,LOW,0.0,15
1900-01-01 11:55:00,DOWN,28.0,23.0,1.0,13.0,65.0,RTOChowk,r1,r1_17_one.csv,MEDIUM,81.0,38
1900-01-01 11:55:00,LEFT,0.0,0.0,0.0,0.0,0.0,RTOChowk,r1,r1_17_one.csv,LOW,0.0,15
1900-01-01 11:55:00,RIGHT,23.0,13.0,3.0,14.0,53.0,RTOChowk,r1,r1_17_one.csv,MEDIUM,79.0,38
1900-01-01 11:55:00,UP,1.0,0.0,0.0,0.0,1.0,RTOChowk,r1,r1_17_one.csv,LOW,1.0,15
1900-01-01 12:00:00,DOWN,10.0,6.0,2.0,6.0,24.0,RTOChowk,r1,r1_17_one.csv,MEDIUM,36.0,25
1900-01-01 12:00:00,LEFT,0.0,0.0,0.0,0.0,0.0,RTOChowk,r1,r1_17_one.csv,LOW,0.0,15
1900-01-01 12:00:00,RIGHT,2.0,5.0,0.0,0.0,7.0,RTOChowk,r1,r1_17_one.csv,MEDIUM,4.5,16
1900-01-01 12:00:00,UP,0.0,0.0,0.0,1.0,1.0,RTOChowk,r1,r1_17_one.csv,LOW,3.0,16
1900-01-01 11:25:00,DOWN,13.0,8.0,2.0,1.0,24.0,RTOChowk,r1,r1_12_one.csv,MEDIUM,25.0,22
1900-01-01 11:25:00,LEFT,1.0,1.0,0.0,0.0,2.0,RTOChowk,r1,r1_12_one.csv,LOW,1.5,15
1900-01-01 11:25:00,RIGHT,6.0,8.0,2.0,3.0,19.0,RTOChowk,r1,r1_12_one.csv,MEDIUM,24.0,22
1900-01-01 11:25:00,UP,2.0,1.0,0.0,1.0,4.0,RTOChowk,r1,r1_12_one.csv,LOW,5.5,17
1900-01-01 11:30:00,DOWN,13.0,11.0,5.0,4.0,33.0,RTOChowk,r1,r1_12_one.csv,MEDIUM,43.0,27
1900-01-01 11:30:00,LEFT,1.0,0.0,0.0,0.0,1.0,RTOChowk,r1,r1_12_one.csv,LOW,1.0,15
1900-01-01 11:30:00,RIGHT,20.0,22.0,3.0,4.0,49.0,RTOChowk,r1,r1_12_one.csv,MEDIUM,50.5,30
1900-01-01 11:30:00,UP,3.0,0.0,3.0,0.0,6.0,RTOChowk,r1,r1_12_one.csv,MEDIUM,10.5,18
1900-01-01 11:35:00,DOWN,12.0,6.0,1.0,0.0,19.0,RTOChowk,r1,r1_12_one.csv,MEDIUM,17.5,20
1900-01-01 11:35:00,LEFT,0.0,0.0,0.0,0.0,0.0,RTOChowk,r1,r1_12_one.csv,LOW,0.0,15
1900-01-01 11:35:00,RIGHT,13.0,11.0,4.0,2.0,30.0,RTOChowk,r1,r1_12_one.csv,MEDIUM,34.5,25
1900-01-01 11:35:00,UP,1.0,0.0,0.0,0.0,1.0,RTOChowk,r1,r1_12_one.csv,LOW,1.0,15
1900-01-01 11:40:00,DOWN,6.0,3.0,2.0,1.0,12.0,RTOChowk,r1,r1_12_one.csv,MEDIUM,15.5,19
1900-01-01 11:40:00,LEFT,1.0,1.0,0.0,0.0,2.0,RTOChowk,r1,r1_12_one.csv,LOW,1.5,15
1900-01-01 11:40:00,RIGHT,16.0,16.0,2.0,6.0,40.0,RTOChowk,r1,r1_12_one.csv,MEDIUM,47.0,29
1900-01-01 11:40:00,UP,6.0,0.0,0.0,0.0,6.0,RTOChowk,r1,r1_12_one.csv,MEDIUM,6.0,17
1900-01-01 11:45:00,DOWN,11.0,3.0,5.0,0.0,19.0,RTOChowk,r1,r1_12_one.csv,MEDIUM,25.0,22
1900-01-01 11:45:00,LEFT,2.0,2.0,0.0,0.0,4.0,RTOChowk,r1,r1_12_one.csv,LOW,3.0,16
1900-01-01 11:45:00,RIGHT,31.0,29.0,0.0,6.0,66.0,RTOChowk,r1,r1_12_one.csv,MEDIUM,63.5,33
1900-01-01 11:45:00,UP,3.0,0.0,0.0,1.0,4.0,RTOChowk,r1,r1_12_one.csv,LOW,6.0,17
1900-01-01 11:50:00,DOWN,13.0,0.0,2.0,0.0,15.0,RTOChowk,r1,r1_12_one.csv,MEDIUM,18.0,20
1900-01-01 11:50:00,LEFT,1.0,0.0,0.0,0.0,1.0,RTOChowk,r1,r1_12_one.csv,LOW,1.0,15
1900-01-01 11:50:00,RIGHT,9.0,2.0,0.0,0.0,11.0,RTOChowk,r1,r1_12_one.csv,MEDIUM,10.0,18
1900-01-01 11:50:00,UP,0.0,0.0,0.0,0.0,0.0,RTOChowk,r1,r1_12_one.csv,LOW,0.0,15
1900-01-01 11:55:00,DOWN,20.0,9.0,3.0,0.0,32.0,RTOChowk,r1,r1_12_one.csv,MEDIUM,32.0,24
1900-01-01 11:55:00,LEFT,1.0,3.0,0.0,0.0,4.0,RTOChowk,r1,r1_12_one.csv,LOW,2.5,16
1900-01-01 11:55:00,RIGHT,18.0,20.0,3.0,7.0,48.0,RTOChowk,r1,r1_12_one.csv,MEDIUM,56.5,31
1900-01-01 11:55:00,UP,0.0,0.0,0.0,0.0,0.0,RTOChowk,r1,r1_12_one.csv,LOW,0.0,15
1900-01-01 11:20:00,DOWN,7.0,11.0,2.0,0.0,20.0,RTOChowk,r1,r1_13_one.csv,MEDIUM,17.5,20
1900-01-01 11:20:00,LEFT,2.0,0.0,0.0,0.0,2.0,RTOChowk,r1,r1_13_one.csv,LOW,2.0,16
1900-01-01 11:20:00,RIGHT,0.0,3.0,0.0,0.0,3.0,RTOChowk,r1,r1_13_one.csv,LOW,1.5,15
1900-01-01 11:20:00,UP,0.0,0.0,0.0,0.0,0.0,RTOChowk,r1,r1_13_one.csv,LOW,0.0,15
1900-01-01 11:25:00,DOWN,39.0,27.0,1.0,4.0,71.0,RTOChowk,r1,r1_13_one.csv,MEDIUM,67.0,34
1900-01-01 11:25:00,LEFT,3.0,1.0,0.0,0.0,4.0,RTOChowk,r1,r1_13_one.csv,LOW,3.5,16
1900-01-01 11:25:00,RIGHT,20.0,29.0,0.0,8.0,57.0,RTOChowk,r1,r1_13_one.csv,MEDIUM,58.5,32
1900-01-01 11:25:00,UP,0.0,0.0,3.0,0.0,3.0,RTOChowk,r1,r1_13_one.csv,LOW,7.5,17
1900-01-01 11:30:00,DOWN,42.0,30.0,4.0,2.0,78.0,RTOChowk,r1,r1_13_one.csv,HIGH,73.0,36
1900-01-01 11:30:00,LEFT,1.0,1.0,0.0,0.0,2.0,RTOChowk,r1,r1_13_one.csv,LOW,1.5,15
1900-01-01 11:30:00,RIGHT,21.0,17.0,7.0,11.0,56.0,RTOChowk,r1,r1_13_one.csv,MEDIUM,80.0,38
1900-01-01 11:30:00,UP,0.0,0.0,0.0,0.0,0.0,RTOChowk,r1,r1_13_one.csv,LOW,0.0,15
1900-01-01 11:35:00,DOWN,31.0,43.0,9.0,5.0,88.0,RTOChowk,r1,r1_13_one.csv,HIGH,90.0,41
1900-01-01 11:35:00,LEFT,0.0,0.0,0.0,0.0,0.0,RTOChowk,r1,r1_13_one.csv,LOW,0.0,15
1900-01-01 11:35:00,RIGHT,11.0,18.0,3.0,4.0,36.0,RTOChowk,r1,r1_13_one.csv,MEDIUM,39.5,26
1900-01-01 11:35:00,UP,0.0,0.0,0.0,0.0,0.0,RTOChowk,r1,r1_13_one.csv,LOW,0.0,15
1900-01-01 11:40:00,DOWN,26.0,48.0,3.0,7.0,84.0,RTOChowk,r1,r1_13_one.csv,HIGH,78.5,38
1900-01-01 11:40:00,LEFT,1.0,0.0,0.0,0.0,1.0,RTOChowk,r1,r1_13_one.csv,LOW,1.0,15
1900-01-01 11:40:00,RIGHT,9.0,26.0,3.0,8.0,46.0,RTOChowk,r1,r1_13_one.csv,MEDIUM,53.5,30
1900-01-01 11:40:00,UP,0.0,1.0,0.0,0.0,1.0,RTOChowk,r1,r1_13_one.csv,LOW,0.5,15
1900-01-01 11:45:00,DOWN,30.0,38.0,2.0,4.0,74.0,RTOChowk,r1,r1_13_one.csv,MEDIUM,66.0,34
1900-01-01 11:45:00,LEFT,2.0,0.0,0.0,0.0,2.0,RTOChowk,r1,r1_13_one.csv,LOW,2.0,16
1900-01-01 11:45:00,RIGHT,23.0,28.0,5.0,6.0,62.0,RTOChowk,r1,r1_13_one.csv,MEDIUM,67.5,35
1900-01-01 11:45:00,UP,0.0,0.0,0.0,0.0,0.0,RTOChowk,r1,r1_13_one.csv,LOW,0.0,15
1900-01-01 11:50:00,DOWN,40.0,47.0,3.0,4.0,94.0,RTOChowk,r1,r1_13_one.csv,HIGH,83.0,39
1900-01-01 11:50:00,LEFT,1.0,0.0,0.0,0.0,1.0,RTOChowk,r1,r1_13_one.csv,LOW,1.0,15
1900-01-01 11:50:00,RIGHT,16.0,30.0,2.0,5.0,53.0,RTOChowk,r1,r1_13_one.csv,MEDIUM,51.0,30
1900-01-01 11:50:00,UP,0.0,0.0,0.0,0.0,0.0,RTOChowk,r1,r1_13_one.csv,LOW,0.0,15
1900-01-01 11:55:00,DOWN,20.0,26.0,0.0,3.0,49.0,RTOChowk,r1,r1_13_one.csv,MEDIUM,42.0,27
1900-01-01 11:55:00,LEFT,1.0,2.0,0.0,0.0,3.0,RTOChowk,r1,r1_13_one.csv,LOW,2.0,16
1900-01-01 11:55:00,RIGHT,7.0,12.0,3.0,3.0,25.0,RTOChowk,r1,r1_13_one.csv,MEDIUM,29.5,24
1900-01-01 11:55:00,UP,0.0,0.0,0.0,0.0,0.0,RTOChowk,r1,r1_13_one.csv,LOW,0.0,15
1900-01-01 11:20:00,DOWN,3.0,0.0,1.0,0.0,4.0,RTOChowk,r1,r1_11_one.csv,LOW,5.5,17
1900-01-01 11:20:00,LEFT,0.0,0.0,0.0,0.0,0.0,RTOChowk,r1,r1_11_one.csv,LOW,0.0,15
1900-01-01 11:20:00,RIGHT,0.0,0.0,0.0,0.0,0.0,RTOChowk,r1,r1_11_one.csv,LOW,0.0,15
1900-01-01 11:20:00,UP,0.0,0.0,0.0,0.0,0.0,RTOChowk,r1,r1_11_one.csv,LOW,0.0,15
1900-01-01 11:25:00,DOWN,27.0,12.0,0.0,6.0,45.0,RTOChowk,r1,r1_11_one.csv,MEDIUM,51.0,30
1900-01-01 11:25:00,LEFT,0.0,0.0,0.0,0.0,0.0,RTOChowk,r1,r1_11_one.csv,LOW,0.0,15
1900-01-01 11:25:00,RIGHT,22.0,15.0,0.0,3.0,40.0,RTOChowk,r1,r1_11_one.csv,MEDIUM,38.5,26
1900-01-01 11:25:00,UP,0.0,1.0,0.0,0.0,1.0,RTOChowk,r1,r1_11_one.csv,LOW,0.5,15
1900-01-01 11:30:00,DOWN,29.0,10.0,5.0,15.0,59.0,RTOChowk,r1,r1_11_one.csv,MEDIUM,91.5,41
1900-01-01 11:30:00,LEFT,0.0,0.0,0.0,0.0,0.0,RTOChowk,r1,r1_11_one.csv,LOW,0.0,15
1900-01-01 11:30:00,RIGHT,9.0,15.0,2.0,13.0,39.0,RTOChowk,r1,r1_11_one.csv,MEDIUM,60.5,33
1900-01-01 11:30:00,UP,0.0,0.0,0.0,0.0,0.0,RTOChowk,r1,r1_11_one.csv,LOW,0.0,15
1900-01-01 11:35:00,DOWN,21.0,10.0,3.0,5.0,39.0,RTOChowk,r1,r1_11_one.csv,MEDIUM,48.5,29
1900-01-01 11:35:00,LEFT,0.0,1.0,0.0,0.0,1.0,RTOChowk,r1,r1_11_one.csv,LOW,0.5,15
1900-01-01 11:35:00,RIGHT,12.0,11.0,0.0,10.0,33.0,RTOChowk,r1,r1_11_one.csv,MEDIUM,47.5,29
1900-01-01 11:35:00,UP,0.0,0.0,0.0,0.0,0.0,RTOChowk,r1,r1_11_one.csv,LOW,0.0,15
1900-01-01 11:40:00,DOWN,27.0,5.0,2.0,7.0,41.0,RTOChowk,r1,r1_11_one.csv,MEDIUM,55.5,31
1900-01-01 11:40:00,LEFT,0.0,0.0,0.0,0.0,0.0,RTOChowk,r1,r1_11_one.csv,LOW,0.0,15
1900-01-01 11:40:00,RIGHT,19.0,12.0,0.0,9.0,40.0,RTOChowk,r1,r1_11_one.csv,MEDIUM,52.0,30
1900-01-01 11:40:00,UP,0.0,0.0,0.0,0.0,0.0,RTOChowk,r1,r1_11_one.csv,LOW,0.0,15
1900-01-01 11:45:00,DOWN,29.0,18.0,5.0,8.0,60.0,RTOChowk,r1,r1_11_one.csv,MEDIUM,74.5,37
1900-01-01 11:45:00,LEFT,0.0,0.0,0.0,0.0,0.0,RTOChowk,r1,r1_11_one.csv,LOW,0.0,15
1900-01-01 11:45:00,RIGHT,16.0,14.0,4.0,8.0,42.0,RTOChowk,r1,r1_11_one.csv,MEDIUM,57.0,31
1900-01-01 11:45:00,UP,0.0,1.0,0.0,1.0,2.0,RTOChowk,r1,r1_11_one.csv,LOW,3.5,16
1900-01-01 11:50:00,DOWN,33.0,15.0,3.0,6.0,57.0,RTOChowk,r1,r1_11_one.csv,MEDIUM,66.0,34
1900-01-01 11:50:00,LEFT,1.0,0.0,0.0,0.0,1.0,RTOChowk,r1,r1_11_one.csv,LOW,1.0,15
1900-01-01 11:50:00,RIGHT,19.0,9.0,1.0,7.0,36.0,RTOChowk,r1,r1_11_one.csv,MEDIUM,47.0,29
1900-01-01 11:50:00,UP,0.0,0.0,0.0,0.0,0.0,RTOChowk,r1,r1_11_one.csv,LOW,0.0,15
1900-01-01 11:55:00,DOWN,22.0,5.0,2.0,2.0,31.0,RTOChowk,r1,r1_11_one.csv,MEDIUM,35.5,25
1900-01-01 11:55:00,LEFT,0.0,0.0,0.0,0.0,0.0,RTOChowk,r1,r1_11_one.csv,LOW,0.0,15
1900-01-01 11:55:00,RIGHT,5.0,2.0,1.0,1.0,9.0,RTOChowk,r1,r1_11_one.csv,MEDIUM,11.5,18
1900-01-01 11:55:00,UP,0.0,0.0,0.0,0.0,0.0,RTOChowk,r1,r1_11_one.csv,LOW,0.0,15
1900-01-01 09:00:00,DOWN,16.0,8.0,5.0,7.0,36.0,RTOChowk,r1,r1_11.csv,MEDIUM,53.5,30
1900-01-01 09:00:00,LEFT,1.0,0.0,0.0,0.0,1.0,RTOChowk,r1,r1_11.csv,LOW,1.0,15
1900-01-01 09:00:00,RIGHT,10.0,10.0,2.0,5.0,27.0,RTOChowk,r1,r1_11.csv,MEDIUM,35.0,25
1900-01-01 09:00:00,UP,1.0,0.0,0.0,0.0,1.0,RTOChowk,r1,r1_11.csv,LOW,1.0,15
1900-01-01 09:05:00,DOWN,12.0,7.0,5.0,7.0,31.0,RTOChowk,r1,r1_11.csv,MEDIUM,49.0,29
1900-01-01 09:05:00,LEFT,0.0,0.0,0.0,0.0,0.0,RTOChowk,r1,r1_11.csv,LOW,0.0,15
1900-01-01 09:05:00,RIGHT,10.0,6.0,4.0,6.0,26.0,RTOChowk,r1,r1_11.csv,MEDIUM,41.0,27
1900-01-01 09:05:00,UP,2.0,0.0,0.0,0.0,2.0,RTOChowk,r1,r1_11.csv,LOW,2.0,16
1900-01-01 09:10:00,DOWN,19.0,11.0,4.0,10.0,44.0,RTOChowk,r1,r1_11.csv,MEDIUM,64.5,34
1900-01-01 09:10:00,LEFT,2.0,0.0,0.0,0.0,2.0,RTOChowk,r1,r1_11.csv,LOW,2.0,16
1900-01-01 09:10:00,RIGHT,14.0,17.0,1.0,5.0,37.0,RTOChowk,r1,r1_11.csv,MEDIUM,40.0,27
1900-01-01 09:10:00,UP,0.0,0.0,0.0,0.0,0.0,RTOChowk,r1,r1_11.csv,LOW,0.0,15
1900-01-01 09:15:00,DOWN,17.0,7.0,3.0,8.0,35.0,RTOChowk,r1,r1_11.csv,MEDIUM,52.0,30
1900-01-01 09:15:00,LEFT,0.0,1.0,0.0,0.0,1.0,RTOChowk,r1,r1_11.csv,LOW,0.5,15
1900-01-01 09:15:00,RIGHT,8.0,14.0,1.0,7.0,30.0,RTOChowk,r1,r1_11.csv,MEDIUM,38.5,26
1900-01-01 09:15:00,UP,0.0,0.0,0.0,0.0,0.0,RTOChowk,r1,r1_11.csv,LOW,0.0,15
1900-01-01 09:20:00,DOWN,13.0,6.0,4.0,8.0,31.0,RTOChowk,r1,r1_11.csv,MEDIUM,50.0,29
1900-01-01 09:20:00,LEFT,1.0,0.0,0.0,0.0,1.0,RTOChowk,r1,r1_11.csv,LOW,1.0,15
1900-01-01 09:20:00,RIGHT,10.0,7.0,0.0,7.0,24.0,RTOChowk,r1,r1_11.csv,MEDIUM,34.5,25
1900-01-01 09:20:00,UP,0.0,0.0,0.0,0.0,0.0,RTOChowk,r1,r1_11.csv,LOW,0.0,15
1900-01-01 09:25:00,DOWN,15.0,12.0,5.0,13.0,45.0,RTOChowk,r1,r1_11.csv,MEDIUM,72.5,36
1900-01-01 09:25:00,LEFT,2.0,1.0,0.0,0.0,3.0,RTOChowk,r1,r1_11.csv,LOW,2.5,16
1900-01-01 09:25:00,RIGHT,6.0,17.0,0.0,5.0,28.0,RTOChowk,r1,r1_11.csv,MEDIUM,29.5,24
1900-01-01 09:25:00,UP,0.0,1.0,0.0,0.0,1.0,RTOChowk,r1,r1_11.csv,LOW,0.5,15
1900-01-01 09:30:00,DOWN,22.0,8.0,3.0,5.0,38.0,RTOChowk,r1,r1_11.csv,MEDIUM,48.5,29
1900-01-01 09:30:00,LEFT,1.0,0.0,0.0,0.0,1.0,RTOChowk,r1,r1_11.csv,LOW,1.0,15
1900-01-01 09:30:00,RIGHT,9.0,18.0,6.0,10.0,43.0,RTOChowk,r1,r1_11.csv,MEDIUM,63.0,33
1900-01-01 09:30:00,UP,0.0,0.0,0.0,0.0,0.0,RTOChowk,r1,r1_11.csv,LOW,0.0,15
1900-01-01 09:35:00,DOWN,7.0,11.0,6.0,4.0,28.0,RTOChowk,r1,r1_11.csv,MEDIUM,39.5,26
1900-01-01 09:35:00,LEFT,0.0,0.0,0.0,0.0,0.0,RTOChowk,r1,r1_11.csv,LOW,0.0,15
1900-01-01 09:35:00,RIGHT,7.0,15.0,1.0,9.0,32.0,RTOChowk,r1,r1_11.csv,MEDIUM,44.0,28
1900-01-01 09:35:00,UP,0.0,0.0,0.0,0.0,0.0,RTOChowk,r1,r1_11.csv,LOW,0.0,15
1900-01-01 09:40:00,DOWN,12.0,7.0,2.0,11.0,32.0,RTOChowk,r1,r1_11.csv,MEDIUM,53.5,30
1900-01-01 09:40:00,LEFT,1.0,0.0,0.0,0.0,1.0,RTOChowk,r1,r1_11.csv,LOW,1.0,15
1900-01-01 09:40:00,RIGHT,10.0,10.0,2.0,7.0,29.0,RTOChowk,r1,r1_11.csv,MEDIUM,41.0,27
1900-01-01 09:40:00,UP,0.0,0.0,0.0,0.0,0.0,RTOChowk,r1,r1_11.csv,LOW,0.0,15
1900-01-01 09:45:00,DOWN,10.0,5.0,5.0,8.0,28.0,RTOChowk,r1,r1_11.csv,MEDIUM,49.0,29
1900-01-01 09:45:00,LEFT,1.0,0.0,0.0,0.0,1.0,RTOChowk,r1,r1_11.csv,LOW,1.0,15
1900-01-01 09:45:00,RIGHT,7.0,17.0,3.0,8.0,35.0,RTOChowk,r1,r1_11.csv,MEDIUM,47.0,29
1900-01-01 09:45:00,UP,0.0,0.0,0.0,0.0,0.0,RTOChowk,r1,r1_11.csv,LOW,0.0,15
1900-01-01 09:50:00,DOWN,23.0,10.0,5.0,6.0,44.0,RTOChowk,r1,r1_11.csv,MEDIUM,58.5,32
1900-01-01 09:50:00,LEFT,0.0,0.0,0.0,0.0,0.0,RTOChowk,r1,r1_11.csv,LOW,0.0,15
1900-01-01 09:50:00,RIGHT,8.0,23.0,4.0,7.0,42.0,RTOChowk,r1,r1_11.csv,MEDIUM,50.5,30
1900-01-01 09:50:00,UP,1.0,1.0,0.0,0.0,2.0,RTOChowk,r1,r1_11.csv,LOW,1.5,15
1900-01-01 09:55:00,DOWN,16.0,14.0,2.0,9.0,41.0,RTOChowk,r1,r1_11.csv,MEDIUM,55.0,31
1900-01-01 09:55:00,LEFT,2.0,0.0,0.0,0.0,2.0,RTOChowk,r1,r1_11.csv,LOW,2.0,16
1900-01-01 09:55:00,RIGHT,6.0,25.0,3.0,8.0,42.0,RTOChowk,r1,r1_11.csv,MEDIUM,50.0,29
1900-01-01 09:55:00,UP,0.0,0.0,0.0,0.0,0.0,RTOChowk,r1,r1_11.csv,LOW,0.0,15
1900-01-01 10:00:00,DOWN,17.0,5.0,8.0,12.0,42.0,RTOChowk,r1,r1_11.csv,MEDIUM,75.5,37
1900-01-01 10:00:00,LEFT,0.0,0.0,0.0,0.0,0.0,RTOChowk,r1,r1_11.csv,LOW,0.0,15
1900-01-01 10:00:00,RIGHT,4.0,6.0,2.0,5.0,17.0,RTOChowk,r1,r1_11.csv,MEDIUM,27.0,23
1900-01-01 10:00:00,UP,0.0,0.0,0.0,1.0,1.0,RTOChowk,r1,r1_11.csv,LOW,3.0,16
1900-01-01 10:05:00,DOWN,23.0,12.0,4.0,12.0,51.0,RTOChowk,r1,r1_11.csv,MEDIUM,75.0,37
1900-01-01 10:05:00,LEFT,0.0,0.0,0.0,0.0,0.0,RTOChowk,r1,r1_11.csv,LOW,0.0,15
1900-01-01 10:05:00,RIGHT,14.0,19.0,2.0,5.0,40.0,RTOChowk,r1,r1_11.csv,MEDIUM,43.5,28
1900-01-01 10:05:00,UP,0.0,0.0,1.0,0.0,1.0,RTOChowk,r1,r1_11.csv,LOW,2.5,16
1900-01-01 10:10:00,DOWN,17.0,16.0,4.0,10.0,47.0,RTOChowk,r1,r1_11.csv,MEDIUM,65.0,34
1900-01-01 10:10:00,LEFT,0.0,0.0,0.0,0.0,0.0,RTOChowk,r1,r1_11.csv,LOW,0.0,15
1900-01-01 10:10:00,RIGHT,10.0,19.0,2.0,6.0,37.0,RTOChowk,r1,r1_11.csv,MEDIUM,42.5,27
1900-01-01 10:10:00,UP,0.0,0.0,0.0,0.0,0.0,RTOChowk,r1,r1_11.csv,LOW,0.0,15
1900-01-01 10:15:00,DOWN,21.0,8.0,8.0,3.0,40.0,RTOChowk,r1,r1_11.csv,MEDIUM,54.0,31
1900-01-01 10:15:00,LEFT,0.0,0.0,0.0,0.0,0.0,RTOChowk,r1,r1_11.csv,LOW,0.0,15
1900-01-01 10:15:00,RIGHT,8.0,15.0,1.0,5.0,29.0,RTOChowk,r1,r1_11.csv,MEDIUM,33.0,25
1900-01-01 10:15:00,UP,0.0,0.0,0.0,0.0,0.0,RTOChowk,r1,r1_11.csv,LOW,0.0,15
1900-01-01 10:20:00,DOWN,29.0,8.0,5.0,15.0,57.0,RTOChowk,r1,r1_11.csv,MEDIUM,90.5,41
1900-01-01 10:20:00,LEFT,1.0,0.0,0.0,0.0,1.0,RTOChowk,r1,r1_11.csv,LOW,1.0,15
1900-01-01 10:20:00,RIGHT,14.0,6.0,2.0,4.0,26.0,RTOChowk,r1,r1_11.csv,MEDIUM,34.0,25
1900-01-01 10:20:00,UP,1.0,0.0,0.0,0.0,1.0,RTOChowk,r1,r1_11.csv,LOW,1.0,15
1900-01-01 10:25:00,DOWN,27.0,7.0,3.0,8.0,45.0,RTOChowk,r1,r1_11.csv,MEDIUM,62.0,33
1900-01-01 10:25:00,LEFT,0.0,0.0,0.0,0.0,0.0,RTOChowk,r1,r1_11.csv,LOW,0.0,15
1900-01-01 10:25:00,RIGHT,9.0,20.0,2.0,4.0,35.0,RTOChowk,r1,r1_11.csv,MEDIUM,36.0,25
1900-01-01 10:25:00,UP,0.0,0.0,7.0,0.0,7.0,RTOChowk,r1,r1_11.csv,MEDIUM,17.5,20
1900-01-01 10:30:00,DOWN,21.0,16.0,3.0,8.0,48.0,RTOChowk,r1,r1_11.csv,MEDIUM,60.5,33
1900-01-01 10:30:00,LEFT,0.0,0.0,0.0,0.0,0.0,RTOChowk,r1,r1_11.csv,LOW,0.0,15
1900-01-01 10:30:00,RIGHT,9.0,13.0,2.0,1.0,25.0,RTOChowk,r1,r1_11.csv,MEDIUM,23.5,22
1900-01-01 10:30:00,UP,0.0,0.0,0.0,1.0,1.0,RTOChowk,r1,r1_11.csv,LOW,3.0,16
1900-01-01 10:35:00,DOWN,18.0,9.0,5.0,4.0,36.0,RTOChowk,r1,r1_11.csv,MEDIUM,47.0,29
1900-01-01 10:35:00,LEFT,0.0,0.0,0.0,0.0,0.0,RTOChowk,r1,r1_11.csv,LOW,0.0,15
1900-01-01 10:35:00,RIGHT,16.0,11.0,0.0,6.0,33.0,RTOChowk,r1,r1_11.csv,MEDIUM,39.5,26
1900-01-01 10:35:00,UP,0.0,1.0,0.0,0.0,1.0,RTOChowk,r1,r1_11.csv,LOW,0.5,15
1900-01-01 10:40:00,DOWN,29.0,17.0,4.0,4.0,54.0,RTOChowk,r1,r1_11.csv,MEDIUM,59.5,32
1900-01-01 10:40:00,LEFT,1.0,0.0,0.0,0.0,1.0,RTOChowk,r1,r1_11.csv,LOW,1.0,15
1900-01-01 10:40:00,RIGHT,14.0,11.0,1.0,5.0,31.0,RTOChowk,r1,r1_11.csv,MEDIUM,37.0,26
1900-01-01 10:40:00,UP,0.0,0.0,0.0,0.0,0.0,RTOChowk,r1,r1_11.csv,LOW,0.0,15
1900-01-01 10:45:00,DOWN,18.0,7.0,4.0,10.0,39.0,RTOChowk,r1,r1_11.csv,MEDIUM,61.5,33
1900-01-01 10:45:00,LEFT,0.0,0.0,0.0,0.0,0.0,RTOChowk,r1,r1_11.csv,LOW,0.0,15
1900-01-01 10:45:00,RIGHT,8.0,8.0,2.0,3.0,21.0,RTOChowk,r1,r1_11.csv,MEDIUM,26.0,23
1900-01-01 10:45:00,UP,0.0,0.0,0.0,0.0,0.0,RTOChowk,r1,r1_11.csv,LOW,0.0,15
1900-01-01 10:50:00,DOWN,21.0,13.0,4.0,14.0,52.0,RTOChowk,r1,r1_11.csv,MEDIUM,79.5,38
1900-01-01 10:50:00,LEFT,0.0,0.0,0.0,0.0,0.0,RTOChowk,r1,r1_11.csv,LOW,0.0,15
1900-01-01 10:50:00,RIGHT,15.0,18.0,1.0,7.0,41.0,RTOChowk,r1,r1_11.csv,MEDIUM,47.5,29
1900-01-01 10:50:00,UP,0.0,0.0,0.0,0.0,0.0,RTOChowk,r1,r1_11.csv,LOW,0.0,15
1900-01-01 10:55:00,DOWN,15.0,15.0,9.0,6.0,45.0,RTOChowk,r1,r1_11.csv,MEDIUM,63.0,33
1900-01-01 10:55:00,LEFT,0.0,0.0,0.0,0.0,0.0,RTOChowk,r1,r1_11.csv,LOW,0.0,15
1900-01-01 10:55:00,RIGHT,11.0,14.0,2.0,5.0,32.0,RTOChowk,r1,r1_11.csv,MEDIUM,38.0,26
1900-01-01 10:55:00,UP,0.0,0.0,0.0,0.0,0.0,RTOChowk,r1,r1_11.csv,LOW,0.0,15
1900-01-01 11:00:00,DOWN,28.0,12.0,6.0,8.0,54.0,RTOChowk,r1,r1_11.csv,MEDIUM,73.0,36
1900-01-01 11:00:00,LEFT,0.0,0.0,0.0,0.0,0.0,RTOChowk,r1,r1_11.csv,LOW,0.0,15
1900-01-01 11:00:00,RIGHT,12.0,17.0,1.0,8.0,38.0,RTOChowk,r1,r1_11.csv,MEDIUM,47.0,29
1900-01-01 11:00:00,UP,0.0,0.0,0.0,0.0,0.0,RTOChowk,r1,r1_11.csv,LOW,0.0,15
1900-01-01 11:05:00,DOWN,30.0,18.0,7.0,3.0,58.0,RTOChowk,r1,r1_11.csv,MEDIUM,65.5,34
1900-01-01 11:05:00,LEFT,1.0,0.0,0.0,0.0,1.0,RTOChowk,r1,r1_11.csv,LOW,1.0,15
1900-01-01 11:05:00,RIGHT,12.0,17.0,0.0,6.0,35.0,RTOChowk,r1,r1_11.csv,MEDIUM,38.5,26
1900-01-01 11:05:00,UP,0.0,1.0,1.0,0.0,2.0,RTOChowk,r1,r1_11.csv,LOW,3.0,16
1900-01-01 11:10:00,DOWN,25.0,3.0,5.0,5.0,38.0,RTOChowk,r1,r1_11.csv,MEDIUM,54.0,31
1900-01-01 11:10:00,LEFT,1.0,0.0,0.0,0.0,1.0,RTOChowk,r1,r1_11.csv,LOW,1.0,15
1900-01-01 11:10:00,RIGHT,10.0,13.0,3.0,6.0,32.0,RTOChowk,r1,r1_11.csv,MEDIUM,42.0,27
1900-01-01 11:10:00,UP,1.0,1.0,0.0,2.0,4.0,RTOChowk,r1,r1_11.csv,LOW,7.5,17
1900-01-01 11:15:00,DOWN,34.0,8.0,3.0,8.0,53.0,RTOChowk,r1,r1_11.csv,MEDIUM,69.5,35
1900-01-01 11:15:00,LEFT,0.0,0.0,0.0,0.0,0.0,RTOChowk,r1,r1_11.csv,LOW,0.0,15
1900-01-01 11:15:00,RIGHT,17.0,19.0,4.0,4.0,44.0,RTOChowk,r1,r1_11.csv,MEDIUM,48.5,29
1900-01-01 11:15:00,UP,0.0,0.0,0.0,0.0,0.0,RTOChowk,r1,r1_11.csv,LOW,0.0,15
1900-01-01 11:20:00,DOWN,23.0,9.0,4.0,17.0,53.0,RTOChowk,r1,r1_11.csv,MEDIUM,88.5,41
1900-01-01 11:20:00,LEFT,1.0,0.0,0.0,0.0,1.0,RTOChowk,r1,r1_11.csv,LOW,1.0,15
1900-01-01 11:20:00,RIGHT,9.0,16.0,2.0,4.0,31.0,RTOChowk,r1,r1_11.csv,MEDIUM,34.0,25
1900-01-01 11:20:00,UP,0.0,0.0,0.0,0.0,0.0,RTOChowk,r1,r1_11.csv,LOW,0.0,15
1900-01-01 11:25:00,DOWN,7.0,2.0,1.0,2.0,12.0,RTOChowk,r1,r1_18_one.csv,MEDIUM,16.5,20
1900-01-01 11:25:00,LEFT,0.0,0.0,0.0,0.0,0.0,RTOChowk,r1,r1_18_one.csv,LOW,0.0,15
1900-01-01 11:25:00,RIGHT,5.0,5.0,1.0,1.0,12.0,RTOChowk,r1,r1_18_one.csv,MEDIUM,13.0,19
1900-01-01 11:25:00,UP,0.0,0.0,0.0,0.0,0.0,RTOChowk,r1,r1_18_one.csv,LOW,0.0,15
1900-01-01 11:30:00,DOWN,22.0,15.0,6.0,9.0,52.0,RTOChowk,r1,r1_18_one.csv,MEDIUM,71.5,36
1900-01-01 11:30:00,LEFT,0.0,0.0,0.0,0.0,0.0,RTOChowk,r1,r1_18_one.csv,LOW,0.0,15
1900-01-01 11:30:00,RIGHT,13.0,9.0,2.0,5.0,29.0,RTOChowk,r1,r1_18_one.csv,MEDIUM,37.5,26
1900-01-01 11:30:00,UP,0.0,0.0,0.0,0.0,0.0,RTOChowk,r1,r1_18_one.csv,LOW,0.0,15
1900-01-01 11:35:00,DOWN,31.0,18.0,5.0,6.0,60.0,RTOChowk,r1,r1_18_one.csv,MEDIUM,70.5,35
1900-01-01 11:35:00,LEFT,0.0,1.0,0.0,0.0,1.0,RTOChowk,r1,r1_18_one.csv,LOW,0.5,15
1900-01-01 11:35:00,RIGHT,9.0,16.0,0.0,2.0,27.0,RTOChowk,r1,r1_18_one.csv,MEDIUM,23.0,22
1900-01-01 11:35:00,UP,0.0,1.0,0.0,1.0,2.0,RTOChowk,r1,r1_18_one.csv,LOW,3.5,16
1900-01-01 11:40:00,DOWN,31.0,11.0,3.0,10.0,55.0,RTOChowk,r1,r1_18_one.csv,MEDIUM,74.0,36
1900-01-01 11:40:00,LEFT,1.0,0.0,0.0,0.0,1.0,RTOChowk,r1,r1_18_one.csv,LOW,1.0,15
1900-01-01 11:40:00,RIGHT,7.0,7.0,0.0,5.0,19.0,RTOChowk,r1,r1_18_one.csv,MEDIUM,25.5,22
1900-01-01 11:40:00,UP,0.0,0.0,0.0,0.0,0.0,RTOChowk,r1,r1_18_one.csv,LOW,0.0,15
1900-01-01 11:45:00,DOWN,25.0,9.0,3.0,15.0,52.0,RTOChowk,r1,r1_18_one.csv,MEDIUM,82.0,39
1900-01-01 11:45:00,LEFT,0.0,0.0,0.0,0.0,0.0,RTOChowk,r1,r1_18_one.csv,LOW,0.0,15
1900-01-01 11:45:00,RIGHT,7.0,10.0,1.0,8.0,26.0,RTOChowk,r1,r1_18_one.csv,MEDIUM,38.5,26
1900-01-01 11:45:00,UP,0.0,0.0,0.0,0.0,0.0,RTOChowk,r1,r1_18_one.csv,LOW,0.0,15
1900-01-01 11:50:00,DOWN,20.0,12.0,6.0,18.0,56.0,RTOChowk,r1,r1_18_one.csv,MEDIUM,95.0,42
1900-01-01 11:50:00,LEFT,0.0,0.0,0.0,0.0,0.0,RTOChowk,r1,r1_18_one.csv,LOW,0.0,15
1900-01-01 11:50:00,RIGHT,12.0,10.0,1.0,7.0,30.0,RTOChowk,r1,r1_18_one.csv,MEDIUM,40.5,27
1900-01-01 11:50:00,UP,0.0,0.0,0.0,0.0,0.0,RTOChowk,r1,r1_18_one.csv,LOW,0.0,15
1900-01-01 11:55:00,DOWN,30.0,13.0,4.0,9.0,56.0,RTOChowk,r1,r1_18_one.csv,MEDIUM,73.5,36
1900-01-01 11:55:00,LEFT,0.0,1.0,0.0,0.0,1.0,RTOChowk,r1,r1_18_one.csv,LOW,0.5,15
1900-01-01 11:55:00,RIGHT,12.0,11.0,2.0,3.0,28.0,RTOChowk,r1,r1_18_one.csv,MEDIUM,31.5,24
1900-01-01 11:55:00,UP,0.0,0.0,0.0,0.0,0.0,RTOChowk,r1,r1_18_one.csv,LOW,0.0,15
1900-01-01 12:00:00,DOWN,6.0,3.0,0.0,2.0,11.0,RTOChowk,r1,r1_18_one.csv,MEDIUM,13.5,19
1900-01-01 12:00:00,LEFT,0.0,0.0,0.0,0.0,0.0,RTOChowk,r1,r1_18_one.csv,LOW,0.0,15
1900-01-01 12:00:00,RIGHT,4.0,2.0,2.0,1.0,9.0,RTOChowk,r1,r1_18_one.csv,MEDIUM,13.0,19
1900-01-01 12:00:00,UP,0.0,0.0,0.0,0.0,0.0,RTOChowk,r1,r1_18_one.csv,LOW,0.0,15
1900-01-01 08:55:00,DOWN,0.0,0.0,0.0,0.0,0.0,RTOChowk,r1,r1_13.csv,LOW,0.0,15
1900-01-01 08:55:00,LEFT,0.0,0.0,0.0,0.0,0.0,RTOChowk,r1,r1_13.csv,LOW,0.0,15
1900-01-01 08:55:00,RIGHT,0.0,0.0,0.0,0.0,0.0,RTOChowk,r1,r1_13.csv,LOW,0.0,15
1900-01-01 08:55:00,UP,0.0,0.0,0.0,0.0,0.0,RTOChowk,r1,r1_13.csv,LOW,0.0,15
1900-01-01 09:00:00,DOWN,55.0,44.0,8.0,3.0,110.0,RTOChowk,r1,r1_13.csv,HIGH,106.0,46
1900-01-01 09:00:00,LEFT,2.0,0.0,0.0,0.0,2.0,RTOChowk,r1,r1_13.csv,LOW,2.0,16
1900-01-01 09:00:00,RIGHT,21.0,16.0,5.0,7.0,49.0,RTOChowk,r1,r1_13.csv,MEDIUM,62.5,33
1900-01-01 09:00:00,UP,1.0,0.0,0.0,0.0,1.0,RTOChowk,r1,r1_13.csv,LOW,1.0,15
1900-01-01 09:05:00,DOWN,48.0,62.0,10.0,4.0,124.0,RTOChowk,r1,r1_13.csv,HIGH,116.0,49
1900-01-01 09:05:00,LEFT,0.0,0.0,0.0,0.0,0.0,RTOChowk,r1,r1_13.csv,LOW,0.0,15
1900-01-01 09:05:00,RIGHT,15.0,25.0,6.0,6.0,52.0,RTOChowk,r1,r1_13.csv,MEDIUM,60.5,33
1900-01-01 09:05:00,UP,0.0,0.0,0.0,0.0,0.0,RTOChowk,r1,r1_13.csv,LOW,0.0,15
1900-01-01 09:10:00,DOWN,38.0,93.0,8.0,4.0,143.0,RTOChowk,r1,r1_13.csv,HIGH,116.5,49
1900-01-01 09:10:00,LEFT,1.0,0.0,0.0,0.0,1.0,RTOChowk,r1,r1_13.csv,LOW,1.0,15
1900-01-01 09:10:00,RIGHT,11.0,31.0,5.0,3.0,50.0,RTOChowk,r1,r1_13.csv,MEDIUM,48.0,29
1900-01-01 09:10:00,UP,0.0,0.0,0.0,0.0,0.0,RTOChowk,r1,r1_13.csv,LOW,0.0,15
1900-01-01 09:15:00,DOWN,52.0,47.0,7.0,3.0,109.0,RTOChowk,r1,r1_13.csv,HIGH,102.0,45
1900-01-01 09:15:00,LEFT,0.0,3.0,0.0,0.0,3.0,RTOChowk,r1,r1_13.csv,LOW,1.5,15
1900-01-01 09:15:00,RIGHT,17.0,44.0,6.0,5.0,72.0,RTOChowk,r1,r1_13.csv,MEDIUM,69.0,35
1900-01-01 09:15:00,UP,0.0,1.0,0.0,0.0,1.0,RTOChowk,r1,r1_13.csv,LOW,0.5,15
1900-01-01 09:20:00,DOWN,50.0,58.0,4.0,3.0,115.0,RTOChowk,r1,r1_13.csv,HIGH,98.0,43
1900-01-01 09:20:00,LEFT,1.0,0.0,0.0,0.0,1.0,RTOChowk,r1,r1_13.csv,LOW,1.0,15
1900-01-01 09:20:00,RIGHT,26.0,41.0,5.0,10.0,82.0,RTOChowk,r1,r1_13.csv,HIGH,89.0,41
1900-01-01 09:20:00,UP,0.0,0.0,1.0,0.0,1.0,RTOChowk,r1,r1_13.csv,LOW,2.5,16
1900-01-01 09:25:00,DOWN,46.0,52.0,7.0,3.0,108.0,RTOChowk,r1,r1_13.csv,HIGH,98.5,44
1900-01-01 09:25:00,LEFT,1.0,0.0,0.0,0.0,1.0,RTOChowk,r1,r1_13.csv,LOW,1.0,15
1900-01-01 09:25:00,RIGHT,24.0,42.0,5.0,7.0,78.0,RTOChowk,r1,r1_13.csv,HIGH,78.5,38
1900-01-01 09:25:00,UP,0.0,0.0,0.0,0.0,0.0,RTOChowk,r1,r1_13.csv,LOW,0.0,15
1900-01-01 09:30:00,DOWN,33.0,68.0,3.0,0.0,104.0,RTOChowk,r1,r1_13.csv,HIGH,74.5,37
1900-01-01 09:30:00,LEFT,2.0,1.0,0.0,0.0,3.0,RTOChowk,r1,r1_13.csv,LOW,2.5,16
1900-01-01 09:30:00,RIGHT,16.0,27.0,0.0,3.0,46.0,RTOChowk,r1,r1_13.csv,MEDIUM,38.5,26
1900-01-01 09:30:00,UP,0.0,0.0,0.0,0.0,0.0,RTOChowk,r1,r1_13.csv,LOW,0.0,15
1900-01-01 09:35:00,DOWN,58.0,65.0,4.0,2.0,129.0,RTOChowk,r1,r1_13.csv,HIGH,106.5,46
1900-01-01 09:35:00,LEFT,0.0,1.0,0.0,1.0,2.0,RTOChowk,r1,r1_13.csv,LOW,3.5,16
1900-01-01 09:35:00,RIGHT,35.0,51.0,3.0,6.0,95.0,RTOChowk,r1,r1_13.csv,HIGH,86.0,40
1900-01-01 09:35:00,UP,0.0,0.0,0.0,0.0,0.0,RTOChowk,r1,r1_13.csv,LOW,0.0,15
1900-01-01 09:40:00,DOWN,53.0,72.0,2.0,0.0,127.0,RTOChowk,r1,r1_13.csv,HIGH,94.0,42
1900-01-01 09:40:00,LEFT,1.0,0.0,0.0,0.0,1.0,RTOChowk,r1,r1_13.csv,LOW,1.0,15
1900-01-01 09:40:00,RIGHT,34.0,42.0,4.0,10.0,90.0,RTOChowk,r1,r1_13.csv,HIGH,95.0,42
1900-01-01 09:40:00,UP,4.0,0.0,0.0,0.0,4.0,RTOChowk,r1,r1_13.csv,LOW,4.0,16
1900-01-01 09:45:00,DOWN,63.0,60.0,1.0,2.0,126.0,RTOChowk,r1,r1_13.csv,HIGH,101.5,44
1900-01-01 09:45:00,LEFT,2.0,0.0,0.0,0.0,2.0,RTOChowk,r1,r1_13.csv,LOW,2.0,16
1900-01-01 09:45:00,RIGHT,19.0,30.0,3.0,7.0,59.0,RTOChowk,r1,r1_13.csv,MEDIUM,62.5,33
1900-01-01 09:45:00,UP,0.0,0.0,0.0,0.0,0.0,RTOChowk,r1,r1_13.csv,LOW,0.0,15
1900-01-01 09:50:00,DOWN,44.0,88.0,3.0,2.0,137.0,RTOChowk,r1,r1_13.csv,HIGH,101.5,44
1900-01-01 09:50:00,LEFT,1.0,2.0,0.0,1.0,4.0,RTOChowk,r1,r1_13.csv,LOW,5.0,16
1900-01-01 09:50:00,RIGHT,23.0,33.0,4.0,10.0,70.0,RTOChowk,r1,r1_13.csv,MEDIUM,79.5,38
1900-01-01 09:50:00,UP,0.0,0.0,0.0,1.0,1.0,RTOChowk,r1,r1_13.csv,LOW,3.0,16
1900-01-01 09:55:00,DOWN,44.0,96.0,4.0,2.0,146.0,RTOChowk,r1,r1_13.csv,HIGH,108.0,46
1900-01-01 09:55:00,LEFT,1.0,0.0,0.0,0.0,1.0,RTOChowk,r1,r1_13.csv,LOW,1.0,15
1900-01-01 09:55:00,RIGHT,32.0,46.0,2.0,8.0,88.0,RTOChowk,r1,r1_13.csv,HIGH,84.0,39
1900-01-01 09:55:00,UP,0.0,0.0,0.0,1.0,1.0,RTOChowk,r1,r1_13.csv,LOW,3.0,16
1900-01-01 10:00:00,DOWN,50.0,70.0,7.0,4.0,131.0,RTOChowk,r1,r1_13.csv,HIGH,114.5,48
1900-01-01 10:00:00,LEFT,2.0,0.0,0.0,0.0,2.0,RTOChowk,r1,r1_13.csv,LOW,2.0,16
1900-01-01 10:00:00,RIGHT,28.0,36.0,3.0,10.0,77.0,RTOChowk,r1,r1_13.csv,HIGH,83.5,39
1900-01-01 10:00:00,UP,0.0,0.0,0.0,0.0,0.0,RTOChowk,r1,r1_13.csv,LOW,0.0,15
1900-01-01 10:05:00,DOWN,48.0,59.0,11.0,2.0,120.0,RTOChowk,r1,r1_13.csv,HIGH,111.0,47
1900-01-01 10:05:00,LEFT,0.0,0.0,0.0,1.0,1.0,RTOChowk,r1,r1_13.csv,LOW,3.0,16
1900-01-01 10:05:00,RIGHT,12.0,33.0,6.0,10.0,61.0,RTOChowk,r1,r1_13.csv,MEDIUM,73.5,36
1900-01-01 10:05:00,UP,0.0,0.0,0.0,0.0,0.0,RTOChowk,r1,r1_13.csv,LOW,0.0,15
1900-01-01 10:10:00,DOWN,52.0,66.0,3.0,3.0,124.0,RTOChowk,r1,r1_13.csv,HIGH,101.5,44
1900-01-01 10:10:00,LEFT,0.0,0.0,0.0,0.0,0.0,RTOChowk,r1,r1_13.csv,LOW,0.0,15
1900-01-01 10:10:00,RIGHT,25.0,35.0,1.0,7.0,68.0,RTOChowk,r1,r1_13.csv,MEDIUM,66.0,34
1900-01-01 10:10:00,UP,0.0,0.0,0.0,0.0,0.0,RTOChowk,r1,r1_13.csv,LOW,0.0,15
1900-01-01 10:15:00,DOWN,35.0,64.0,6.0,1.0,106.0,RTOChowk,r1,r1_13.csv,HIGH,85.0,40
1900-01-01 10:15:00,LEFT,1.0,0.0,0.0,0.0,1.0,RTOChowk,r1,r1_13.csv,LOW,1.0,15
1900-01-01 10:15:00,RIGHT,27.0,42.0,3.0,3.0,75.0,RTOChowk,r1,r1_13.csv,HIGH,64.5,34
1900-01-01 10:15:00,UP,0.0,0.0,0.0,0.0,0.0,RTOChowk,r1,r1_13.csv,LOW,0.0,15
1900-01-01 10:20:00,DOWN,30.0,47.0,5.0,3.0,85.0,RTOChowk,r1,r1_13.csv,HIGH,75.0,37
1900-01-01 10:20:00,LEFT,1.0,0.0,0.0,0.0,1.0,RTOChowk,r1,r1_13.csv,LOW,1.0,15
1900-01-01 10:20:00,RIGHT,19.0,29.0,1.0,7.0,56.0,RTOChowk,r1,r1_13.csv,MEDIUM,57.0,31
1900-01-01 10:20:00,UP,0.0,0.0,0.0,0.0,0.0,RTOChowk,r1,r1_13.csv,LOW,0.0,15
1900-01-01 10:25:00,DOWN,45.0,63.0,6.0,5.0,119.0,RTOChowk,r1,r1_13.csv,HIGH,106.5,46
1900-01-01 10:25:00,LEFT,3.0,1.0,0.0,0.0,4.0,RTOChowk,r1,r1_13.csv,LOW,3.5,16
1900-01-01 10:25:00,RIGHT,20.0,27.0,5.0,9.0,61.0,RTOChowk,r1,r1_13.csv,MEDIUM,73.0,36
1900-01-01 10:25:00,UP,0.0,0.0,0.0,0.0,0.0,RTOChowk,r1,r1_13.csv,LOW,0.0,15
1900-01-01 10:30:00,DOWN,57.0,31.0,3.0,4.0,95.0,RTOChowk,r1,r1_13.csv,HIGH,92.0,42
1900-01-01 10:30:00,LEFT,2.0,0.0,0.0,0.0,2.0,RTOChowk,r1,r1_13.csv,LOW,2.0,16
1900-01-01 10:30:00,RIGHT,25.0,31.0,2.0,5.0,63.0,RTOChowk,r1,r1_13.csv,MEDIUM,60.5,33
1900-01-01 10:30:00,UP,0.0,0.0,0.0,0.0,0.0,RTOChowk,r1,r1_13.csv,LOW,0.0,15
1900-01-01 10:35:00,DOWN,69.0,34.0,1.0,6.0,110.0,RTOChowk,r1,r1_13.csv,HIGH,106.5,46
1900-01-01 10:35:00,LEFT,1.0,0.0,0.0,0.0,1.0,RTOChowk,r1,r1_13.csv,LOW,1.0,15
1900-01-01 10:35:00,RIGHT,22.0,24.0,2.0,10.0,58.0,RTOChowk,r1,r1_13.csv,MEDIUM,69.0,35
1900-01-01 10:35:00,UP,4.0,0.0,0.0,0.0,4.0,RTOChowk,r1,r1_13.csv,LOW,4.0,16
1900-01-01 10:40:00,DOWN,53.0,40.0,9.0,3.0,105.0,RTOChowk,r1,r1_13.csv,HIGH,104.5,45
1900-01-01 10:40:00,LEFT,1.0,0.0,0.0,0.0,1.0,RTOChowk,r1,r1_13.csv,LOW,1.0,15
1900-01-01 10:40:00,RIGHT,16.0,20.0,0.0,5.0,41.0,RTOChowk,r1,r1_13.csv,MEDIUM,41.0,27
1900-01-01 10:40:00,UP,1.0,0.0,0.0,0.0,1.0,RTOChowk,r1,r1_13.csv,LOW,1.0,15
1900-01-01 10:45:00,DOWN,52.0,33.0,9.0,8.0,102.0,RTOChowk,r1,r1_13.csv,HIGH,115.0,48
1900-01-01 10:45:00,LEFT,2.0,2.0,0.0,0.0,4.0,RTOChowk,r1,r1_13.csv,LOW,3.0,16
1900-01-01 10:45:00,RIGHT,23.0,37.0,3.0,10.0,73.0,RTOChowk,r1,r1_13.csv,MEDIUM,79.0,38
1900-01-01 10:45:00,UP,1.0,0.0,2.0,0.0,3.0,RTOChowk,r1,r1_13.csv,LOW,6.0,17
1900-01-01 10:50:00,DOWN,37.0,40.0,4.0,3.0,84.0,RTOChowk,r1,r1_13.csv,HIGH,76.0,37
1900-01-01 10:50:00,LEFT,1.0,0.0,0.0,1.0,2.0,RTOChowk,r1,r1_13.csv,LOW,4.0,16
1900-01-01 10:50:00,RIGHT,20.0,35.0,4.0,8.0,67.0,RTOChowk,r1,r1_13.csv,MEDIUM,71.5,36
1900-01-01 10:50:00,UP,0.0,0.0,0.0,0.0,0.0,RTOChowk,r1,r1_13.csv,LOW,0.0,15
1900-01-01 10:55:00,DOWN,39.0,53.0,6.0,3.0,101.0,RTOChowk,r1,r1_13.csv,HIGH,89.5,41
1900-01-01 10:55:00,LEFT,1.0,0.0,0.0,0.0,1.0,RTOChowk,r1,r1_13.csv,LOW,1.0,15
1900-01-01 10:55:00,RIGHT,19.0,40.0,3.0,4.0,66.0,RTOChowk,r1,r1_13.csv,MEDIUM,58.5,32
1900-01-01 10:55:00,UP,0.0,0.0,0.0,0.0,0.0,RTOChowk,r1,r1_13.csv,LOW,0.0,15
1900-01-01 11:00:00,DOWN,43.0,40.0,6.0,4.0,93.0,RTOChowk,r1,r1_13.csv,HIGH,90.0,41
1900-01-01 11:00:00,LEFT,6.0,1.0,0.0,0.0,7.0,RTOChowk,r1,r1_13.csv,MEDIUM,6.5,17
1900-01-01 11:00:00,RIGHT,17.0,26.0,2.0,0.0,45.0,RTOChowk,r1,r1_13.csv,MEDIUM,35.0,25
1900-01-01 11:00:00,UP,0.0,1.0,0.0,2.0,3.0,RTOChowk,r1,r1_13.csv,LOW,6.5,17
1900-01-01 11:05:00,DOWN,41.0,54.0,3.0,4.0,102.0,RTOChowk,r1,r1_13.csv,HIGH,87.5,40
1900-01-01 11:05:00,LEFT,3.0,3.0,0.0,1.0,7.0,RTOChowk,r1,r1_13.csv,MEDIUM,7.5,17
1900-01-01 11:05:00,RIGHT,21.0,35.0,4.0,12.0,72.0,RTOChowk,r1,r1_13.csv,MEDIUM,84.5,39
1900-01-01 11:05:00,UP,1.0,0.0,0.0,0.0,1.0,RTOChowk,r1,r1_13.csv,LOW,1.0,15
1900-01-01 11:10:00,DOWN,35.0,53.0,6.0,3.0,97.0,RTOChowk,r1,r1_13.csv,HIGH,85.5,40
1900-01-01 11:10:00,LEFT,3.0,0.0,0.0,0.0,3.0,RTOChowk,r1,r1_13.csv,LOW,3.0,16
1900-01-01 11:10:00,RIGHT,24.0,32.0,4.0,4.0,64.0,RTOChowk,r1,r1_13.csv,MEDIUM,62.0,33
1900-01-01 11:10:00,UP,0.0,1.0,0.0,0.0,1.0,RTOChowk,r1,r1_13.csv,LOW,0.5,15
1900-01-01 11:15:00,DOWN,32.0,44.0,1.0,1.0,78.0,RTOChowk,r1,r1_13.csv,HIGH,59.5,32
1900-01-01 11:15:00,LEFT,2.0,0.0,0.0,0.0,2.0,RTOChowk,r1,r1_13.csv,LOW,2.0,16
1900-01-01 11:15:00,RIGHT,16.0,25.0,3.0,2.0,46.0,RTOChowk,r1,r1_13.csv,MEDIUM,42.0,27
1900-01-01 11:15:00,UP,0.0,1.0,0.0,0.0,1.0,RTOChowk,r1,r1_13.csv,LOW,0.5,15
1900-01-01 11:20:00,DOWN,40.0,40.0,1.0,2.0,83.0,RTOChowk,r1,r1_13.csv,HIGH,68.5,35
1900-01-01 11:20:00,LEFT,0.0,0.0,0.0,0.0,0.0,RTOChowk,r1,r1_13.csv,LOW,0.0,15
1900-01-01 11:20:00,RIGHT,18.0,18.0,2.0,6.0,44.0,RTOChowk,r1,r1_13.csv,MEDIUM,50.0,29
1900-01-01 11:20:00,UP,2.0,0.0,0.0,0.0,2.0,RTOChowk,r1,r1_13.csv,LOW,2.0,16
1900-01-01 08:55:00,DOWN,2.0,0.0,0.0,0.0,2.0,RTOChowk,r1,r1_12.csv,LOW,2.0,16
1900-01-01 08:55:00,LEFT,2.0,0.0,0.0,0.0,2.0,RTOChowk,r1,r1_12.csv,LOW,2.0,16
1900-01-01 08:55:00,RIGHT,0.0,0.0,0.0,0.0,0.0,RTOChowk,r1,r1_12.csv,LOW,0.0,15
1900-01-01 08:55:00,UP,0.0,0.0,0.0,0.0,0.0,RTOChowk,r1,r1_12.csv,LOW,0.0,15
1900-01-01 09:00:00,DOWN,67.0,55.0,7.0,8.0,137.0,RTOChowk,r1,r1_12.csv,HIGH,136.0,54
1900-01-01 09:00:00,LEFT,1.0,0.0,0.0,0.0,1.0,RTOChowk,r1,r1_12.csv,LOW,1.0,15
1900-01-01 09:00:00,RIGHT,20.0,25.0,5.0,15.0,65.0,RTOChowk,r1,r1_12.csv,MEDIUM,90.0,41
1900-01-01 09:00:00,UP,0.0,0.0,0.0,2.0,2.0,RTOChowk,r1,r1_12.csv,LOW,6.0,17
1900-01-01 09:05:00,DOWN,51.0,65.0,5.0,8.0,129.0,RTOChowk,r1,r1_12.csv,HIGH,120.0,50
1900-01-01 09:05:00,LEFT,2.0,1.0,0.0,1.0,4.0,RTOChowk,r1,r1_12.csv,LOW,5.5,17
1900-01-01 09:05:00,RIGHT,20.0,26.0,4.0,8.0,58.0,RTOChowk,r1,r1_12.csv,MEDIUM,67.0,34
1900-01-01 09:05:00,UP,0.0,0.0,0.0,0.0,0.0,RTOChowk,r1,r1_12.csv,LOW,0.0,15
1900-01-01 09:10:00,DOWN,50.0,56.0,4.0,6.0,116.0,RTOChowk,r1,r1_12.csv,HIGH,106.0,46
1900-01-01 09:10:00,LEFT,4.0,0.0,0.0,1.0,5.0,RTOChowk,r1,r1_12.csv,MEDIUM,7.0,17
1900-01-01 09:10:00,RIGHT,16.0,22.0,1.0,8.0,47.0,RTOChowk,r1,r1_12.csv,MEDIUM,53.5,30
1900-01-01 09:10:00,UP,0.0,0.0,0.0,0.0,0.0,RTOChowk,r1,r1_12.csv,LOW,0.0,15
1900-01-01 09:15:00,DOWN,65.0,72.0,4.0,5.0,146.0,RTOChowk,r1,r1_12.csv,HIGH,126.0,51
1900-01-01 09:15:00,LEFT,2.0,0.0,0.0,0.0,2.0,RTOChowk,r1,r1_12.csv,LOW,2.0,16
1900-01-01 09:15:00,RIGHT,23.0,42.0,4.0,13.0,82.0,RTOChowk,r1,r1_12.csv,HIGH,93.0,42
1900-01-01 09:15:00,UP,1.0,0.0,1.0,0.0,2.0,RTOChowk,r1,r1_12.csv,LOW,3.5,16
1900-01-01 09:20:00,DOWN,54.0,62.0,9.0,13.0,138.0,RTOChowk,r1,r1_12.csv,HIGH,146.5,57
1900-01-01 09:20:00,LEFT,0.0,4.0,0.0,0.0,4.0,RTOChowk,r1,r1_12.csv,LOW,2.0,16
1900-01-01 09:20:00,RIGHT,19.0,23.0,7.0,12.0,61.0,RTOChowk,r1,r1_12.csv,MEDIUM,84.0,39
1900-01-01 09:20:00,UP,4.0,0.0,0.0,2.0,6.0,RTOChowk,r1,r1_12.csv,MEDIUM,10.0,18
1900-01-01 09:25:00,DOWN,55.0,66.0,5.0,5.0,131.0,RTOChowk,r1,r1_12.csv,HIGH,115.5,48
1900-01-01 09:25:00,LEFT,9.0,3.0,0.0,0.0,12.0,RTOChowk,r1,r1_12.csv,MEDIUM,10.5,18
1900-01-01 09:25:00,RIGHT,22.0,26.0,1.0,10.0,59.0,RTOChowk,r1,r1_12.csv,MEDIUM,67.5,35
1900-01-01 09:25:00,UP,1.0,0.0,0.0,0.0,1.0,RTOChowk,r1,r1_12.csv,LOW,1.0,15
1900-01-01 09:30:00,DOWN,66.0,63.0,9.0,6.0,144.0,RTOChowk,r1,r1_12.csv,HIGH,138.0,55
1900-01-01 09:30:00,LEFT,1.0,0.0,0.0,0.0,1.0,RTOChowk,r1,r1_12.csv,LOW,1.0,15
1900-01-01 09:30:00,RIGHT,13.0,62.0,4.0,10.0,89.0,RTOChowk,r1,r1_12.csv,HIGH,84.0,39
1900-01-01 09:30:00,UP,1.0,1.0,0.0,0.0,2.0,RTOChowk,r1,r1_12.csv,LOW,1.5,15
1900-01-01 09:35:00,DOWN,73.0,59.0,5.0,6.0,143.0,RTOChowk,r1,r1_12.csv,HIGH,133.0,53
1900-01-01 09:35:00,LEFT,2.0,0.0,0.0,0.0,2.0,RTOChowk,r1,r1_12.csv,LOW,2.0,16
1900-01-01 09:35:00,RIGHT,27.0,42.0,6.0,10.0,85.0,RTOChowk,r1,r1_12.csv,HIGH,93.0,42
1900-01-01 09:35:00,UP,1.0,1.0,0.0,1.0,3.0,RTOChowk,r1,r1_12.csv,LOW,4.5,16
1900-01-01 09:40:00,DOWN,64.0,67.0,9.0,8.0,148.0,RTOChowk,r1,r1_12.csv,HIGH,144.0,57
1900-01-01 09:40:00,LEFT,3.0,1.0,0.0,0.0,4.0,RTOChowk,r1,r1_12.csv,LOW,3.5,16
1900-01-01 09:40:00,RIGHT,32.0,38.0,0.0,10.0,80.0,RTOChowk,r1,r1_12.csv,HIGH,81.0,38
1900-01-01 09:40:00,UP,1.0,0.0,0.0,0.0,1.0,RTOChowk,r1,r1_12.csv,LOW,1.0,15
1900-01-01 09:45:00,DOWN,40.0,69.0,3.0,11.0,123.0,RTOChowk,r1,r1_12.csv,HIGH,115.0,48
1900-01-01 09:45:00,LEFT,5.0,3.0,0.0,0.0,8.0,RTOChowk,r1,r1_12.csv,MEDIUM,6.5,17
1900-01-01 09:45:00,RIGHT,23.0,32.0,1.0,6.0,62.0,RTOChowk,r1,r1_12.csv,MEDIUM,59.5,32
1900-01-01 09:45:00,UP,2.0,0.0,0.0,0.0,2.0,RTOChowk,r1,r1_12.csv,LOW,2.0,16
1900-01-01 09:50:00,DOWN,66.0,60.0,10.0,4.0,140.0,RTOChowk,r1,r1_12.csv,HIGH,133.0,53
1900-01-01 09:50:00,LEFT,1.0,0.0,0.0,0.0,1.0,RTOChowk,r1,r1_12.csv,LOW,1.0,15
1900-01-01 09:50:00,RIGHT,25.0,63.0,0.0,5.0,93.0,RTOChowk,r1,r1_12.csv,HIGH,71.5,36
1900-01-01 09:50:00,UP,1.0,1.0,0.0,1.0,3.0,RTOChowk,r1,r1_12.csv,LOW,4.5,16
1900-01-01 09:55:00,DOWN,52.0,60.0,9.0,7.0,128.0,RTOChowk,r1,r1_12.csv,HIGH,125.5,51
1900-01-01 09:55:00,LEFT,2.0,1.0,0.0,0.0,3.0,RTOChowk,r1,r1_12.csv,LOW,2.5,16
1900-01-01 09:55:00,RIGHT,27.0,47.0,4.0,11.0,89.0,RTOChowk,r1,r1_12.csv,HIGH,93.5,42
1900-01-01 09:55:00,UP,0.0,0.0,0.0,0.0,0.0,RTOChowk,r1,r1_12.csv,LOW,0.0,15
1900-01-01 10:00:00,DOWN,48.0,55.0,10.0,3.0,116.0,RTOChowk,r1,r1_12.csv,HIGH,109.5,47
1900-01-01 10:00:00,LEFT,2.0,1.0,0.0,0.0,3.0,RTOChowk,r1,r1_12.csv,LOW,2.5,16
1900-01-01 10:00:00,RIGHT,25.0,28.0,4.0,7.0,64.0,RTOChowk,r1,r1_12.csv,MEDIUM,70.0,35
1900-01-01 10:00:00,UP,0.0,0.0,0.0,0.0,0.0,RTOChowk,r1,r1_12.csv,LOW,0.0,15
1900-01-01 10:05:00,DOWN,62.0,43.0,13.0,6.0,124.0,RTOChowk,r1,r1_12.csv,HIGH,134.0,54
1900-01-01 10:05:00,LEFT,4.0,0.0,0.0,0.0,4.0,RTOChowk,r1,r1_12.csv,LOW,4.0,16
1900-01-01 10:05:00,RIGHT,41.0,31.0,5.0,10.0,87.0,RTOChowk,r1,r1_12.csv,HIGH,99.0,44
1900-01-01 10:05:00,UP,1.0,0.0,0.0,0.0,1.0,RTOChowk,r1,r1_12.csv,LOW,1.0,15
1900-01-01 10:10:00,DOWN,67.0,68.0,3.0,7.0,145.0,RTOChowk,r1,r1_12.csv,HIGH,129.5,52
1900-01-01 10:10:00,LEFT,4.0,0.0,0.0,0.0,4.0,RTOChowk,r1,r1_12.csv,LOW,4.0,16
1900-01-01 10:10:00,RIGHT,37.0,37.0,5.0,17.0,96.0,RTOChowk,r1,r1_12.csv,HIGH,119.0,49
1900-01-01 10:10:00,UP,0.0,0.0,0.0,0.0,0.0,RTOChowk,r1,r1_12.csv,LOW,0.0,15
1900-01-01 10:15:00,DOWN,53.0,59.0,6.0,4.0,122.0,RTOChowk,r1,r1_12.csv,HIGH,109.5,47
1900-01-01 10:15:00,LEFT,0.0,1.0,0.0,0.0,1.0,RTOChowk,r1,r1_12.csv,LOW,0.5,15
1900-01-01 10:15:00,RIGHT,30.0,51.0,4.0,8.0,93.0,RTOChowk,r1,r1_12.csv,HIGH,89.5,41
1900-01-01 10:15:00,UP,0.0,0.0,1.0,0.0,1.0,RTOChowk,r1,r1_12.csv,LOW,2.5,16
1900-01-01 10:20:00,DOWN,53.0,64.0,5.0,7.0,129.0,RTOChowk,r1,r1_12.csv,HIGH,118.5,49
1900-01-01 10:20:00,LEFT,2.0,1.0,0.0,0.0,3.0,RTOChowk,r1,r1_12.csv,LOW,2.5,16
1900-01-01 10:20:00,RIGHT,27.0,29.0,4.0,13.0,73.0,RTOChowk,r1,r1_12.csv,MEDIUM,90.5,41
1900-01-01 10:20:00,UP,2.0,1.0,0.0,1.0,4.0,RTOChowk,r1,r1_12.csv,LOW,5.5,17
1900-01-01 10:25:00,DOWN,60.0,52.0,10.0,2.0,124.0,RTOChowk,r1,r1_12.csv,HIGH,117.0,49
1900-01-01 10:25:00,LEFT,4.0,1.0,0.0,0.0,5.0,RTOChowk,r1,r1_12.csv,MEDIUM,4.5,16
1900-01-01 10:25:00,RIGHT,33.0,44.0,3.0,7.0,87.0,RTOChowk,r1,r1_12.csv,HIGH,83.5,39
1900-01-01 10:25:00,UP,2.0,0.0,0.0,0.0,2.0,RTOChowk,r1,r1_12.csv,LOW,2.0,16
1900-01-01 10:30:00,DOWN,47.0,62.0,3.0,3.0,115.0,RTOChowk,r1,r1_12.csv,HIGH,94.5,42
1900-01-01 10:30:00,LEFT,0.0,0.0,0.0,1.0,1.0,RTOChowk,r1,r1_12.csv,LOW,3.0,16
1900-01-01 10:30:00,RIGHT,32.0,31.0,9.0,10.0,82.0,RTOChowk,r1,r1_12.csv,HIGH,100.0,44
1900-01-01 10:30:00,UP,0.0,0.0,0.0,0.0,0.0,RTOChowk,r1,r1_12.csv,LOW,0.0,15
1900-01-01 10:35:00,DOWN,57.0,54.0,9.0,8.0,128.0,RTOChowk,r1,r1_12.csv,HIGH,130.5,53
1900-01-01 10:35:00,LEFT,2.0,0.0,0.0,0.0,2.0,RTOChowk,r1,r1_12.csv,LOW,2.0,16
1900-01-01 10:35:00,RIGHT,22.0,31.0,0.0,4.0,57.0,RTOChowk,r1,r1_12.csv,MEDIUM,49.5,29
1900-01-01 10:35:00,UP,0.0,1.0,0.0,0.0,1.0,RTOChowk,r1,r1_12.csv,LOW,0.5,15
1900-01-01 10:40:00,DOWN,40.0,59.0,10.0,2.0,111.0,RTOChowk,r1,r1_12.csv,HIGH,100.5,44
1900-01-01 10:40:00,LEFT,1.0,2.0,0.0,0.0,3.0,RTOChowk,r1,r1_12.csv,LOW,2.0,16
1900-01-01 10:40:00,RIGHT,22.0,39.0,4.0,5.0,70.0,RTOChowk,r1,r1_12.csv,MEDIUM,66.5,34
1900-01-01 10:40:00,UP,0.0,0.0,0.0,0.0,0.0,RTOChowk,r1,r1_12.csv,LOW,0.0,15
1900-01-01 10:45:00,DOWN,60.0,54.0,4.0,4.0,122.0,RTOChowk,r1,r1_12.csv,HIGH,109.0,47
1900-01-01 10:45:00,LEFT,4.0,1.0,0.0,0.0,5.0,RTOChowk,r1,r1_12.csv,MEDIUM,4.5,16
1900-01-01 10:45:00,RIGHT,23.0,40.0,2.0,11.0,76.0,RTOChowk,r1,r1_12.csv,HIGH,81.0,38
1900-01-01 10:45:00,UP,0.0,0.0,0.0,0.0,0.0,RTOChowk,r1,r1_12.csv,LOW,0.0,15
1900-01-01 10:50:00,DOWN,65.0,46.0,9.0,1.0,121.0,RTOChowk,r1,r1_12.csv,HIGH,113.5,48
1900-01-01 10:50:00,LEFT,2.0,0.0,0.0,0.0,2.0,RTOChowk,r1,r1_12.csv,LOW,2.0,16
1900-01-01 10:50:00,RIGHT,32.0,39.0,2.0,8.0,81.0,RTOChowk,r1,r1_12.csv,HIGH,80.5,38
1900-01-01 10:50:00,UP,2.0,0.0,0.0,0.0,2.0,RTOChowk,r1,r1_12.csv,LOW,2.0,16
1900-01-01 10:55:00,DOWN,34.0,41.0,9.0,3.0,87.0,RTOChowk,r1,r1_12.csv,HIGH,86.0,40
1900-01-01 10:55:00,LEFT,2.0,0.0,0.0,0.0,2.0,RTOChowk,r1,r1_12.csv,LOW,2.0,16
1900-01-01 10:55:00,RIGHT,17.0,23.0,0.0,5.0,45.0,RTOChowk,r1,r1_12.csv,MEDIUM,43.5,28
1900-01-01 10:55:00,UP,0.0,0.0,0.0,0.0,0.0,RTOChowk,r1,r1_12.csv,LOW,0.0,15
1900-01-01 11:00:00,DOWN,70.0,71.0,6.0,2.0,149.0,RTOChowk,r1,r1_12.csv,HIGH,126.5,52
1900-01-01 11:00:00,LEFT,2.0,2.0,0.0,0.0,4.0,RTOChowk,r1,r1_12.csv,LOW,3.0,16
1900-01-01 11:00:00,RIGHT,33.0,39.0,3.0,11.0,86.0,RTOChowk,r1,r1_12.csv,HIGH,93.0,42
1900-01-01 11:00:00,UP,2.0,3.0,0.0,0.0,5.0,RTOChowk,r1,r1_12.csv,MEDIUM,3.5,16
1900-01-01 11:05:00,DOWN,51.0,37.0,9.0,7.0,104.0,RTOChowk,r1,r1_12.csv,HIGH,113.0,48
1900-01-01 11:05:00,LEFT,5.0,0.0,0.0,0.0,5.0,RTOChowk,r1,r1_12.csv,MEDIUM,5.0,16
1900-01-01 11:05:00,RIGHT,34.0,35.0,3.0,8.0,80.0,RTOChowk,r1,r1_12.csv,HIGH,83.0,39
1900-01-01 11:05:00,UP,0.0,1.0,0.0,0.0,1.0,RTOChowk,r1,r1_12.csv,LOW,0.5,15
1900-01-01 11:10:00,DOWN,38.0,35.0,7.0,5.0,85.0,RTOChowk,r1,r1_12.csv,HIGH,88.0,40
1900-01-01 11:10:00,LEFT,4.0,1.0,0.0,0.0,5.0,RTOChowk,r1,r1_12.csv,MEDIUM,4.5,16
1900-01-01 11:10:00,RIGHT,24.0,25.0,3.0,3.0,55.0,RTOChowk,r1,r1_12.csv,MEDIUM,53.0,30
1900-01-01 11:10:00,UP,2.0,0.0,0.0,0.0,2.0,RTOChowk,r1,r1_12.csv,LOW,2.0,16
1900-01-01 11:15:00,DOWN,45.0,24.0,6.0,1.0,76.0,RTOChowk,r1,r1_12.csv,HIGH,75.0,37
1900-01-01 11:15:00,LEFT,1.0,1.0,0.0,0.0,2.0,RTOChowk,r1,r1_12.csv,LOW,1.5,15
1900-01-01 11:15:00,RIGHT,16.0,21.0,5.0,8.0,50.0,RTOChowk,r1,r1_12.csv,MEDIUM,63.0,33
1900-01-01 11:15:00,UP,1.0,0.0,0.0,0.0,1.0,RTOChowk,r1,r1_12.csv,LOW,1.0,15
1900-01-01 11:20:00,DOWN,40.0,43.0,4.0,6.0,93.0,RTOChowk,r1,r1_12.csv,HIGH,89.5,41
1900-01-01 11:20:00,LEFT,0.0,0.0,0.0,0.0,0.0,RTOChowk,r1,r1_12.csv,LOW,0.0,15
1900-01-01 11:20:00,RIGHT,23.0,20.0,2.0,3.0,48.0,RTOChowk,r1,r1_12.csv,MEDIUM,47.0,29
1900-01-01 11:20:00,UP,0.0,0.0,0.0,0.0,0.0,RTOChowk,r1,r1_12.csv,LOW,0.0,15
1900-01-01 11:25:00,DOWN,18.0,12.0,1.0,0.0,31.0,RTOChowk,r1,r1_12.csv,MEDIUM,26.5,23
1900-01-01 11:25:00,LEFT,0.0,1.0,0.0,0.0,1.0,RTOChowk,r1,r1_12.csv,LOW,0.5,15
1900-01-01 11:25:00,RIGHT,5.0,7.0,1.0,1.0,14.0,RTOChowk,r1,r1_12.csv,MEDIUM,14.0,19
1900-01-01 11:25:00,UP,5.0,0.0,6.0,0.0,11.0,RTOChowk,r1,r1_12.csv,MEDIUM,20.0,21
1900-01-01 08:55:00,DOWN,0.0,0.0,0.0,0.0,0.0,RTOChowk,r1,r1_16.csv,LOW,0.0,15
1900-01-01 08:55:00,LEFT,0.0,0.0,0.0,0.0,0.0,RTOChowk,r1,r1_16.csv,LOW,0.0,15
1900-01-01 08:55:00,RIGHT,0.0,0.0,0.0,0.0,0.0,RTOChowk,r1,r1_16.csv,LOW,0.0,15
1900-01-01 08:55:00,UP,0.0,0.0,0.0,0.0,0.0,RTOChowk,r1,r1_16.csv,LOW,0.0,15
1900-01-01 09:00:00,DOWN,39.0,21.0,11.0,12.0,83.0,RTOChowk,r1,r1_16.csv,HIGH,113.0,48
1900-01-01 09:00:00,LEFT,1.0,0.0,0.0,0.0,1.0,RTOChowk,r1,r1_16.csv,LOW,1.0,15
1900-01-01 09:00:00,RIGHT,12.0,11.0,1.0,4.0,28.0,RTOChowk,r1,r1_16.csv,MEDIUM,32.0,24
1900-01-01 09:00:00,UP,0.0,0.0,0.0,0.0,0.0,RTOChowk,r1,r1_16.csv,LOW,0.0,15
1900-01-01 09:05:00,DOWN,30.0,24.0,7.0,11.0,72.0,RTOChowk,r1,r1_16.csv,MEDIUM,92.5,42
1900-01-01 09:05:00,LEFT,1.0,1.0,0.0,0.0,2.0,RTOChowk,r1,r1_16.csv,LOW,1.5,15
1900-01-01 09:05:00,RIGHT,9.0,19.0,0.0,10.0,38.0,RTOChowk,r1,r1_16.csv,MEDIUM,48.5,29
1900-01-01 09:05:00,UP,0.0,1.0,0.0,0.0,1.0,RTOChowk,r1,r1_16.csv,LOW,0.5,15
1900-01-01 09:10:00,DOWN,32.0,35.0,14.0,11.0,92.0,RTOChowk,r1,r1_16.csv,HIGH,117.5,49
1900-01-01 09:10:00,LEFT,0.0,0.0,0.0,0.0,0.0,RTOChowk,r1,r1_16.csv,LOW,0.0,15
1900-01-01 09:10:00,RIGHT,6.0,10.0,1.0,7.0,24.0,RTOChowk,r1,r1_16.csv,MEDIUM,34.5,25
1900-01-01 09:10:00,UP,0.0,0.0,0.0,0.0,0.0,RTOChowk,r1,r1_16.csv,LOW,0.0,15
1900-01-01 09:15:00,DOWN,28.0,30.0,4.0,8.0,70.0,RTOChowk,r1,r1_16.csv,MEDIUM,77.0,37
1900-01-01 09:15:00,LEFT,0.0,0.0,0.0,0.0,0.0,RTOChowk,r1,r1_16.csv,LOW,0.0,15
1900-01-01 09:15:00,RIGHT,14.0,23.0,0.0,3.0,40.0,RTOChowk,r1,r1_16.csv,MEDIUM,34.5,25
1900-01-01 09:15:00,UP,0.0,0.0,0.0,0.0,0.0,RTOChowk,r1,r1_16.csv,LOW,0.0,15
1900-01-01 09:20:00,DOWN,37.0,36.0,9.0,17.0,99.0,RTOChowk,r1,r1_16.csv,HIGH,128.5,52
1900-01-01 09:20:00,LEFT,1.0,0.0,0.0,0.0,1.0,RTOChowk,r1,r1_16.csv,LOW,1.0,15
1900-01-01 09:20:00,RIGHT,10.0,12.0,0.0,11.0,33.0,RTOChowk,r1,r1_16.csv,MEDIUM,49.0,29
1900-01-01 09:20:00,UP,0.0,0.0,0.0,0.0,0.0,RTOChowk,r1,r1_16.csv,LOW,0.0,15
1900-01-01 09:25:00,DOWN,26.0,24.0,12.0,16.0,78.0,RTOChowk,r1,r1_16.csv,HIGH,116.0,49
1900-01-01 09:25:00,LEFT,1.0,0.0,0.0,0.0,1.0,RTOChowk,r1,r1_16.csv,LOW,1.0,15
1900-01-01 09:25:00,RIGHT,16.0,14.0,0.0,2.0,32.0,RTOChowk,r1,r1_16.csv,MEDIUM,29.0,23
1900-01-01 09:25:00,UP,0.0,0.0,0.0,0.0,0.0,RTOChowk,r1,r1_16.csv,LOW,0.0,15
1900-01-01 09:30:00,DOWN,43.0,39.0,11.0,5.0,98.0,RTOChowk,r1,r1_16.csv,HIGH,105.0,45
1900-01-01 09:30:00,LEFT,1.0,1.0,0.0,0.0,2.0,RTOChowk,r1,r1_16.csv,LOW,1.5,15
1900-01-01 09:30:00,RIGHT,19.0,11.0,2.0,8.0,40.0,RTOChowk,r1,r1_16.csv,MEDIUM,53.5,30
1900-01-01 09:30:00,UP,0.0,1.0,0.0,0.0,1.0,RTOChowk,r1,r1_16.csv,LOW,0.5,15
1900-01-01 09:35:00,DOWN,30.0,26.0,8.0,10.0,74.0,RTOChowk,r1,r1_16.csv,MEDIUM,93.0,42
1900-01-01 09:35:00,LEFT,0.0,0.0,0.0,0.0,0.0,RTOChowk,r1,r1_16.csv,LOW,0.0,15
1900-01-01 09:35:00,RIGHT,18.0,13.0,1.0,9.0,41.0,RTOChowk,r1,r1_16.csv,MEDIUM,54.0,31
1900-01-01 09:35:00,UP,0.0,0.0,0.0,0.0,0.0,RTOChowk,r1,r1_16.csv,LOW,0.0,15
1900-01-01 09:40:00,DOWN,29.0,27.0,7.0,9.0,72.0,RTOChowk,r1,r1_16.csv,MEDIUM,87.0,40
1900-01-01 09:40:00,LEFT,0.0,0.0,0.0,0.0,0.0,RTOChowk,r1,r1_16.csv,LOW,0.0,15
1900-01-01 09:40:00,RIGHT,12.0,12.0,3.0,4.0,31.0,RTOChowk,r1,r1_16.csv,MEDIUM,37.5,26
1900-01-01 09:40:00,UP,3.0,0.0,0.0,0.0,3.0,RTOChowk,r1,r1_16.csv,LOW,3.0,16
1900-01-01 09:45:00,DOWN,41.0,39.0,4.0,10.0,94.0,RTOChowk,r1,r1_16.csv,HIGH,100.5,44
1900-01-01 09:45:00,LEFT,0.0,1.0,0.0,0.0,1.0,RTOChowk,r1,r1_16.csv,LOW,0.5,15
1900-01-01 09:45:00,RIGHT,15.0,21.0,1.0,3.0,40.0,RTOChowk,r1,r1_16.csv,MEDIUM,37.0,26
1900-01-01 09:45:00,UP,0.0,1.0,0.0,0.0,1.0,RTOChowk,r1,r1_16.csv,LOW,0.5,15
1900-01-01 09:50:00,DOWN,23.0,23.0,11.0,10.0,67.0,RTOChowk,r1,r1_16.csv,MEDIUM,92.0,42
1900-01-01 09:50:00,LEFT,1.0,0.0,0.0,0.0,1.0,RTOChowk,r1,r1_16.csv,LOW,1.0,15
1900-01-01 09:50:00,RIGHT,13.0,24.0,4.0,11.0,52.0,RTOChowk,r1,r1_16.csv,MEDIUM,68.0,35
1900-01-01 09:50:00,UP,0.0,0.0,0.0,0.0,0.0,RTOChowk,r1,r1_16.csv,LOW,0.0,15
1900-01-01 09:55:00,DOWN,25.0,18.0,10.0,6.0,59.0,RTOChowk,r1,r1_16.csv,MEDIUM,77.0,37
1900-01-01 09:55:00,LEFT,0.0,0.0,0.0,0.0,0.0,RTOChowk,r1,r1_16.csv,LOW,0.0,15
1900-01-01 09:55:00,RIGHT,10.0,13.0,3.0,4.0,30.0,RTOChowk,r1,r1_16.csv,MEDIUM,36.0,25
1900-01-01 09:55:00,UP,0.0,0.0,0.0,1.0,1.0,RTOChowk,r1,r1_16.csv,LOW,3.0,16
1900-01-01 10:00:00,DOWN,28.0,33.0,8.0,5.0,74.0,RTOChowk,r1,r1_16.csv,MEDIUM,79.5,38
1900-01-01 10:00:00,LEFT,1.0,0.0,0.0,0.0,1.0,RTOChowk,r1,r1_16.csv,LOW,1.0,15
1900-01-01 10:00:00,RIGHT,8.0,17.0,1.0,6.0,32.0,RTOChowk,r1,r1_16.csv,MEDIUM,37.0,26
1900-01-01 10:00:00,UP,0.0,2.0,0.0,0.0,2.0,RTOChowk,r1,r1_16.csv,LOW,1.0,15
1900-01-01 10:05:00,DOWN,34.0,22.0,8.0,9.0,73.0,RTOChowk,r1,r1_16.csv,MEDIUM,92.0,42
1900-01-01 10:05:00,LEFT,1.0,0.0,0.0,0.0,1.0,RTOChowk,r1,r1_16.csv,LOW,1.0,15
1900-01-01 10:05:00,RIGHT,12.0,20.0,2.0,4.0,38.0,RTOChowk,r1,r1_16.csv,MEDIUM,39.0,26
1900-01-01 10:05:00,UP,0.0,0.0,0.0,0.0,0.0,RTOChowk,r1,r1_16.csv,LOW,0.0,15
1900-01-01 10:10:00,DOWN,22.0,17.0,10.0,7.0,56.0,RTOChowk,r1,r1_16.csv,MEDIUM,76.5,37
1900-01-01 10:10:00,LEFT,0.0,0.0,0.0,0.0,0.0,RTOChowk,r1,r1_16.csv,LOW,0.0,15
1900-01-01 10:10:00,RIGHT,11.0,23.0,3.0,3.0,40.0,RTOChowk,r1,r1_16.csv,MEDIUM,39.0,26
1900-01-01 10:10:00,UP,1.0,0.0,0.0,0.0,1.0,RTOChowk,r1,r1_16.csv,LOW,1.0,15
1900-01-01 10:15:00,DOWN,26.0,10.0,6.0,15.0,57.0,RTOChowk,r1,r1_16.csv,MEDIUM,91.0,41
1900-01-01 10:15:00,LEFT,1.0,0.0,0.0,0.0,1.0,RTOChowk,r1,r1_16.csv,LOW,1.0,15
1900-01-01 10:15:00,RIGHT,9.0,12.0,2.0,10.0,33.0,RTOChowk,r1,r1_16.csv,MEDIUM,50.0,29
1900-01-01 10:15:00,UP,0.0,0.0,0.0,0.0,0.0,RTOChowk,r1,r1_16.csv,LOW,0.0,15
1900-01-01 10:20:00,DOWN,20.0,9.0,4.0,8.0,41.0,RTOChowk,r1,r1_16.csv,MEDIUM,58.5,32
1900-01-01 10:20:00,LEFT,0.0,0.0,0.0,0.0,0.0,RTOChowk,r1,r1_16.csv,LOW,0.0,15
1900-01-01 10:20:00,RIGHT,5.0,7.0,2.0,4.0,18.0,RTOChowk,r1,r1_16.csv,MEDIUM,25.5,22
1900-01-01 10:20:00,UP,0.0,1.0,0.0,0.0,1.0,RTOChowk,r1,r1_16.csv,LOW,0.5,15
1900-01-01 10:25:00,DOWN,26.0,15.0,4.0,8.0,53.0,RTOChowk,r1,r1_16.csv,MEDIUM,67.5,35
1900-01-01 10:25:00,LEFT,0.0,0.0,0.0,0.0,0.0,RTOChowk,r1,r1_16.csv,LOW,0.0,15
1900-01-01 10:25:00,RIGHT,20.0,13.0,3.0,3.0,39.0,RTOChowk,r1,r1_16.csv,MEDIUM,43.0,27
1900-01-01 10:25:00,UP,0.0,0.0,0.0,0.0,0.0,RTOChowk,r1,r1_16.csv,LOW,0.0,15
1900-01-01 10:30:00,DOWN,24.0,12.0,2.0,10.0,48.0,RTOChowk,r1,r1_16.csv,MEDIUM,65.0,34
1900-01-01 10:30:00,LEFT,0.0,0.0,0.0,0.0,0.0,RTOChowk,r1,r1_16.csv,LOW,0.0,15
1900-01-01 10:30:00,RIGHT,7.0,12.0,3.0,5.0,27.0,RTOChowk,r1,r1_16.csv,MEDIUM,35.5,25
1900-01-01 10:30:00,UP,0.0,0.0,0.0,0.0,0.0,RTOChowk,r1,r1_16.csv,LOW,0.0,15
1900-01-01 10:35:00,DOWN,30.0,11.0,3.0,10.0,54.0,RTOChowk,r1,r1_16.csv,MEDIUM,73.0,36
1900-01-01 10:35:00,LEFT,0.0,0.0,0.0,0.0,0.0,RTOChowk,r1,r1_16.csv,LOW,0.0,15
1900-01-01 10:35:00,RIGHT,14.0,11.0,1.0,2.0,28.0,RTOChowk,r1,r1_16.csv,MEDIUM,28.0,23
1900-01-01 10:35:00,UP,1.0,0.0,0.0,0.0,1.0,RTOChowk,r1,r1_16.csv,LOW,1.0,15
1900-01-01 10:40:00,DOWN,26.0,3.0,2.0,6.0,37.0,RTOChowk,r1,r1_16.csv,MEDIUM,50.5,30
1900-01-01 10:40:00,LEFT,1.0,0.0,0.0,0.0,1.0,RTOChowk,r1,r1_16.csv,LOW,1.0,15
1900-01-01 10:40:00,RIGHT,18.0,6.0,0.0,4.0,28.0,RTOChowk,r1,r1_16.csv,MEDIUM,33.0,25
1900-01-01 10:40:00,UP,0.0,0.0,0.0,0.0,0.0,RTOChowk,r1,r1_16.csv,LOW,0.0,15
1900-01-01 10:45:00,DOWN,26.0,14.0,5.0,5.0,50.0,RTOChowk,r1,r1_16.csv,MEDIUM,60.5,33
1900-01-01 10:45:00,LEFT,0.0,0.0,0.0,0.0,0.0,RTOChowk,r1,r1_16.csv,LOW,0.0,15
1900-01-01 10:45:00,RIGHT,9.0,4.0,2.0,4.0,19.0,RTOChowk,r1,r1_16.csv,MEDIUM,28.0,23
1900-01-01 10:45:00,UP,3.0,0.0,0.0,0.0,3.0,RTOChowk,r1,r1_16.csv,LOW,3.0,16
1900-01-01 10:50:00,DOWN,24.0,8.0,11.0,6.0,49.0,RTOChowk,r1,r1_16.csv,MEDIUM,73.5,36
1900-01-01 10:50:00,LEFT,0.0,0.0,0.0,0.0,0.0,RTOChowk,r1,r1_16.csv,LOW,0.0,15
1900-01-01 10:50:00,RIGHT,19.0,7.0,2.0,5.0,33.0,RTOChowk,r1,r1_16.csv,MEDIUM,42.5,27
1900-01-01 10:50:00,UP,1.0,0.0,0.0,0.0,1.0,RTOChowk,r1,r1_16.csv,LOW,1.0,15
1900-01-01 10:55:00,DOWN,56.0,8.0,14.0,9.0,87.0,RTOChowk,r1,r1_16.csv,HIGH,122.0,50
1900-01-01 10:55:00,LEFT,0.0,0.0,0.0,1.0,1.0,RTOChowk,r1,r1_16.csv,LOW,3.0,16
1900-01-01 10:55:00,RIGHT,17.0,7.0,2.0,2.0,28.0,RTOChowk,r1,r1_16.csv,MEDIUM,31.5,24
1900-01-01 10:55:00,UP,0.0,0.0,0.0,0.0,0.0,RTOChowk,r1,r1_16.csv,LOW,0.0,15
1900-01-01 11:00:00,DOWN,38.0,6.0,10.0,5.0,59.0,RTOChowk,r1,r1_16.csv,MEDIUM,81.0,38
1900-01-01 11:00:00,LEFT,0.0,0.0,0.0,0.0,0.0,RTOChowk,r1,r1_16.csv,LOW,0.0,15
1900-01-01 11:00:00,RIGHT,10.0,5.0,2.0,4.0,21.0,RTOChowk,r1,r1_16.csv,MEDIUM,29.5,24
1900-01-01 11:00:00,UP,0.0,0.0,0.0,0.0,0.0,RTOChowk,r1,r1_16.csv,LOW,0.0,15
1900-01-01 11:05:00,DOWN,31.0,13.0,9.0,16.0,69.0,RTOChowk,r1,r1_16.csv,MEDIUM,108.0,46
1900-01-01 11:05:00,LEFT,1.0,0.0,0.0,0.0,1.0,RTOChowk,r1,r1_16.csv,LOW,1.0,15
1900-01-01 11:05:00,RIGHT,12.0,13.0,4.0,3.0,32.0,RTOChowk,r1,r1_16.csv,MEDIUM,37.5,26
1900-01-01 11:05:00,UP,0.0,0.0,0.0,0.0,0.0,RTOChowk,r1,r1_16.csv,LOW,0.0,15
1900-01-01 11:10:00,DOWN,42.0,20.0,5.0,12.0,79.0,RTOChowk,r1,r1_16.csv,HIGH,100.5,44
1900-01-01 11:10:00,LEFT,0.0,0.0,0.0,0.0,0.0,RTOChowk,r1,r1_16.csv,LOW,0.0,15
1900-01-01 11:10:00,RIGHT,8.0,12.0,1.0,6.0,27.0,RTOChowk,r1,r1_16.csv,MEDIUM,34.5,25
1900-01-01 11:10:00,UP,0.0,0.0,0.0,1.0,1.0,RTOChowk,r1,r1_16.csv,LOW,3.0,16
1900-01-01 11:15:00,DOWN,24.0,8.0,5.0,6.0,43.0,RTOChowk,r1,r1_16.csv,MEDIUM,58.5,32
1900-01-01 11:15:00,LEFT,0.0,0.0,0.0,0.0,0.0,RTOChowk,r1,r1_16.csv,LOW,0.0,15
1900-01-01 11:15:00,RIGHT,9.0,5.0,2.0,1.0,17.0,RTOChowk,r1,r1_16.csv,MEDIUM,19.5,21
1900-01-01 11:15:00,UP,0.0,0.0,0.0,0.0,0.0,RTOChowk,r1,r1_16.csv,LOW,0.0,15
1900-01-01 11:20:00,DOWN,19.0,28.0,2.0,7.0,56.0,RTOChowk,r1,r1_16.csv,MEDIUM,59.0,32
1900-01-01 11:20:00,LEFT,1.0,0.0,0.0,0.0,1.0,RTOChowk,r1,r1_16.csv,LOW,1.0,15
1900-01-01 11:20:00,RIGHT,10.0,12.0,2.0,3.0,27.0,RTOChowk,r1,r1_16.csv,MEDIUM,30.0,24
1900-01-01 11:20:00,UP,1.0,1.0,0.0,0.0,2.0,RTOChowk,r1,r1_16.csv,LOW,1.5,15
1900-01-01 08:55:00,DOWN,0.0,0.0,0.0,0.0,0.0,RTOChowk,r1,r1_17.csv,LOW,0.0,15
1900-01-01 08:55:00,LEFT,0.0,0.0,0.0,0.0,0.0,RTOChowk,r1,r1_17.csv,LOW,0.0,15
1900-01-01 08:55:00,RIGHT,0.0,0.0,0.0,0.0,0.0,RTOChowk,r1,r1_17.csv,LOW,0.0,15
1900-01-01 08:55:00,UP,0.0,0.0,0.0,0.0,0.0,RTOChowk,r1,r1_17.csv,LOW,0.0,15
1900-01-01 09:00:00,DOWN,33.0,28.0,9.0,13.0,83.0,RTOChowk,r1,r1_17.csv,HIGH,108.5,46
1900-01-01 09:00:00,LEFT,0.0,0.0,0.0,0.0,0.0,RTOChowk,r1,r1_17.csv,LOW,0.0,15
1900-01-01 09:00:00,RIGHT,11.0,18.0,1.0,11.0,41.0,RTOChowk,r1,r1_17.csv,MEDIUM,55.5,31
1900-01-01 09:00:00,UP,3.0,0.0,0.0,0.0,3.0,RTOChowk,r1,r1_17.csv,LOW,3.0,16
1900-01-01 09:05:00,DOWN,29.0,34.0,5.0,11.0,79.0,RTOChowk,r1,r1_17.csv,HIGH,91.5,41
1900-01-01 09:05:00,LEFT,0.0,0.0,0.0,0.0,0.0,RTOChowk,r1,r1_17.csv,LOW,0.0,15
1900-01-01 09:05:00,RIGHT,16.0,8.0,2.0,3.0,29.0,RTOChowk,r1,r1_17.csv,MEDIUM,34.0,25
1900-01-01 09:05:00,UP,0.0,0.0,0.0,0.0,0.0,RTOChowk,r1,r1_17.csv,LOW,0.0,15
1900-01-01 09:10:00,DOWN,33.0,31.0,13.0,16.0,93.0,RTOChowk,r1,r1_17.csv,HIGH,129.0,52
1900-01-01 09:10:00,LEFT,0.0,0.0,0.0,0.0,0.0,RTOChowk,r1,r1_17.csv,LOW,0.0,15
1900-01-01 09:10:00,RIGHT,10.0,21.0,3.0,7.0,41.0,RTOChowk,r1,r1_17.csv,MEDIUM,49.0,29
1900-01-01 09:10:00,UP,1.0,0.0,1.0,1.0,3.0,RTOChowk,r1,r1_17.csv,LOW,6.5,17
1900-01-01 09:15:00,DOWN,25.0,47.0,13.0,10.0,95.0,RTOChowk,r1,r1_17.csv,HIGH,111.0,47
1900-01-01 09:15:00,LEFT,0.0,0.0,0.0,0.0,0.0,RTOChowk,r1,r1_17.csv,LOW,0.0,15
1900-01-01 09:15:00,RIGHT,8.0,25.0,2.0,13.0,48.0,RTOChowk,r1,r1_17.csv,MEDIUM,64.5,34
1900-01-01 09:15:00,UP,1.0,0.0,1.0,0.0,2.0,RTOChowk,r1,r1_17.csv,LOW,3.5,16
1900-01-01 09:20:00,DOWN,32.0,22.0,12.0,19.0,85.0,RTOChowk,r1,r1_17.csv,HIGH,130.0,53
1900-01-01 09:20:00,LEFT,0.0,0.0,0.0,0.0,0.0,RTOChowk,r1,r1_17.csv,LOW,0.0,15
1900-01-01 09:20:00,RIGHT,12.0,14.0,2.0,9.0,37.0,RTOChowk,r1,r1_17.csv,MEDIUM,51.0,30
1900-01-01 09:20:00,UP,0.0,0.0,0.0,0.0,0.0,RTOChowk,r1,r1_17.csv,LOW,0.0,15
1900-01-01 09:25:00,DOWN,34.0,28.0,11.0,11.0,84.0,RTOChowk,r1,r1_17.csv,HIGH,108.5,46
1900-01-01 09:25:00,LEFT,0.0,0.0,0.0,0.0,0.0,RTOChowk,r1,r1_17.csv,LOW,0.0,15
1900-01-01 09:25:00,RIGHT,23.0,15.0,2.0,5.0,45.0,RTOChowk,r1,r1_17.csv,MEDIUM,50.5,30
1900-01-01 09:25:00,UP,0.0,0.0,0.0,0.0,0.0,RTOChowk,r1,r1_17.csv,LOW,0.0,15
1900-01-01 09:30:00,DOWN,33.0,29.0,14.0,10.0,86.0,RTOChowk,r1,r1_17.csv,HIGH,112.5,48
1900-01-01 09:30:00,LEFT,0.0,0.0,0.0,0.0,0.0,RTOChowk,r1,r1_17.csv,LOW,0.0,15
1900-01-01 09:30:00,RIGHT,15.0,12.0,2.0,11.0,40.0,RTOChowk,r1,r1_17.csv,MEDIUM,59.0,32
1900-01-01 09:30:00,UP,0.0,0.0,0.0,0.0,0.0,RTOChowk,r1,r1_17.csv,LOW,0.0,15
1900-01-01 09:35:00,DOWN,33.0,26.0,14.0,13.0,86.0,RTOChowk,r1,r1_17.csv,HIGH,120.0,50
1900-01-01 09:35:00,LEFT,1.0,0.0,0.0,1.0,2.0,RTOChowk,r1,r1_17.csv,LOW,4.0,16
1900-01-01 09:35:00,RIGHT,11.0,18.0,3.0,16.0,48.0,RTOChowk,r1,r1_17.csv,MEDIUM,75.5,37
1900-01-01 09:35:00,UP,0.0,0.0,0.0,1.0,1.0,RTOChowk,r1,r1_17.csv,LOW,3.0,16
1900-01-01 09:40:00,DOWN,29.0,33.0,15.0,14.0,91.0,RTOChowk,r1,r1_17.csv,HIGH,125.0,51
1900-01-01 09:40:00,LEFT,0.0,0.0,0.0,0.0,0.0,RTOChowk,r1,r1_17.csv,LOW,0.0,15
1900-01-01 09:40:00,RIGHT,10.0,15.0,3.0,6.0,34.0,RTOChowk,r1,r1_17.csv,MEDIUM,43.0,27
1900-01-01 09:40:00,UP,0.0,0.0,0.0,1.0,1.0,RTOChowk,r1,r1_17.csv,LOW,3.0,16
1900-01-01 09:45:00,DOWN,22.0,25.0,8.0,17.0,72.0,RTOChowk,r1,r1_17.csv,MEDIUM,105.5,46
1900-01-01 09:45:00,LEFT,0.0,0.0,0.0,0.0,0.0,RTOChowk,r1,r1_17.csv,LOW,0.0,15
1900-01-01 09:45:00,RIGHT,12.0,20.0,5.0,10.0,47.0,RTOChowk,r1,r1_17.csv,MEDIUM,64.5,34
1900-01-01 09:45:00,UP,0.0,0.0,0.0,1.0,1.0,RTOChowk,r1,r1_17.csv,LOW,3.0,16
1900-01-01 09:50:00,DOWN,29.0,30.0,12.0,13.0,84.0,RTOChowk,r1,r1_17.csv,HIGH,113.0,48
1900-01-01 09:50:00,LEFT,1.0,0.0,0.0,0.0,1.0,RTOChowk,r1,r1_17.csv,LOW,1.0,15
1900-01-01 09:50:00,RIGHT,17.0,19.0,3.0,8.0,47.0,RTOChowk,r1,r1_17.csv,MEDIUM,58.0,32
1900-01-01 09:50:00,UP,0.0,0.0,0.0,0.0,0.0,RTOChowk,r1,r1_17.csv,LOW,0.0,15
1900-01-01 09:55:00,DOWN,35.0,29.0,10.0,12.0,86.0,RTOChowk,r1,r1_17.csv,HIGH,110.5,47
1900-01-01 09:55:00,LEFT,0.0,0.0,0.0,0.0,0.0,RTOChowk,r1,r1_17.csv,LOW,0.0,15
1900-01-01 09:55:00,RIGHT,17.0,20.0,5.0,6.0,48.0,RTOChowk,r1,r1_17.csv,MEDIUM,57.5,32
1900-01-01 09:55:00,UP,1.0,0.0,0.0,0.0,1.0,RTOChowk,r1,r1_17.csv,LOW,1.0,15
1900-01-01 10:00:00,DOWN,29.0,36.0,13.0,17.0,95.0,RTOChowk,r1,r1_17.csv,HIGH,130.5,53
1900-01-01 10:00:00,LEFT,0.0,0.0,0.0,0.0,0.0,RTOChowk,r1,r1_17.csv,LOW,0.0,15
1900-01-01 10:00:00,RIGHT,22.0,21.0,6.0,6.0,55.0,RTOChowk,r1,r1_17.csv,MEDIUM,65.5,34
1900-01-01 10:00:00,UP,1.0,0.0,1.0,0.0,2.0,RTOChowk,r1,r1_17.csv,LOW,3.5,16
1900-01-01 10:05:00,DOWN,44.0,45.0,10.0,11.0,110.0,RTOChowk,r1,r1_17.csv,HIGH,124.5,51
1900-01-01 10:05:00,LEFT,0.0,0.0,0.0,0.0,0.0,RTOChowk,r1,r1_17.csv,LOW,0.0,15
1900-01-01 10:05:00,RIGHT,20.0,12.0,5.0,4.0,41.0,RTOChowk,r1,r1_17.csv,MEDIUM,50.5,30
1900-01-01 10:05:00,UP,0.0,0.0,0.0,0.0,0.0,RTOChowk,r1,r1_17.csv,LOW,0.0,15
1900-01-01 10:10:00,DOWN,42.0,32.0,8.0,9.0,91.0,RTOChowk,r1,r1_17.csv,HIGH,105.0,45
1900-01-01 10:10:00,LEFT,0.0,0.0,0.0,0.0,0.0,RTOChowk,r1,r1_17.csv,LOW,0.0,15
1900-01-01 10:10:00,RIGHT,16.0,14.0,3.0,11.0,44.0,RTOChowk,r1,r1_17.csv,MEDIUM,63.5,33
1900-01-01 10:10:00,UP,0.0,1.0,0.0,0.0,1.0,RTOChowk,r1,r1_17.csv,LOW,0.5,15
1900-01-01 10:15:00,DOWN,27.0,35.0,10.0,11.0,83.0,RTOChowk,r1,r1_17.csv,HIGH,102.5,45
1900-01-01 10:15:00,LEFT,0.0,0.0,0.0,1.0,1.0,RTOChowk,r1,r1_17.csv,LOW,3.0,16
1900-01-01 10:15:00,RIGHT,17.0,18.0,1.0,12.0,48.0,RTOChowk,r1,r1_17.csv,MEDIUM,64.5,34
1900-01-01 10:15:00,UP,0.0,0.0,0.0,0.0,0.0,RTOChowk,r1,r1_17.csv,LOW,0.0,15
1900-01-01 10:20:00,DOWN,25.0,27.0,5.0,8.0,65.0,RTOChowk,r1,r1_17.csv,MEDIUM,75.0,37
1900-01-01 10:20:00,LEFT,0.0,0.0,0.0,0.0,0.0,RTOChowk,r1,r1_17.csv,LOW,0.0,15
1900-01-01 10:20:00,RIGHT,12.0,13.0,4.0,7.0,36.0,RTOChowk,r1,r1_17.csv,MEDIUM,49.5,29
1900-01-01 10:20:00,UP,0.0,1.0,0.0,0.0,1.0,RTOChowk,r1,r1_17.csv,LOW,0.5,15
1900-01-01 10:25:00,DOWN,26.0,39.0,11.0,9.0,85.0,RTOChowk,r1,r1_17.csv,HIGH,100.0,44
1900-01-01 10:25:00,LEFT,1.0,0.0,0.0,0.0,1.0,RTOChowk,r1,r1_17.csv,LOW,1.0,15
1900-01-01 10:25:00,RIGHT,17.0,28.0,3.0,12.0,60.0,RTOChowk,r1,r1_17.csv,MEDIUM,74.5,37
1900-01-01 10:25:00,UP,0.0,0.0,0.0,0.0,0.0,RTOChowk,r1,r1_17.csv,LOW,0.0,15
1900-01-01 10:30:00,DOWN,31.0,21.0,9.0,2.0,63.0,RTOChowk,r1,r1_17.csv,MEDIUM,70.0,35
1900-01-01 10:30:00,LEFT,0.0,0.0,0.0,0.0,0.0,RTOChowk,r1,r1_17.csv,LOW,0.0,15
1900-01-01 10:30:00,RIGHT,21.0,8.0,1.0,12.0,42.0,RTOChowk,r1,r1_17.csv,MEDIUM,63.5,33
1900-01-01 10:30:00,UP,1.0,0.0,0.0,0.0,1.0,RTOChowk,r1,r1_17.csv,LOW,1.0,15
1900-01-01 10:35:00,DOWN,29.0,23.0,9.0,6.0,67.0,RTOChowk,r1,r1_17.csv,MEDIUM,81.0,38
1900-01-01 10:35:00,LEFT,0.0,0.0,0.0,0.0,0.0,RTOChowk,r1,r1_17.csv,LOW,0.0,15
1900-01-01 10:35:00,RIGHT,6.0,8.0,1.0,10.0,25.0,RTOChowk,r1,r1_17.csv,MEDIUM,42.5,27
1900-01-01 10:35:00,UP,0.0,0.0,0.0,0.0,0.0,RTOChowk,r1,r1_17.csv,LOW,0.0,15
1900-01-01 10:40:00,DOWN,34.0,22.0,11.0,14.0,81.0,RTOChowk,r1,r1_17.csv,HIGH,114.5,48
1900-01-01 10:40:00,LEFT,0.0,0.0,0.0,0.0,0.0,RTOChowk,r1,r1_17.csv,LOW,0.0,15
1900-01-01 10:40:00,RIGHT,17.0,12.0,3.0,14.0,46.0,RTOChowk,r1,r1_17.csv,MEDIUM,72.5,36
1900-01-01 10:40:00,UP,0.0,0.0,0.0,0.0,0.0,RTOChowk,r1,r1_17.csv,LOW,0.0,15
1900-01-01 10:45:00,DOWN,37.0,25.0,7.0,17.0,86.0,RTOChowk,r1,r1_17.csv,HIGH,118.0,49
1900-01-01 10:45:00,LEFT,0.0,0.0,0.0,0.0,0.0,RTOChowk,r1,r1_17.csv,LOW,0.0,15
1900-01-01 10:45:00,RIGHT,12.0,21.0,0.0,11.0,44.0,RTOChowk,r1,r1_17.csv,MEDIUM,55.5,31
1900-01-01 10:45:00,UP,0.0,0.0,0.0,0.0,0.0,RTOChowk,r1,r1_17.csv,LOW,0.0,15
1900-01-01 10:50:00,DOWN,35.0,22.0,9.0,20.0,86.0,RTOChowk,r1,r1_17.csv,HIGH,128.5,52
1900-01-01 10:50:00,LEFT,0.0,1.0,0.0,0.0,1.0,RTOChowk,r1,r1_17.csv,LOW,0.5,15
1900-01-01 10:50:00,RIGHT,11.0,7.0,3.0,9.0,30.0,RTOChowk,r1,r1_17.csv,MEDIUM,49.0,29
1900-01-01 10:50:00,UP,0.0,0.0,0.0,0.0,0.0,RTOChowk,r1,r1_17.csv,LOW,0.0,15
1900-01-01 10:55:00,DOWN,38.0,21.0,11.0,9.0,79.0,RTOChowk,r1,r1_17.csv,HIGH,103.0,45
1900-01-01 10:55:00,LEFT,1.0,0.0,0.0,0.0,1.0,RTOChowk,r1,r1_17.csv,LOW,1.0,15
1900-01-01 10:55:00,RIGHT,21.0,26.0,3.0,12.0,62.0,RTOChowk,r1,r1_17.csv,MEDIUM,77.5,37
1900-01-01 10:55:00,UP,0.0,0.0,0.0,0.0,0.0,RTOChowk,r1,r1_17.csv,LOW,0.0,15
1900-01-01 11:00:00,DOWN,31.0,21.0,4.0,22.0,78.0,RTOChowk,r1,r1_17.csv,HIGH,117.5,49
1900-01-01 11:00:00,LEFT,0.0,0.0,0.0,0.0,0.0,RTOChowk,r1,r1_17.csv,LOW,0.0,15
1900-01-01 11:00:00,RIGHT,23.0,17.0,5.0,14.0,59.0,RTOChowk,r1,r1_17.csv,MEDIUM,86.0,40
1900-01-01 11:00:00,UP,2.0,0.0,0.0,0.0,2.0,RTOChowk,r1,r1_17.csv,LOW,2.0,16
1900-01-01 11:05:00,DOWN,47.0,18.0,8.0,16.0,89.0,RTOChowk,r1,r1_17.csv,HIGH,124.0,51
1900-01-01 11:05:00,LEFT,0.0,0.0,0.0,0.0,0.0,RTOChowk,r1,r1_17.csv,LOW,0.0,15
1900-01-01 11:05:00,RIGHT,13.0,9.0,2.0,11.0,35.0,RTOChowk,r1,r1_17.csv,MEDIUM,55.5,31
1900-01-01 11:05:00,UP,0.0,0.0,0.0,0.0,0.0,RTOChowk,r1,r1_17.csv,LOW,0.0,15
1900-01-01 11:10:00,DOWN,40.0,34.0,2.0,18.0,94.0,RTOChowk,r1,r1_17.csv,HIGH,116.0,49
1900-01-01 11:10:00,LEFT,0.0,0.0,0.0,0.0,0.0,RTOChowk,r1,r1_17.csv,LOW,0.0,15
1900-01-01 11:10:00,RIGHT,19.0,29.0,0.0,13.0,61.0,RTOChowk,r1,r1_17.csv,MEDIUM,72.5,36
1900-01-01 11:10:00,UP,1.0,1.0,0.0,0.0,2.0,RTOChowk,r1,r1_17.csv,LOW,1.5,15
1900-01-01 11:15:00,DOWN,40.0,24.0,7.0,14.0,85.0,RTOChowk,r1,r1_17.csv,HIGH,111.5,47
1900-01-01 11:15:00,LEFT,0.0,0.0,0.0,0.0,0.0,RTOChowk,r1,r1_17.csv,LOW,0.0,15
1900-01-01 11:15:00,RIGHT,20.0,22.0,0.0,7.0,49.0,RTOChowk,r1,r1_17.csv,MEDIUM,52.0,30
1900-01-01 11:15:00,UP,0.0,0.0,0.0,0.0,0.0,RTOChowk,r1,r1_17.csv,LOW,0.0,15
1900-01-01 11:20:00,DOWN,25.0,13.0,5.0,15.0,58.0,RTOChowk,r1,r1_17.csv,MEDIUM,89.0,41
1900-01-01 11:20:00,LEFT,1.0,0.0,0.0,0.0,1.0,RTOChowk,r1,r1_17.csv,LOW,1.0,15
1900-01-01 11:20:00,RIGHT,10.0,7.0,2.0,6.0,25.0,RTOChowk,r1,r1_17.csv,MEDIUM,36.5,26
1900-01-01 11:20:00,UP,0.0,2.0,0.0,0.0,2.0,RTOChowk,r1,r1_17.csv,LOW,1.0,15
1900-01-01 11:25:00,DOWN,23.0,24.0,7.0,12.0,66.0,RTOChowk,r1,r1_17.csv,MEDIUM,88.5,41
1900-01-01 11:25:00,LEFT,0.0,0.0,0.0,0.0,0.0,RTOChowk,r1,r1_17.csv,LOW,0.0,15
1900-01-01 11:25:00,RIGHT,12.0,22.0,0.0,6.0,40.0,RTOChowk,r1,r1_17.csv,MEDIUM,41.0,27
1900-01-01 11:25:00,UP,1.0,0.0,0.0,0.0,1.0,RTOChowk,r1,r1_17.csv,LOW,1.0,15
1900-01-01 08:55:00,DOWN,0.0,0.0,0.0,1.0,1.0,RTOChowk,r1,r1_15.csv,LOW,3.0,16
1900-01-01 08:55:00,LEFT,0.0,0.0,0.0,0.0,0.0,RTOChowk,r1,r1_15.csv,LOW,0.0,15
1900-01-01 08:55:00,RIGHT,0.0,0.0,0.0,1.0,1.0,RTOChowk,r1,r1_15.csv,LOW,3.0,16
1900-01-01 08:55:00,UP,0.0,0.0,0.0,0.0,0.0,RTOChowk,r1,r1_15.csv,LOW,0.0,15
1900-01-01 09:00:00,DOWN,38.0,30.0,18.0,9.0,95.0,RTOChowk,r1,r1_15.csv,HIGH,125.0,51
1900-01-01 09:00:00,LEFT,0.0,0.0,0.0,0.0,0.0,RTOChowk,r1,r1_15.csv,LOW,0.0,15
1900-01-01 09:00:00,RIGHT,14.0,5.0,2.0,8.0,29.0,RTOChowk,r1,r1_15.csv,MEDIUM,45.5,28
1900-01-01 09:00:00,UP,0.0,0.0,0.0,0.0,0.0,RTOChowk,r1,r1_15.csv,LOW,0.0,15
1900-01-01 09:05:00,DOWN,47.0,49.0,7.0,12.0,115.0,RTOChowk,r1,r1_15.csv,HIGH,125.0,51
1900-01-01 09:05:00,LEFT,0.0,0.0,0.0,0.0,0.0,RTOChowk,r1,r1_15.csv,LOW,0.0,15
1900-01-01 09:05:00,RIGHT,8.0,25.0,3.0,5.0,41.0,RTOChowk,r1,r1_15.csv,MEDIUM,43.0,27
1900-01-01 09:05:00,UP,0.0,0.0,0.0,0.0,0.0,RTOChowk,r1,r1_15.csv,LOW,0.0,15
1900-01-01 09:10:00,DOWN,46.0,47.0,12.0,9.0,114.0,RTOChowk,r1,r1_15.csv,HIGH,126.5,52
1900-01-01 09:10:00,LEFT,0.0,0.0,0.0,0.0,0.0,RTOChowk,r1,r1_15.csv,LOW,0.0,15
1900-01-01 09:10:00,RIGHT,12.0,14.0,2.0,5.0,33.0,RTOChowk,r1,r1_15.csv,MEDIUM,39.0,26
1900-01-01 09:10:00,UP,1.0,0.0,0.0,0.0,1.0,RTOChowk,r1,r1_15.csv,LOW,1.0,15
1900-01-01 09:15:00,DOWN,29.0,46.0,13.0,8.0,96.0,RTOChowk,r1,r1_15.csv,HIGH,108.5,46
1900-01-01 09:15:00,LEFT,0.0,0.0,0.0,0.0,0.0,RTOChowk,r1,r1_15.csv,LOW,0.0,15
1900-01-01 09:15:00,RIGHT,12.0,12.0,2.0,3.0,29.0,RTOChowk,r1,r1_15.csv,MEDIUM,32.0,24
1900-01-01 09:15:00,UP,0.0,0.0,0.0,0.0,0.0,RTOChowk,r1,r1_15.csv,LOW,0.0,15
1900-01-01 09:20:00,DOWN,40.0,20.0,14.0,7.0,81.0,RTOChowk,r1,r1_15.csv,HIGH,106.0,46
1900-01-01 09:20:00,LEFT,0.0,0.0,0.0,0.0,0.0,RTOChowk,r1,r1_15.csv,LOW,0.0,15
1900-01-01 09:20:00,RIGHT,13.0,20.0,2.0,3.0,38.0,RTOChowk,r1,r1_15.csv,MEDIUM,37.0,26
1900-01-01 09:20:00,UP,1.0,0.0,0.0,0.0,1.0,RTOChowk,r1,r1_15.csv,LOW,1.0,15
1900-01-01 09:25:00,DOWN,32.0,39.0,8.0,17.0,96.0,RTOChowk,r1,r1_15.csv,HIGH,122.5,50
1900-01-01 09:25:00,LEFT,1.0,1.0,0.0,0.0,2.0,RTOChowk,r1,r1_15.csv,LOW,1.5,15
1900-01-01 09:25:00,RIGHT,11.0,25.0,5.0,10.0,51.0,RTOChowk,r1,r1_15.csv,MEDIUM,66.0,34
1900-01-01 09:25:00,UP,0.0,0.0,0.0,0.0,0.0,RTOChowk,r1,r1_15.csv,LOW,0.0,15
1900-01-01 09:30:00,DOWN,49.0,44.0,15.0,20.0,128.0,RTOChowk,r1,r1_15.csv,HIGH,168.5,60
1900-01-01 09:30:00,LEFT,0.0,0.0,0.0,0.0,0.0,RTOChowk,r1,r1_15.csv,LOW,0.0,15
1900-01-01 09:30:00,RIGHT,24.0,21.0,4.0,15.0,64.0,RTOChowk,r1,r1_15.csv,MEDIUM,89.5,41
1900-01-01 09:30:00,UP,0.0,0.0,0.0,1.0,1.0,RTOChowk,r1,r1_15.csv,LOW,3.0,16
1900-01-01 09:35:00,DOWN,43.0,37.0,8.0,12.0,100.0,RTOChowk,r1,r1_15.csv,HIGH,117.5,49
1900-01-01 09:35:00,LEFT,1.0,0.0,0.0,0.0,1.0,RTOChowk,r1,r1_15.csv,LOW,1.0,15
1900-01-01 09:35:00,RIGHT,13.0,22.0,5.0,7.0,47.0,RTOChowk,r1,r1_15.csv,MEDIUM,57.5,32
1900-01-01 09:35:00,UP,1.0,0.0,0.0,0.0,1.0,RTOChowk,r1,r1_15.csv,LOW,1.0,15
1900-01-01 09:40:00,DOWN,40.0,45.0,15.0,13.0,113.0,RTOChowk,r1,r1_15.csv,HIGH,139.0,55
1900-01-01 09:40:00,LEFT,2.0,0.0,0.0,0.0,2.0,RTOChowk,r1,r1_15.csv,LOW,2.0,16
1900-01-01 09:40:00,RIGHT,22.0,37.0,0.0,6.0,65.0,RTOChowk,r1,r1_15.csv,MEDIUM,58.5,32
1900-01-01 09:40:00,UP,0.0,0.0,0.0,0.0,0.0,RTOChowk,r1,r1_15.csv,LOW,0.0,15
1900-01-01 09:45:00,DOWN,44.0,28.0,12.0,8.0,92.0,RTOChowk,r1,r1_15.csv,HIGH,112.0,47
1900-01-01 09:45:00,LEFT,1.0,0.0,0.0,0.0,1.0,RTOChowk,r1,r1_15.csv,LOW,1.0,15
1900-01-01 09:45:00,RIGHT,14.0,23.0,0.0,5.0,42.0,RTOChowk,r1,r1_15.csv,MEDIUM,40.5,27
1900-01-01 09:45:00,UP,2.0,1.0,0.0,0.0,3.0,RTOChowk,r1,r1_15.csv,LOW,2.5,16
1900-01-01 09:50:00,DOWN,22.0,30.0,9.0,10.0,71.0,RTOChowk,r1,r1_15.csv,MEDIUM,89.5,41
1900-01-01 09:50:00,LEFT,0.0,0.0,0.0,0.0,0.0,RTOChowk,r1,r1_15.csv,LOW,0.0,15
1900-01-01 09:50:00,RIGHT,13.0,7.0,3.0,2.0,25.0,RTOChowk,r1,r1_15.csv,MEDIUM,30.0,24
1900-01-01 09:50:00,UP,0.0,0.0,0.0,0.0,0.0,RTOChowk,r1,r1_15.csv,LOW,0.0,15
1900-01-01 09:55:00,DOWN,32.0,52.0,8.0,13.0,105.0,RTOChowk,r1,r1_15.csv,HIGH,117.0,49
1900-01-01 09:55:00,LEFT,1.0,0.0,0.0,0.0,1.0,RTOChowk,r1,r1_15.csv,LOW,1.0,15
1900-01-01 09:55:00,RIGHT,13.0,24.0,1.0,5.0,43.0,RTOChowk,r1,r1_15.csv,MEDIUM,42.5,27
1900-01-01 09:55:00,UP,0.0,0.0,0.0,0.0,0.0,RTOChowk,r1,r1_15.csv,LOW,0.0,15
1900-01-01 10:00:00,DOWN,32.0,36.0,6.0,19.0,93.0,RTOChowk,r1,r1_15.csv,HIGH,122.0,50
1900-01-01 10:00:00,LEFT,0.0,0.0,0.0,0.0,0.0,RTOChowk,r1,r1_15.csv,LOW,0.0,15
1900-01-01 10:00:00,RIGHT,15.0,18.0,2.0,7.0,42.0,RTOChowk,r1,r1_15.csv,MEDIUM,50.0,29
1900-01-01 10:00:00,UP,0.0,0.0,0.0,0.0,0.0,RTOChowk,r1,r1_15.csv,LOW,0.0,15
1900-01-01 10:05:00,DOWN,37.0,40.0,8.0,15.0,100.0,RTOChowk,r1,r1_15.csv,HIGH,122.0,50
1900-01-01 10:05:00,LEFT,1.0,0.0,0.0,0.0,1.0,RTOChowk,r1,r1_15.csv,LOW,1.0,15
1900-01-01 10:05:00,RIGHT,10.0,23.0,2.0,2.0,37.0,RTOChowk,r1,r1_15.csv,MEDIUM,32.5,24
1900-01-01 10:05:00,UP,3.0,0.0,0.0,1.0,4.0,RTOChowk,r1,r1_15.csv,LOW,6.0,17
1900-01-01 10:10:00,DOWN,49.0,36.0,3.0,18.0,106.0,RTOChowk,r1,r1_15.csv,HIGH,128.5,52
1900-01-01 10:10:00,LEFT,0.0,0.0,0.0,0.0,0.0,RTOChowk,r1,r1_15.csv,LOW,0.0,15
1900-01-01 10:10:00,RIGHT,13.0,22.0,2.0,7.0,44.0,RTOChowk,r1,r1_15.csv,MEDIUM,50.0,29
1900-01-01 10:10:00,UP,0.0,0.0,0.0,0.0,0.0,RTOChowk,r1,r1_15.csv,LOW,0.0,15
1900-01-01 10:15:00,DOWN,40.0,38.0,12.0,19.0,109.0,RTOChowk,r1,r1_15.csv,HIGH,146.0,57
1900-01-01 10:15:00,LEFT,0.0,0.0,0.0,0.0,0.0,RTOChowk,r1,r1_15.csv,LOW,0.0,15
1900-01-01 10:15:00,RIGHT,20.0,15.0,3.0,3.0,41.0,RTOChowk,r1,r1_15.csv,MEDIUM,44.0,28
1900-01-01 10:15:00,UP,0.0,0.0,0.0,1.0,1.0,RTOChowk,r1,r1_15.csv,LOW,3.0,16
1900-01-01 10:20:00,DOWN,36.0,22.0,8.0,8.0,74.0,RTOChowk,r1,r1_15.csv,MEDIUM,91.0,41
1900-01-01 10:20:00,LEFT,0.0,1.0,0.0,0.0,1.0,RTOChowk,r1,r1_15.csv,LOW,0.5,15
1900-01-01 10:20:00,RIGHT,16.0,18.0,0.0,7.0,41.0,RTOChowk,r1,r1_15.csv,MEDIUM,46.0,28
1900-01-01 10:20:00,UP,0.0,0.0,0.0,0.0,0.0,RTOChowk,r1,r1_15.csv,LOW,0.0,15
1900-01-01 10:25:00,DOWN,66.0,33.0,22.0,10.0,131.0,RTOChowk,r1,r1_15.csv,HIGH,167.5,60
1900-01-01 10:25:00,LEFT,0.0,0.0,0.0,0.0,0.0,RTOChowk,r1,r1_15.csv,LOW,0.0,15
1900-01-01 10:25:00,RIGHT,22.0,14.0,4.0,12.0,52.0,RTOChowk,r1,r1_15.csv,MEDIUM,75.0,37
1900-01-01 10:25:00,UP,1.0,0.0,0.0,0.0,1.0,RTOChowk,r1,r1_15.csv,LOW,1.0,15
1900-01-01 10:30:00,DOWN,39.0,41.0,15.0,16.0,111.0,RTOChowk,r1,r1_15.csv,HIGH,145.0,57
1900-01-01 10:30:00,LEFT,0.0,0.0,0.0,0.0,0.0,RTOChowk,r1,r1_15.csv,LOW,0.0,15
1900-01-01 10:30:00,RIGHT,24.0,20.0,5.0,6.0,55.0,RTOChowk,r1,r1_15.csv,MEDIUM,64.5,34
1900-01-01 10:30:00,UP,2.0,0.0,0.0,2.0,4.0,RTOChowk,r1,r1_15.csv,LOW,8.0,17
1900-01-01 10:35:00,DOWN,62.0,34.0,8.0,17.0,121.0,RTOChowk,r1,r1_15.csv,HIGH,150.0,58
1900-01-01 10:35:00,LEFT,0.0,0.0,0.0,0.0,0.0,RTOChowk,r1,r1_15.csv,LOW,0.0,15
1900-01-01 10:35:00,RIGHT,17.0,16.0,3.0,14.0,50.0,RTOChowk,r1,r1_15.csv,MEDIUM,74.5,37
1900-01-01 10:35:00,UP,2.0,0.0,0.0,0.0,2.0,RTOChowk,r1,r1_15.csv,LOW,2.0,16
1900-01-01 10:40:00,DOWN,31.0,31.0,10.0,12.0,84.0,RTOChowk,r1,r1_15.csv,HIGH,107.5,46
1900-01-01 10:40:00,LEFT,2.0,0.0,0.0,0.0,2.0,RTOChowk,r1,r1_15.csv,LOW,2.0,16
1900-01-01 10:40:00,RIGHT,14.0,13.0,1.0,1.0,29.0,RTOChowk,r1,r1_15.csv,MEDIUM,26.0,23
1900-01-01 10:40:00,UP,0.0,0.0,0.0,0.0,0.0,RTOChowk,r1,r1_15.csv,LOW,0.0,15
1900-01-01 10:45:00,DOWN,34.0,18.0,8.0,6.0,66.0,RTOChowk,r1,r1_15.csv,MEDIUM,81.0,38
1900-01-01 10:45:00,LEFT,0.0,0.0,0.0,0.0,0.0,RTOChowk,r1,r1_15.csv,LOW,0.0,15
1900-01-01 10:45:00,RIGHT,10.0,5.0,0.0,1.0,16.0,RTOChowk,r1,r1_15.csv,MEDIUM,15.5,19
1900-01-01 10:45:00,UP,5.0,0.0,0.0,0.0,5.0,RTOChowk,r1,r1_15.csv,MEDIUM,5.0,16
1900-01-01 10:50:00,DOWN,36.0,27.0,18.0,10.0,91.0,RTOChowk,r1,r1_15.csv,HIGH,124.5,51
1900-01-01 10:50:00,LEFT,0.0,0.0,0.0,0.0,0.0,RTOChowk,r1,r1_15.csv,LOW,0.0,15
1900-01-01 10:50:00,RIGHT,25.0,17.0,0.0,4.0,46.0,RTOChowk,r1,r1_15.csv,MEDIUM,45.5,28
1900-01-01 10:50:00,UP,0.0,0.0,1.0,2.0,3.0,RTOChowk,r1,r1_15.csv,LOW,8.5,17
1900-01-01 10:55:00,DOWN,47.0,29.0,6.0,18.0,100.0,RTOChowk,r1,r1_15.csv,HIGH,130.5,53
1900-01-01 10:55:00,LEFT,1.0,0.0,0.0,1.0,2.0,RTOChowk,r1,r1_15.csv,LOW,4.0,16
1900-01-01 10:55:00,RIGHT,14.0,21.0,1.0,9.0,45.0,RTOChowk,r1,r1_15.csv,MEDIUM,54.0,31
1900-01-01 10:55:00,UP,0.0,0.0,0.0,0.0,0.0,RTOChowk,r1,r1_15.csv,LOW,0.0,15
1900-01-01 11:00:00,DOWN,54.0,27.0,13.0,16.0,110.0,RTOChowk,r1,r1_15.csv,HIGH,148.0,58
1900-01-01 11:00:00,LEFT,0.0,0.0,0.0,0.0,0.0,RTOChowk,r1,r1_15.csv,LOW,0.0,15
1900-01-01 11:00:00,RIGHT,22.0,19.0,0.0,13.0,54.0,RTOChowk,r1,r1_15.csv,MEDIUM,70.5,35
1900-01-01 11:00:00,UP,0.0,0.0,0.0,0.0,0.0,RTOChowk,r1,r1_15.csv,LOW,0.0,15
1900-01-01 11:05:00,DOWN,48.0,37.0,15.0,15.0,115.0,RTOChowk,r1,r1_15.csv,HIGH,149.0,58
1900-01-01 11:05:00,LEFT,0.0,0.0,0.0,0.0,0.0,RTOChowk,r1,r1_15.csv,LOW,0.0,15
1900-01-01 11:05:00,RIGHT,26.0,35.0,3.0,17.0,81.0,RTOChowk,r1,r1_15.csv,HIGH,102.0,45
1900-01-01 11:05:00,UP,1.0,0.0,0.0,0.0,1.0,RTOChowk,r1,r1_15.csv,LOW,1.0,15
1900-01-01 11:10:00,DOWN,54.0,38.0,11.0,15.0,118.0,RTOChowk,r1,r1_15.csv,HIGH,145.5,57
1900-01-01 11:10:00,LEFT,0.0,0.0,0.0,0.0,0.0,RTOChowk,r1,r1_15.csv,LOW,0.0,15
1900-01-01 11:10:00,RIGHT,15.0,26.0,3.0,18.0,62.0,RTOChowk,r1,r1_15.csv,MEDIUM,89.5,41
1900-01-01 11:10:00,UP,0.0,0.0,0.0,0.0,0.0,RTOChowk,r1,r1_15.csv,LOW,0.0,15
1900-01-01 11:15:00,DOWN,43.0,37.0,6.0,14.0,100.0,RTOChowk,r1,r1_15.csv,HIGH,118.5,49
1900-01-01 11:15:00,LEFT,1.0,0.0,0.0,0.0,1.0,RTOChowk,r1,r1_15.csv,LOW,1.0,15
1900-01-01 11:15:00,RIGHT,16.0,26.0,3.0,12.0,57.0,RTOChowk,r1,r1_15.csv,MEDIUM,72.5,36
1900-01-01 11:15:00,UP,0.0,2.0,0.0,1.0,3.0,RTOChowk,r1,r1_15.csv,LOW,4.0,16
1900-01-01 11:20:00,DOWN,38.0,29.0,6.0,10.0,83.0,RTOChowk,r1,r1_15.csv,HIGH,97.5,43
1900-01-01 11:20:00,LEFT,0.0,0.0,0.0,0.0,0.0,RTOChowk,r1,r1_15.csv,LOW,0.0,15
1900-01-01 11:20:00,RIGHT,18.0,20.0,2.0,16.0,56.0,RTOChowk,r1,r1_15.csv,MEDIUM,81.0,38
1900-01-01 11:20:00,UP,0.0,0.0,0.0,0.0,0.0,RTOChowk,r1,r1_15.csv,LOW,0.0,15
1900-01-01 08:55:00,DOWN,0.0,0.0,0.0,0.0,0.0,RTOChowk,r1,r1_14.csv,LOW,0.0,15
1900-01-01 08:55:00,LEFT,0.0,0.0,0.0,0.0,0.0,RTOChowk,r1,r1_14.csv,LOW,0.0,15
1900-01-01 08:55:00,RIGHT,0.0,3.0,0.0,0.0,3.0,RTOChowk,r1,r1_14.csv,LOW,1.5,15
1900-01-01 08:55:00,UP,0.0,0.0,0.0,0.0,0.0,RTOChowk,r1,r1_14.csv,LOW,0.0,15
1900-01-01 09:00:00,DOWN,41.0,55.0,4.0,10.0,110.0,RTOChowk,r1,r1_14.csv,HIGH,108.5,46
1900-01-01 09:00:00,LEFT,3.0,0.0,0.0,0.0,3.0,RTOChowk,r1,r1_14.csv,LOW,3.0,16
1900-01-01 09:00:00,RIGHT,13.0,28.0,6.0,5.0,52.0,RTOChowk,r1,r1_14.csv,MEDIUM,57.0,31
1900-01-01 09:00:00,UP,0.0,0.0,0.0,0.0,0.0,RTOChowk,r1,r1_14.csv,LOW,0.0,15
1900-01-01 09:05:00,DOWN,51.0,53.0,6.0,14.0,124.0,RTOChowk,r1,r1_14.csv,HIGH,134.5,54
1900-01-01 09:05:00,LEFT,1.0,0.0,0.0,0.0,1.0,RTOChowk,r1,r1_14.csv,LOW,1.0,15
1900-01-01 09:05:00,RIGHT,16.0,21.0,6.0,17.0,60.0,RTOChowk,r1,r1_14.csv,MEDIUM,92.5,42
1900-01-01 09:05:00,UP,0.0,0.0,0.0,0.0,0.0,RTOChowk,r1,r1_14.csv,LOW,0.0,15
1900-01-01 09:10:00,DOWN,37.0,42.0,9.0,2.0,90.0,RTOChowk,r1,r1_14.csv,HIGH,86.5,40
1900-01-01 09:10:00,LEFT,2.0,0.0,0.0,0.0,2.0,RTOChowk,r1,r1_14.csv,LOW,2.0,16
1900-01-01 09:10:00,RIGHT,18.0,17.0,2.0,6.0,43.0,RTOChowk,r1,r1_14.csv,MEDIUM,49.5,29
1900-01-01 09:10:00,UP,1.0,0.0,0.0,0.0,1.0,RTOChowk,r1,r1_14.csv,LOW,1.0,15
1900-01-01 09:15:00,DOWN,44.0,48.0,12.0,10.0,114.0,RTOChowk,r1,r1_14.csv,HIGH,128.0,52
1900-01-01 09:15:00,LEFT,3.0,1.0,0.0,0.0,4.0,RTOChowk,r1,r1_14.csv,LOW,3.5,16
1900-01-01 09:15:00,RIGHT,15.0,36.0,2.0,9.0,62.0,RTOChowk,r1,r1_14.csv,MEDIUM,65.0,34
1900-01-01 09:15:00,UP,0.0,1.0,0.0,1.0,2.0,RTOChowk,r1,r1_14.csv,LOW,3.5,16
1900-01-01 09:20:00,DOWN,40.0,38.0,10.0,9.0,97.0,RTOChowk,r1,r1_14.csv,HIGH,111.0,47
1900-01-01 09:20:00,LEFT,0.0,0.0,0.0,0.0,0.0,RTOChowk,r1,r1_14.csv,LOW,0.0,15
1900-01-01 09:20:00,RIGHT,19.0,31.0,4.0,3.0,57.0,RTOChowk,r1,r1_14.csv,MEDIUM,53.5,30
1900-01-01 09:20:00,UP,0.0,0.0,0.0,0.0,0.0,RTOChowk,r1,r1_14.csv,LOW,0.0,15
1900-01-01 09:25:00,DOWN,32.0,42.0,9.0,9.0,92.0,RTOChowk,r1,r1_14.csv,HIGH,102.5,45
1900-01-01 09:25:00,LEFT,2.0,1.0,0.0,0.0,3.0,RTOChowk,r1,r1_14.csv,LOW,2.5,16
1900-01-01 09:25:00,RIGHT,25.0,30.0,3.0,7.0,65.0,RTOChowk,r1,r1_14.csv,MEDIUM,68.5,35
1900-01-01 09:25:00,UP,0.0,0.0,0.0,0.0,0.0,RTOChowk,r1,r1_14.csv,LOW,0.0,15
1900-01-01 09:30:00,DOWN,42.0,29.0,8.0,10.0,89.0,RTOChowk,r1,r1_14.csv,HIGH,106.5,46
1900-01-01 09:30:00,LEFT,3.0,0.0,0.0,0.0,3.0,RTOChowk,r1,r1_14.csv,LOW,3.0,16
1900-01-01 09:30:00,RIGHT,20.0,27.0,4.0,4.0,55.0,RTOChowk,r1,r1_14.csv,MEDIUM,55.5,31
1900-01-01 09:30:00,UP,0.0,1.0,0.0,0.0,1.0,RTOChowk,r1,r1_14.csv,LOW,0.5,15
1900-01-01 09:35:00,DOWN,34.0,36.0,14.0,18.0,102.0,RTOChowk,r1,r1_14.csv,HIGH,141.0,56
1900-01-01 09:35:00,LEFT,0.0,0.0,0.0,0.0,0.0,RTOChowk,r1,r1_14.csv,LOW,0.0,15
1900-01-01 09:35:00,RIGHT,15.0,35.0,0.0,12.0,62.0,RTOChowk,r1,r1_14.csv,MEDIUM,68.5,35
1900-01-01 09:35:00,UP,0.0,0.0,0.0,0.0,0.0,RTOChowk,r1,r1_14.csv,LOW,0.0,15
1900-01-01 09:40:00,DOWN,50.0,45.0,6.0,16.0,117.0,RTOChowk,r1,r1_14.csv,HIGH,135.5,54
1900-01-01 09:40:00,LEFT,2.0,0.0,0.0,0.0,2.0,RTOChowk,r1,r1_14.csv,LOW,2.0,16
1900-01-01 09:40:00,RIGHT,23.0,25.0,6.0,14.0,68.0,RTOChowk,r1,r1_14.csv,MEDIUM,92.5,42
1900-01-01 09:40:00,UP,0.0,0.0,0.0,1.0,1.0,RTOChowk,r1,r1_14.csv,LOW,3.0,16
1900-01-01 09:45:00,DOWN,37.0,39.0,10.0,9.0,95.0,RTOChowk,r1,r1_14.csv,HIGH,108.5,46
1900-01-01 09:45:00,LEFT,0.0,1.0,0.0,0.0,1.0,RTOChowk,r1,r1_14.csv,LOW,0.5,15
1900-01-01 09:45:00,RIGHT,16.0,36.0,4.0,15.0,71.0,RTOChowk,r1,r1_14.csv,MEDIUM,89.0,41
1900-01-01 09:45:00,UP,0.0,0.0,0.0,0.0,0.0,RTOChowk,r1,r1_14.csv,LOW,0.0,15
1900-01-01 09:50:00,DOWN,43.0,38.0,12.0,10.0,103.0,RTOChowk,r1,r1_14.csv,HIGH,122.0,50
1900-01-01 09:50:00,LEFT,2.0,0.0,0.0,0.0,2.0,RTOChowk,r1,r1_14.csv,LOW,2.0,16
1900-01-01 09:50:00,RIGHT,19.0,28.0,1.0,6.0,54.0,RTOChowk,r1,r1_14.csv,MEDIUM,53.5,30
1900-01-01 09:50:00,UP,0.0,0.0,0.0,0.0,0.0,RTOChowk,r1,r1_14.csv,LOW,0.0,15
1900-01-01 09:55:00,DOWN,40.0,33.0,4.0,14.0,91.0,RTOChowk,r1,r1_14.csv,HIGH,108.5,46
1900-01-01 09:55:00,LEFT,0.0,0.0,0.0,0.0,0.0,RTOChowk,r1,r1_14.csv,LOW,0.0,15
1900-01-01 09:55:00,RIGHT,21.0,27.0,6.0,13.0,67.0,RTOChowk,r1,r1_14.csv,MEDIUM,88.5,41
1900-01-01 09:55:00,UP,0.0,1.0,0.0,0.0,1.0,RTOChowk,r1,r1_14.csv,LOW,0.5,15
1900-01-01 10:00:00,DOWN,33.0,27.0,3.0,5.0,68.0,RTOChowk,r1,r1_14.csv,MEDIUM,69.0,35
1900-01-01 10:00:00,LEFT,1.0,0.0,0.0,0.0,1.0,RTOChowk,r1,r1_14.csv,LOW,1.0,15
1900-01-01 10:00:00,RIGHT,12.0,38.0,6.0,14.0,70.0,RTOChowk,r1,r1_14.csv,MEDIUM,88.0,40
1900-01-01 10:00:00,UP,0.0,0.0,0.0,0.0,0.0,RTOChowk,r1,r1_14.csv,LOW,0.0,15
1900-01-01 10:05:00,DOWN,49.0,37.0,12.0,10.0,108.0,RTOChowk,r1,r1_14.csv,HIGH,127.5,52
1900-01-01 10:05:00,LEFT,2.0,0.0,0.0,0.0,2.0,RTOChowk,r1,r1_14.csv,LOW,2.0,16
1900-01-01 10:05:00,RIGHT,28.0,32.0,1.0,7.0,68.0,RTOChowk,r1,r1_14.csv,MEDIUM,67.5,35
1900-01-01 10:05:00,UP,0.0,0.0,1.0,0.0,1.0,RTOChowk,r1,r1_14.csv,LOW,2.5,16
1900-01-01 10:10:00,DOWN,55.0,22.0,5.0,12.0,94.0,RTOChowk,r1,r1_14.csv,HIGH,114.5,48
1900-01-01 10:10:00,LEFT,2.0,1.0,0.0,0.0,3.0,RTOChowk,r1,r1_14.csv,LOW,2.5,16
1900-01-01 10:10:00,RIGHT,14.0,35.0,2.0,11.0,62.0,RTOChowk,r1,r1_14.csv,MEDIUM,69.5,35
1900-01-01 10:10:00,UP,0.0,0.0,0.0,0.0,0.0,RTOChowk,r1,r1_14.csv,LOW,0.0,15
1900-01-01 10:15:00,DOWN,35.0,24.0,7.0,13.0,79.0,RTOChowk,r1,r1_14.csv,HIGH,103.5,45
1900-01-01 10:15:00,LEFT,0.0,0.0,0.0,0.0,0.0,RTOChowk,r1,r1_14.csv,LOW,0.0,15
1900-01-01 10:15:00,RIGHT,23.0,22.0,2.0,12.0,59.0,RTOChowk,r1,r1_14.csv,MEDIUM,75.0,37
1900-01-01 10:15:00,UP,1.0,0.0,1.0,0.0,2.0,RTOChowk,r1,r1_14.csv,LOW,3.5,16
1900-01-01 10:20:00,DOWN,49.0,17.0,12.0,7.0,85.0,RTOChowk,r1,r1_14.csv,HIGH,108.5,46
1900-01-01 10:20:00,LEFT,1.0,0.0,0.0,0.0,1.0,RTOChowk,r1,r1_14.csv,LOW,1.0,15
1900-01-01 10:20:00,RIGHT,20.0,22.0,5.0,4.0,51.0,RTOChowk,r1,r1_14.csv,MEDIUM,55.5,31
1900-01-01 10:20:00,UP,0.0,0.0,0.0,0.0,0.0,RTOChowk,r1,r1_14.csv,LOW,0.0,15
1900-01-01 10:25:00,DOWN,41.0,33.0,9.0,17.0,100.0,RTOChowk,r1,r1_14.csv,HIGH,131.0,53
1900-01-01 10:25:00,LEFT,0.0,0.0,0.0,0.0,0.0,RTOChowk,r1,r1_14.csv,LOW,0.0,15
1900-01-01 10:25:00,RIGHT,17.0,31.0,1.0,10.0,59.0,RTOChowk,r1,r1_14.csv,MEDIUM,65.0,34
1900-01-01 10:25:00,UP,0.0,0.0,0.0,0.0,0.0,RTOChowk,r1,r1_14.csv,LOW,0.0,15
1900-01-01 10:30:00,DOWN,48.0,35.0,7.0,11.0,101.0,RTOChowk,r1,r1_14.csv,HIGH,116.0,49
1900-01-01 10:30:00,LEFT,0.0,0.0,0.0,1.0,1.0,RTOChowk,r1,r1_14.csv,LOW,3.0,16
1900-01-01 10:30:00,RIGHT,17.0,28.0,1.0,10.0,56.0,RTOChowk,r1,r1_14.csv,MEDIUM,63.5,33
1900-01-01 10:30:00,UP,0.0,0.0,0.0,0.0,0.0,RTOChowk,r1,r1_14.csv,LOW,0.0,15
1900-01-01 10:35:00,DOWN,46.0,32.0,11.0,12.0,101.0,RTOChowk,r1,r1_14.csv,HIGH,125.5,51
1900-01-01 10:35:00,LEFT,0.0,0.0,0.0,0.0,0.0,RTOChowk,r1,r1_14.csv,LOW,0.0,15
1900-01-01 10:35:00,RIGHT,33.0,35.0,2.0,12.0,82.0,RTOChowk,r1,r1_14.csv,HIGH,91.5,41
1900-01-01 10:35:00,UP,0.0,0.0,1.0,2.0,3.0,RTOChowk,r1,r1_14.csv,LOW,8.5,17
1900-01-01 10:40:00,DOWN,56.0,34.0,8.0,10.0,108.0,RTOChowk,r1,r1_14.csv,HIGH,123.0,51
1900-01-01 10:40:00,LEFT,3.0,1.0,0.0,0.0,4.0,RTOChowk,r1,r1_14.csv,LOW,3.5,16
1900-01-01 10:40:00,RIGHT,33.0,31.0,1.0,11.0,76.0,RTOChowk,r1,r1_14.csv,HIGH,84.0,39
1900-01-01 10:40:00,UP,0.0,0.0,0.0,0.0,0.0,RTOChowk,r1,r1_14.csv,LOW,0.0,15
1900-01-01 10:45:00,DOWN,33.0,25.0,6.0,10.0,74.0,RTOChowk,r1,r1_14.csv,MEDIUM,90.5,41
1900-01-01 10:45:00,LEFT,1.0,0.0,0.0,0.0,1.0,RTOChowk,r1,r1_14.csv,LOW,1.0,15
1900-01-01 10:45:00,RIGHT,10.0,26.0,0.0,3.0,39.0,RTOChowk,r1,r1_14.csv,MEDIUM,32.0,24
1900-01-01 10:45:00,UP,1.0,0.0,0.0,1.0,2.0,RTOChowk,r1,r1_14.csv,LOW,4.0,16
1900-01-01 10:50:00,DOWN,54.0,22.0,4.0,8.0,88.0,RTOChowk,r1,r1_14.csv,HIGH,99.0,44
1900-01-01 10:50:00,LEFT,1.0,0.0,0.0,0.0,1.0,RTOChowk,r1,r1_14.csv,LOW,1.0,15
1900-01-01 10:50:00,RIGHT,29.0,36.0,0.0,8.0,73.0,RTOChowk,r1,r1_14.csv,MEDIUM,71.0,36
1900-01-01 10:50:00,UP,0.0,0.0,0.0,0.0,0.0,RTOChowk,r1,r1_14.csv,LOW,0.0,15
1900-01-01 10:55:00,DOWN,42.0,16.0,5.0,14.0,77.0,RTOChowk,r1,r1_14.csv,HIGH,104.5,45
1900-01-01 10:55:00,LEFT,0.0,0.0,0.0,0.0,0.0,RTOChowk,r1,r1_14.csv,LOW,0.0,15
1900-01-01 10:55:00,RIGHT,24.0,17.0,1.0,6.0,48.0,RTOChowk,r1,r1_14.csv,MEDIUM,53.0,30
1900-01-01 10:55:00,UP,1.0,0.0,0.0,0.0,1.0,RTOChowk,r1,r1_14.csv,LOW,1.0,15
1900-01-01 11:00:00,DOWN,50.0,21.0,8.0,12.0,91.0,RTOChowk,r1,r1_14.csv,HIGH,116.5,49
1900-01-01 11:00:00,LEFT,1.0,0.0,0.0,0.0,1.0,RTOChowk,r1,r1_14.csv,LOW,1.0,15
1900-01-01 11:00:00,RIGHT,18.0,29.0,1.0,5.0,53.0,RTOChowk,r1,r1_14.csv,MEDIUM,50.0,29
1900-01-01 11:00:00,UP,0.0,1.0,1.0,1.0,3.0,RTOChowk,r1,r1_14.csv,LOW,6.0,17
1900-01-01 11:05:00,DOWN,53.0,38.0,3.0,10.0,104.0,RTOChowk,r1,r1_14.csv,HIGH,109.5,47
1900-01-01 11:05:00,LEFT,3.0,0.0,0.0,0.0,3.0,RTOChowk,r1,r1_14.csv,LOW,3.0,16
1900-01-01 11:05:00,RIGHT,20.0,24.0,2.0,7.0,53.0,RTOChowk,r1,r1_14.csv,MEDIUM,58.0,32
1900-01-01 11:05:00,UP,2.0,0.0,0.0,0.0,2.0,RTOChowk,r1,r1_14.csv,LOW,2.0,16
1900-01-01 11:10:00,DOWN,44.0,17.0,1.0,7.0,69.0,RTOChowk,r1,r1_14.csv,MEDIUM,76.0,37
1900-01-01 11:10:00,LEFT,1.0,0.0,0.0,0.0,1.0,RTOChowk,r1,r1_14.csv,LOW,1.0,15
1900-01-01 11:10:00,RIGHT,16.0,18.0,2.0,5.0,41.0,RTOChowk,r1,r1_14.csv,MEDIUM,45.0,28
1900-01-01 11:10:00,UP,0.0,1.0,0.0,0.0,1.0,RTOChowk,r1,r1_14.csv,LOW,0.5,15
1900-01-01 11:15:00,DOWN,52.0,16.0,8.0,11.0,87.0,RTOChowk,r1,r1_14.csv,HIGH,113.0,48
1900-01-01 11:15:00,LEFT,1.0,0.0,0.0,0.0,1.0,RTOChowk,r1,r1_14.csv,LOW,1.0,15
1900-01-01 11:15:00,RIGHT,20.0,20.0,4.0,8.0,52.0,RTOChowk,r1,r1_14.csv,MEDIUM,64.0,34
1900-01-01 11:15:00,UP,0.0,0.0,1.0,0.0,1.0,RTOChowk,r1,r1_14.csv,LOW,2.5,16
1900-01-01 11:20:00,DOWN,43.0,9.0,2.0,18.0,72.0,RTOChowk,r1,r1_14.csv,MEDIUM,106.5,46
1900-01-01 11:20:00,LEFT,0.0,0.0,0.0,0.0,0.0,RTOChowk,r1,r1_14.csv,LOW,0.0,15
1900-01-01 11:20:00,RIGHT,14.0,13.0,2.0,5.0,34.0,RTOChowk,r1,r1_14.csv,MEDIUM,40.5,27
1900-01-01 11:20:00,UP,0.0,0.0,0.0,0.0,0.0,RTOChowk,r1,r1_14.csv,LOW,0.0,15
1900-01-01 08:55:00,DOWN,0.0,0.0,0.0,0.0,0.0,RTOChowk,r3,r3_18.csv,LOW,0.0,15
1900-01-01 08:55:00,LEFT,5.0,6.0,0.0,0.0,11.0,RTOChowk,r3,r3_18.csv,MEDIUM,8.0,17
1900-01-01 08:55:00,RIGHT,0.0,0.0,0.0,0.0,0.0,RTOChowk,r3,r3_18.csv,LOW,0.0,15
1900-01-01 08:55:00,UP,0.0,0.0,0.0,0.0,0.0,RTOChowk,r3,r3_18.csv,LOW,0.0,15
1900-01-01 09:00:00,DOWN,0.0,0.0,0.0,0.0,0.0,RTOChowk,r3,r3_18.csv,LOW,0.0,15
1900-01-01 09:00:00,LEFT,35.0,42.0,1.0,12.0,90.0,RTOChowk,r3,r3_18.csv,HIGH,94.5,42
1900-01-01 09:00:00,RIGHT,0.0,0.0,0.0,0.0,0.0,RTOChowk,r3,r3_18.csv,LOW,0.0,15
1900-01-01 09:00:00,UP,0.0,0.0,0.0,0.0,0.0,RTOChowk,r3,r3_18.csv,LOW,0.0,15
1900-01-01 09:05:00,DOWN,0.0,0.0,0.0,0.0,0.0,RTOChowk,r3,r3_18.csv,LOW,0.0,15
1900-01-01 09:05:00,LEFT,31.0,41.0,0.0,7.0,79.0,RTOChowk,r3,r3_18.csv,HIGH,72.5,36
1900-01-01 09:05:00,RIGHT,0.0,0.0,0.0,0.0,0.0,RTOChowk,r3,r3_18.csv,LOW,0.0,15
1900-01-01 09:05:00,UP,0.0,0.0,0.0,0.0,0.0,RTOChowk,r3,r3_18.csv,LOW,0.0,15
1900-01-01 09:10:00,DOWN,0.0,0.0,0.0,0.0,0.0,RTOChowk,r3,r3_18.csv,LOW,0.0,15
1900-01-01 09:10:00,LEFT,26.0,54.0,0.0,14.0,94.0,RTOChowk,r3,r3_18.csv,HIGH,95.0,42
1900-01-01 09:10:00,RIGHT,0.0,0.0,0.0,0.0,0.0,RTOChowk,r3,r3_18.csv,LOW,0.0,15
1900-01-01 09:10:00,UP,1.0,0.0,0.0,0.0,1.0,RTOChowk,r3,r3_18.csv,LOW,1.0,15
1900-01-01 09:15:00,DOWN,0.0,1.0,0.0,0.0,1.0,RTOChowk,r3,r3_18.csv,LOW,0.5,15
1900-01-01 09:15:00,LEFT,31.0,50.0,0.0,10.0,91.0,RTOChowk,r3,r3_18.csv,HIGH,86.0,40
1900-01-01 09:15:00,RIGHT,0.0,0.0,0.0,0.0,0.0,RTOChowk,r3,r3_18.csv,LOW,0.0,15
1900-01-01 09:15:00,UP,0.0,0.0,0.0,1.0,1.0,RTOChowk,r3,r3_18.csv,LOW,3.0,16
1900-01-01 09:20:00,DOWN,0.0,1.0,0.0,0.0,1.0,RTOChowk,r3,r3_18.csv,LOW,0.5,15
1900-01-01 09:20:00,LEFT,34.0,34.0,1.0,21.0,90.0,RTOChowk,r3,r3_18.csv,HIGH,116.5,49
1900-01-01 09:20:00,RIGHT,0.0,0.0,0.0,0.0,0.0,RTOChowk,r3,r3_18.csv,LOW,0.0,15
1900-01-01 09:20:00,UP,0.0,0.0,0.0,0.0,0.0,RTOChowk,r3,r3_18.csv,LOW,0.0,15
1900-01-01 09:25:00,DOWN,0.0,0.0,0.0,0.0,0.0,RTOChowk,r3,r3_18.csv,LOW,0.0,15
1900-01-01 09:25:00,LEFT,40.0,38.0,0.0,12.0,90.0,RTOChowk,r3,r3_18.csv,HIGH,95.0,42
1900-01-01 09:25:00,RIGHT,0.0,8.0,0.0,0.0,8.0,RTOChowk,r3,r3_18.csv,MEDIUM,4.0,16
1900-01-01 09:25:00,UP,0.0,0.0,0.0,0.0,0.0,RTOChowk,r3,r3_18.csv,LOW,0.0,15
1900-01-01 09:30:00,DOWN,0.0,0.0,0.0,0.0,0.0,RTOChowk,r3,r3_18.csv,LOW,0.0,15
1900-01-01 09:30:00,LEFT,36.0,36.0,1.0,11.0,84.0,RTOChowk,r3,r3_18.csv,HIGH,89.5,41
1900-01-01 09:30:00,RIGHT,0.0,0.0,0.0,0.0,0.0,RTOChowk,r3,r3_18.csv,LOW,0.0,15
1900-01-01 09:30:00,UP,0.0,0.0,0.0,0.0,0.0,RTOChowk,r3,r3_18.csv,LOW,0.0,15
1900-01-01 09:35:00,DOWN,0.0,0.0,0.0,0.0,0.0,RTOChowk,r3,r3_18.csv,LOW,0.0,15
1900-01-01 09:35:00,LEFT,30.0,61.0,2.0,17.0,110.0,RTOChowk,r3,r3_18.csv,HIGH,116.5,49
1900-01-01 09:35:00,RIGHT,0.0,1.0,0.0,0.0,1.0,RTOChowk,r3,r3_18.csv,LOW,0.5,15
1900-01-01 09:35:00,UP,1.0,0.0,0.0,0.0,1.0,RTOChowk,r3,r3_18.csv,LOW,1.0,15
1900-01-01 09:40:00,DOWN,0.0,0.0,0.0,0.0,0.0,RTOChowk,r3,r3_18.csv,LOW,0.0,15
1900-01-01 09:40:00,LEFT,35.0,44.0,0.0,16.0,95.0,RTOChowk,r3,r3_18.csv,HIGH,105.0,45
1900-01-01 09:40:00,RIGHT,0.0,0.0,0.0,0.0,0.0,RTOChowk,r3,r3_18.csv,LOW,0.0,15
1900-01-01 09:40:00,UP,0.0,0.0,0.0,0.0,0.0,RTOChowk,r3,r3_18.csv,LOW,0.0,15
1900-01-01 09:45:00,DOWN,0.0,0.0,0.0,0.0,0.0,RTOChowk,r3,r3_18.csv,LOW,0.0,15
1900-01-01 09:45:00,LEFT,33.0,50.0,1.0,20.0,104.0,RTOChowk,r3,r3_18.csv,HIGH,120.5,50
1900-01-01 09:45:00,RIGHT,0.0,0.0,0.0,1.0,1.0,RTOChowk,r3,r3_18.csv,LOW,3.0,16
1900-01-01 09:45:00,UP,0.0,0.0,0.0,0.0,0.0,RTOChowk,r3,r3_18.csv,LOW,0.0,15
1900-01-01 09:50:00,DOWN,0.0,0.0,0.0,0.0,0.0,RTOChowk,r3,r3_18.csv,LOW,0.0,15
1900-01-01 09:50:00,LEFT,30.0,40.0,0.0,18.0,88.0,RTOChowk,r3,r3_18.csv,HIGH,104.0,45
1900-01-01 09:50:00,RIGHT,0.0,0.0,0.0,0.0,0.0,RTOChowk,r3,r3_18.csv,LOW,0.0,15
1900-01-01 09:50:00,UP,0.0,0.0,0.0,0.0,0.0,RTOChowk,r3,r3_18.csv,LOW,0.0,15
1900-01-01 09:55:00,DOWN,0.0,0.0,0.0,0.0,0.0,RTOChowk,r3,r3_18.csv,LOW,0.0,15
1900-01-01 09:55:00,LEFT,25.0,37.0,2.0,18.0,82.0,RTOChowk,r3,r3_18.csv,HIGH,102.5,45
1900-01-01 09:55:00,RIGHT,0.0,0.0,0.0,0.0,0.0,RTOChowk,r3,r3_18.csv,LOW,0.0,15
1900-01-01 09:55:00,UP,0.0,0.0,0.0,0.0,0.0,RTOChowk,r3,r3_18.csv,LOW,0.0,15
1900-01-01 10:00:00,DOWN,0.0,0.0,0.0,0.0,0.0,RTOChowk,r3,r3_18.csv,LOW,0.0,15
1900-01-01 10:00:00,LEFT,39.0,42.0,1.0,11.0,93.0,RTOChowk,r3,r3_18.csv,HIGH,95.5,43
1900-01-01 10:00:00,RIGHT,0.0,1.0,0.0,0.0,1.0,RTOChowk,r3,r3_18.csv,LOW,0.5,15
1900-01-01 10:00:00,UP,0.0,0.0,0.0,0.0,0.0,RTOChowk,r3,r3_18.csv,LOW,0.0,15
1900-01-01 10:05:00,DOWN,0.0,0.0,0.0,0.0,0.0,RTOChowk,r3,r3_18.csv,LOW,0.0,15
1900-01-01 10:05:00,LEFT,32.0,51.0,1.0,10.0,94.0,RTOChowk,r3,r3_18.csv,HIGH,90.0,41
1900-01-01 10:05:00,RIGHT,0.0,1.0,0.0,0.0,1.0,RTOChowk,r3,r3_18.csv,LOW,0.5,15
1900-01-01 10:05:00,UP,0.0,0.0,0.0,0.0,0.0,RTOChowk,r3,r3_18.csv,LOW,0.0,15
1900-01-01 10:10:00,DOWN,0.0,0.0,0.0,0.0,0.0,RTOChowk,r3,r3_18.csv,LOW,0.0,15
1900-01-01 10:10:00,LEFT,21.0,38.0,0.0,9.0,68.0,RTOChowk,r3,r3_18.csv,MEDIUM,67.0,34
1900-01-01 10:10:00,RIGHT,0.0,0.0,0.0,0.0,0.0,RTOChowk,r3,r3_18.csv,LOW,0.0,15
1900-01-01 10:10:00,UP,0.0,0.0,0.0,0.0,0.0,RTOChowk,r3,r3_18.csv,LOW,0.0,15
1900-01-01 10:15:00,DOWN,0.0,0.0,0.0,0.0,0.0,RTOChowk,r3,r3_18.csv,LOW,0.0,15
1900-01-01 10:15:00,LEFT,43.0,64.0,1.0,11.0,119.0,RTOChowk,r3,r3_18.csv,HIGH,110.5,47
1900-01-01 10:15:00,RIGHT,0.0,1.0,0.0,0.0,1.0,RTOChowk,r3,r3_18.csv,LOW,0.5,15
1900-01-01 10:15:00,UP,0.0,1.0,0.0,0.0,1.0,RTOChowk,r3,r3_18.csv,LOW,0.5,15
1900-01-01 10:20:00,DOWN,0.0,0.0,0.0,0.0,0.0,RTOChowk,r3,r3_18.csv,LOW,0.0,15
1900-01-01 10:20:00,LEFT,35.0,64.0,0.0,22.0,121.0,RTOChowk,r3,r3_18.csv,HIGH,133.0,53
1900-01-01 10:20:00,RIGHT,0.0,1.0,0.0,0.0,1.0,RTOChowk,r3,r3_18.csv,LOW,0.5,15
1900-01-01 10:20:00,UP,0.0,0.0,0.0,0.0,0.0,RTOChowk,r3,r3_18.csv,LOW,0.0,15
1900-01-01 10:25:00,DOWN,0.0,0.0,0.0,0.0,0.0,RTOChowk,r3,r3_18.csv,LOW,0.0,15
1900-01-01 10:25:00,LEFT,30.0,45.0,0.0,16.0,91.0,RTOChowk,r3,r3_18.csv,HIGH,100.5,44
1900-01-01 10:25:00,RIGHT,0.0,1.0,0.0,0.0,1.0,RTOChowk,r3,r3_18.csv,LOW,0.5,15
1900-01-01 10:25:00,UP,2.0,0.0,0.0,0.0,2.0,RTOChowk,r3,r3_18.csv,LOW,2.0,16
1900-01-01 10:30:00,DOWN,0.0,0.0,0.0,0.0,0.0,RTOChowk,r3,r3_18.csv,LOW,0.0,15
1900-01-01 10:30:00,LEFT,34.0,49.0,0.0,16.0,99.0,RTOChowk,r3,r3_18.csv,HIGH,106.5,46
1900-01-01 10:30:00,RIGHT,0.0,1.0,0.0,0.0,1.0,RTOChowk,r3,r3_18.csv,LOW,0.5,15
1900-01-01 10:30:00,UP,0.0,0.0,0.0,0.0,0.0,RTOChowk,r3,r3_18.csv,LOW,0.0,15
1900-01-01 10:35:00,DOWN,0.0,0.0,0.0,0.0,0.0,RTOChowk,r3,r3_18.csv,LOW,0.0,15
1900-01-01 10:35:00,LEFT,41.0,65.0,1.0,11.0,118.0,RTOChowk,r3,r3_18.csv,HIGH,109.0,47
1900-01-01 10:35:00,RIGHT,0.0,0.0,0.0,0.0,0.0,RTOChowk,r3,r3_18.csv,LOW,0.0,15
1900-01-01 10:35:00,UP,0.0,0.0,0.0,0.0,0.0,RTOChowk,r3,r3_18.csv,LOW,0.0,15
1900-01-01 10:40:00,DOWN,0.0,0.0,0.0,0.0,0.0,RTOChowk,r3,r3_18.csv,LOW,0.0,15
1900-01-01 10:40:00,LEFT,38.0,51.0,1.0,18.0,108.0,RTOChowk,r3,r3_18.csv,HIGH,120.0,50
1900-01-01 10:40:00,RIGHT,0.0,0.0,0.0,0.0,0.0,RTOChowk,r3,r3_18.csv,LOW,0.0,15
1900-01-01 10:40:00,UP,0.0,1.0,0.0,0.0,1.0,RTOChowk,r3,r3_18.csv,LOW,0.5,15
1900-01-01 10:45:00,DOWN,0.0,0.0,0.0,0.0,0.0,RTOChowk,r3,r3_18.csv,LOW,0.0,15
1900-01-01 10:45:00,LEFT,38.0,41.0,1.0,15.0,95.0,RTOChowk,r3,r3_18.csv,HIGH,106.0,46
1900-01-01 10:45:00,RIGHT,0.0,0.0,0.0,0.0,0.0,RTOChowk,r3,r3_18.csv,LOW,0.0,15
1900-01-01 10:45:00,UP,0.0,0.0,0.0,0.0,0.0,RTOChowk,r3,r3_18.csv,LOW,0.0,15
1900-01-01 10:50:00,DOWN,0.0,0.0,0.0,0.0,0.0,RTOChowk,r3,r3_18.csv,LOW,0.0,15
1900-01-01 10:50:00,LEFT,41.0,54.0,0.0,14.0,109.0,RTOChowk,r3,r3_18.csv,HIGH,110.0,47
1900-01-01 10:50:00,RIGHT,0.0,0.0,0.0,0.0,0.0,RTOChowk,r3,r3_18.csv,LOW,0.0,15
1900-01-01 10:50:00,UP,0.0,0.0,0.0,0.0,0.0,RTOChowk,r3,r3_18.csv,LOW,0.0,15
1900-01-01 10:55:00,DOWN,0.0,0.0,0.0,0.0,0.0,RTOChowk,r3,r3_18.csv,LOW,0.0,15
1900-01-01 10:55:00,LEFT,53.0,55.0,1.0,19.0,128.0,RTOChowk,r3,r3_18.csv,HIGH,140.0,56
1900-01-01 10:55:00,RIGHT,0.0,1.0,0.0,0.0,1.0,RTOChowk,r3,r3_18.csv,LOW,0.5,15
1900-01-01 10:55:00,UP,0.0,0.0,0.0,0.0,0.0,RTOChowk,r3,r3_18.csv,LOW,0.0,15
1900-01-01 11:00:00,DOWN,0.0,0.0,0.0,0.0,0.0,RTOChowk,r3,r3_18.csv,LOW,0.0,15
1900-01-01 11:00:00,LEFT,30.0,50.0,0.0,14.0,94.0,RTOChowk,r3,r3_18.csv,HIGH,97.0,43
1900-01-01 11:00:00,RIGHT,0.0,0.0,0.0,1.0,1.0,RTOChowk,r3,r3_18.csv,LOW,3.0,16
1900-01-01 11:00:00,UP,0.0,0.0,0.0,0.0,0.0,RTOChowk,r3,r3_18.csv,LOW,0.0,15
1900-01-01 11:05:00,DOWN,0.0,0.0,0.0,0.0,0.0,RTOChowk,r3,r3_18.csv,LOW,0.0,15
1900-01-01 11:05:00,LEFT,59.0,46.0,1.0,17.0,123.0,RTOChowk,r3,r3_18.csv,HIGH,135.5,54
1900-01-01 11:05:00,RIGHT,0.0,0.0,0.0,0.0,0.0,RTOChowk,r3,r3_18.csv,LOW,0.0,15
1900-01-01 11:05:00,UP,0.0,0.0,0.0,0.0,0.0,RTOChowk,r3,r3_18.csv,LOW,0.0,15
1900-01-01 11:10:00,DOWN,0.0,0.0,0.0,0.0,0.0,RTOChowk,r3,r3_18.csv,LOW,0.0,15
1900-01-01 11:10:00,LEFT,54.0,47.0,0.0,12.0,113.0,RTOChowk,r3,r3_18.csv,HIGH,113.5,48
1900-01-01 11:10:00,RIGHT,0.0,1.0,0.0,0.0,1.0,RTOChowk,r3,r3_18.csv,LOW,0.5,15
1900-01-01 11:10:00,UP,0.0,1.0,0.0,0.0,1.0,RTOChowk,r3,r3_18.csv,LOW,0.5,15
1900-01-01 11:15:00,DOWN,0.0,0.0,0.0,0.0,0.0,RTOChowk,r3,r3_18.csv,LOW,0.0,15
1900-01-01 11:15:00,LEFT,29.0,51.0,0.0,10.0,90.0,RTOChowk,r3,r3_18.csv,HIGH,84.5,39
1900-01-01 11:15:00,RIGHT,0.0,0.0,0.0,0.0,0.0,RTOChowk,r3,r3_18.csv,LOW,0.0,15
1900-01-01 11:15:00,UP,2.0,0.0,0.0,0.0,2.0,RTOChowk,r3,r3_18.csv,LOW,2.0,16
1900-01-01 11:20:00,DOWN,0.0,0.0,0.0,0.0,0.0,RTOChowk,r3,r3_18.csv,LOW,0.0,15
1900-01-01 11:20:00,LEFT,34.0,47.0,0.0,7.0,88.0,RTOChowk,r3,r3_18.csv,HIGH,78.5,38
1900-01-01 11:20:00,RIGHT,0.0,1.0,0.0,0.0,1.0,RTOChowk,r3,r3_18.csv,LOW,0.5,15
1900-01-01 11:20:00,UP,6.0,1.0,0.0,0.0,7.0,RTOChowk,r3,r3_18.csv,MEDIUM,6.5,17
1900-01-01 11:25:00,DOWN,0.0,0.0,0.0,0.0,0.0,RTOChowk,r3,r3_18.csv,LOW,0.0,15
1900-01-01 11:25:00,LEFT,50.0,69.0,0.0,11.0,130.0,RTOChowk,r3,r3_18.csv,HIGH,117.5,49
1900-01-01 11:25:00,RIGHT,0.0,0.0,0.0,0.0,0.0,RTOChowk,r3,r3_18.csv,LOW,0.0,15
1900-01-01 11:25:00,UP,1.0,0.0,0.0,0.0,1.0,RTOChowk,r3,r3_18.csv,LOW,1.0,15
1900-01-01 11:30:00,DOWN,0.0,0.0,0.0,0.0,0.0,RTOChowk,r3,r3_18.csv,LOW,0.0,15
1900-01-01 11:30:00,LEFT,37.0,42.0,1.0,16.0,96.0,RTOChowk,r3,r3_18.csv,HIGH,108.5,46
1900-01-01 11:30:00,RIGHT,0.0,0.0,0.0,1.0,1.0,RTOChowk,r3,r3_18.csv,LOW,3.0,16
1900-01-01 11:30:00,UP,1.0,0.0,0.0,1.0,2.0,RTOChowk,r3,r3_18.csv,LOW,4.0,16
1900-01-01 11:35:00,DOWN,0.0,0.0,0.0,0.0,0.0,RTOChowk,r3,r3_18.csv,LOW,0.0,15
1900-01-01 11:35:00,LEFT,46.0,54.0,0.0,18.0,118.0,RTOChowk,r3,r3_18.csv,HIGH,127.0,52
1900-01-01 11:35:00,RIGHT,0.0,1.0,0.0,0.0,1.0,RTOChowk,r3,r3_18.csv,LOW,0.5,15
1900-01-01 11:35:00,UP,0.0,0.0,0.0,0.0,0.0,RTOChowk,r3,r3_18.csv,LOW,0.0,15
1900-01-01 11:40:00,DOWN,0.0,0.0,0.0,0.0,0.0,RTOChowk,r3,r3_18.csv,LOW,0.0,15
1900-01-01 11:40:00,LEFT,50.0,55.0,1.0,12.0,118.0,RTOChowk,r3,r3_18.csv,HIGH,116.0,49
1900-01-01 11:40:00,RIGHT,0.0,1.0,0.0,0.0,1.0,RTOChowk,r3,r3_18.csv,LOW,0.5,15
1900-01-01 11:40:00,UP,2.0,0.0,0.0,1.0,3.0,RTOChowk,r3,r3_18.csv,LOW,5.0,16
1900-01-01 11:45:00,DOWN,0.0,0.0,0.0,0.0,0.0,RTOChowk,r3,r3_18.csv,LOW,0.0,15
1900-01-01 11:45:00,LEFT,36.0,44.0,0.0,6.0,86.0,RTOChowk,r3,r3_18.csv,HIGH,76.0,37
1900-01-01 11:45:00,RIGHT,0.0,0.0,0.0,0.0,0.0,RTOChowk,r3,r3_18.csv,LOW,0.0,15
1900-01-01 11:45:00,UP,0.0,1.0,0.0,0.0,1.0,RTOChowk,r3,r3_18.csv,LOW,0.5,15
1900-01-01 11:50:00,DOWN,0.0,0.0,0.0,0.0,0.0,RTOChowk,r3,r3_18.csv,LOW,0.0,15
1900-01-01 11:50:00,LEFT,32.0,50.0,0.0,7.0,89.0,RTOChowk,r3,r3_18.csv,HIGH,78.0,38
1900-01-01 11:50:00,RIGHT,0.0,1.0,0.0,0.0,1.0,RTOChowk,r3,r3_18.csv,LOW,0.5,15
1900-01-01 11:50:00,UP,0.0,0.0,0.0,0.0,0.0,RTOChowk,r3,r3_18.csv,LOW,0.0,15
1900-01-01 11:55:00,DOWN,1.0,0.0,0.0,0.0,1.0,RTOChowk,r3,r3_18.csv,LOW,1.0,15
1900-01-01 11:55:00,LEFT,29.0,46.0,0.0,20.0,95.0,RTOChowk,r3,r3_18.csv,HIGH,112.0,47
1900-01-01 11:55:00,RIGHT,1.0,2.0,0.0,0.0,3.0,RTOChowk,r3,r3_18.csv,LOW,2.0,16
1900-01-01 11:55:00,UP,2.0,0.0,0.0,2.0,4.0,RTOChowk,r3,r3_18.csv,LOW,8.0,17
1900-01-01 12:00:00,DOWN,0.0,0.0,0.0,0.0,0.0,RTOChowk,r3,r3_18.csv,LOW,0.0,15
1900-01-01 12:00:00,LEFT,20.0,19.0,0.0,2.0,41.0,RTOChowk,r3,r3_18.csv,MEDIUM,35.5,25
1900-01-01 12:00:00,RIGHT,0.0,0.0,0.0,0.0,0.0,RTOChowk,r3,r3_18.csv,LOW,0.0,15
1900-01-01 12:00:00,UP,0.0,0.0,0.0,0.0,0.0,RTOChowk,r3,r3_18.csv,LOW,0.0,15
1900-01-01 08:55:00,DOWN,0.0,0.0,0.0,0.0,0.0,RTOChowk,r3,r3_15.csv,LOW,0.0,15
1900-01-01 08:55:00,LEFT,2.0,6.0,0.0,0.0,8.0,RTOChowk,r3,r3_15.csv,MEDIUM,5.0,16
1900-01-01 08:55:00,RIGHT,0.0,0.0,0.0,0.0,0.0,RTOChowk,r3,r3_15.csv,LOW,0.0,15
1900-01-01 08:55:00,UP,0.0,0.0,0.0,0.0,0.0,RTOChowk,r3,r3_15.csv,LOW,0.0,15
1900-01-01 09:00:00,DOWN,0.0,0.0,0.0,0.0,0.0,RTOChowk,r3,r3_15.csv,LOW,0.0,15
1900-01-01 09:00:00,LEFT,44.0,62.0,0.0,14.0,120.0,RTOChowk,r3,r3_15.csv,HIGH,117.0,49
1900-01-01 09:00:00,RIGHT,0.0,2.0,0.0,0.0,2.0,RTOChowk,r3,r3_15.csv,LOW,1.0,15
1900-01-01 09:00:00,UP,0.0,0.0,0.0,0.0,0.0,RTOChowk,r3,r3_15.csv,LOW,0.0,15
1900-01-01 09:05:00,DOWN,0.0,0.0,0.0,0.0,0.0,RTOChowk,r3,r3_15.csv,LOW,0.0,15
1900-01-01 09:05:00,LEFT,37.0,70.0,0.0,3.0,110.0,RTOChowk,r3,r3_15.csv,HIGH,81.0,38
1900-01-01 09:05:00,RIGHT,0.0,3.0,0.0,0.0,3.0,RTOChowk,r3,r3_15.csv,LOW,1.5,15
1900-01-01 09:05:00,UP,0.0,0.0,0.0,0.0,0.0,RTOChowk,r3,r3_15.csv,LOW,0.0,15
1900-01-01 09:10:00,DOWN,0.0,0.0,0.0,0.0,0.0,RTOChowk,r3,r3_15.csv,LOW,0.0,15
1900-01-01 09:10:00,LEFT,38.0,73.0,0.0,16.0,127.0,RTOChowk,r3,r3_15.csv,HIGH,122.5,50
1900-01-01 09:10:00,RIGHT,0.0,1.0,0.0,0.0,1.0,RTOChowk,r3,r3_15.csv,LOW,0.5,15
1900-01-01 09:10:00,UP,0.0,0.0,0.0,0.0,0.0,RTOChowk,r3,r3_15.csv,LOW,0.0,15
1900-01-01 09:15:00,DOWN,0.0,0.0,0.0,0.0,0.0,RTOChowk,r3,r3_15.csv,LOW,0.0,15
1900-01-01 09:15:00,LEFT,50.0,97.0,1.0,10.0,158.0,RTOChowk,r3,r3_15.csv,VERY_HIGH,131.0,53
1900-01-01 09:15:00,RIGHT,0.0,0.0,0.0,0.0,0.0,RTOChowk,r3,r3_15.csv,LOW,0.0,15
1900-01-01 09:15:00,UP,1.0,0.0,0.0,0.0,1.0,RTOChowk,r3,r3_15.csv,LOW,1.0,15
1900-01-01 09:20:00,DOWN,0.0,0.0,0.0,0.0,0.0,RTOChowk,r3,r3_15.csv,LOW,0.0,15
1900-01-01 09:20:00,LEFT,46.0,102.0,3.0,10.0,161.0,RTOChowk,r3,r3_15.csv,VERY_HIGH,134.5,54
1900-01-01 09:20:00,RIGHT,0.0,0.0,0.0,0.0,0.0,RTOChowk,r3,r3_15.csv,LOW,0.0,15
1900-01-01 09:20:00,UP,0.0,0.0,0.0,1.0,1.0,RTOChowk,r3,r3_15.csv,LOW,3.0,16
1900-01-01 09:25:00,DOWN,0.0,0.0,0.0,0.0,0.0,RTOChowk,r3,r3_15.csv,LOW,0.0,15
1900-01-01 09:25:00,LEFT,45.0,115.0,0.0,10.0,170.0,RTOChowk,r3,r3_15.csv,VERY_HIGH,132.5,53
1900-01-01 09:25:00,RIGHT,0.0,3.0,0.0,0.0,3.0,RTOChowk,r3,r3_15.csv,LOW,1.5,15
1900-01-01 09:25:00,UP,2.0,0.0,0.0,0.0,2.0,RTOChowk,r3,r3_15.csv,LOW,2.0,16
1900-01-01 09:30:00,DOWN,0.0,0.0,0.0,0.0,0.0,RTOChowk,r3,r3_15.csv,LOW,0.0,15
1900-01-01 09:30:00,LEFT,40.0,58.0,2.0,18.0,118.0,RTOChowk,r3,r3_15.csv,HIGH,128.0,52
1900-01-01 09:30:00,RIGHT,0.0,4.0,0.0,0.0,4.0,RTOChowk,r3,r3_15.csv,LOW,2.0,16
1900-01-01 09:30:00,UP,0.0,0.0,0.0,2.0,2.0,RTOChowk,r3,r3_15.csv,LOW,6.0,17
1900-01-01 09:35:00,DOWN,1.0,0.0,0.0,0.0,1.0,RTOChowk,r3,r3_15.csv,LOW,1.0,15
1900-01-01 09:35:00,LEFT,45.0,103.0,0.0,19.0,167.0,RTOChowk,r3,r3_15.csv,VERY_HIGH,153.5,59
1900-01-01 09:35:00,RIGHT,1.0,2.0,0.0,0.0,3.0,RTOChowk,r3,r3_15.csv,LOW,2.0,16
1900-01-01 09:35:00,UP,0.0,1.0,0.0,0.0,1.0,RTOChowk,r3,r3_15.csv,LOW,0.5,15
1900-01-01 09:40:00,DOWN,0.0,0.0,0.0,1.0,1.0,RTOChowk,r3,r3_15.csv,LOW,3.0,16
1900-01-01 09:40:00,LEFT,35.0,81.0,1.0,21.0,138.0,RTOChowk,r3,r3_15.csv,HIGH,141.0,56
1900-01-01 09:40:00,RIGHT,1.0,1.0,0.0,0.0,2.0,RTOChowk,r3,r3_15.csv,LOW,1.5,15
1900-01-01 09:40:00,UP,0.0,0.0,0.0,1.0,1.0,RTOChowk,r3,r3_15.csv,LOW,3.0,16
1900-01-01 09:45:00,DOWN,0.0,0.0,0.0,0.0,0.0,RTOChowk,r3,r3_15.csv,LOW,0.0,15
1900-01-01 09:45:00,LEFT,32.0,62.0,1.0,10.0,105.0,RTOChowk,r3,r3_15.csv,HIGH,95.5,43
1900-01-01 09:45:00,RIGHT,0.0,3.0,0.0,0.0,3.0,RTOChowk,r3,r3_15.csv,LOW,1.5,15
1900-01-01 09:45:00,UP,1.0,0.0,2.0,1.0,4.0,RTOChowk,r3,r3_15.csv,LOW,9.0,18
1900-01-01 09:50:00,DOWN,1.0,0.0,0.0,0.0,1.0,RTOChowk,r3,r3_15.csv,LOW,1.0,15
1900-01-01 09:50:00,LEFT,39.0,77.0,0.0,13.0,129.0,RTOChowk,r3,r3_15.csv,HIGH,116.5,49
1900-01-01 09:50:00,RIGHT,0.0,4.0,0.0,0.0,4.0,RTOChowk,r3,r3_15.csv,LOW,2.0,16
1900-01-01 09:50:00,UP,0.0,0.0,0.0,0.0,0.0,RTOChowk,r3,r3_15.csv,LOW,0.0,15
1900-01-01 09:55:00,DOWN,0.0,0.0,0.0,0.0,0.0,RTOChowk,r3,r3_15.csv,LOW,0.0,15
1900-01-01 09:55:00,LEFT,55.0,66.0,2.0,16.0,139.0,RTOChowk,r3,r3_15.csv,HIGH,141.0,56
1900-01-01 09:55:00,RIGHT,0.0,0.0,0.0,0.0,0.0,RTOChowk,r3,r3_15.csv,LOW,0.0,15
1900-01-01 09:55:00,UP,0.0,0.0,0.0,0.0,0.0,RTOChowk,r3,r3_15.csv,LOW,0.0,15
1900-01-01 10:00:00,DOWN,0.0,1.0,0.0,0.0,1.0,RTOChowk,r3,r3_15.csv,LOW,0.5,15
1900-01-01 10:00:00,LEFT,49.0,73.0,0.0,18.0,140.0,RTOChowk,r3,r3_15.csv,HIGH,139.5,55
1900-01-01 10:00:00,RIGHT,0.0,1.0,0.0,0.0,1.0,RTOChowk,r3,r3_15.csv,LOW,0.5,15
1900-01-01 10:00:00,UP,0.0,0.0,0.0,0.0,0.0,RTOChowk,r3,r3_15.csv,LOW,0.0,15
1900-01-01 10:05:00,DOWN,0.0,1.0,0.0,0.0,1.0,RTOChowk,r3,r3_15.csv,LOW,0.5,15
1900-01-01 10:05:00,LEFT,33.0,60.0,0.0,7.0,100.0,RTOChowk,r3,r3_15.csv,HIGH,84.0,39
1900-01-01 10:05:00,RIGHT,0.0,2.0,0.0,0.0,2.0,RTOChowk,r3,r3_15.csv,LOW,1.0,15
1900-01-01 10:05:00,UP,0.0,0.0,0.0,0.0,0.0,RTOChowk,r3,r3_15.csv,LOW,0.0,15
1900-01-01 10:10:00,DOWN,0.0,0.0,0.0,0.0,0.0,RTOChowk,r3,r3_15.csv,LOW,0.0,15
1900-01-01 10:10:00,LEFT,43.0,58.0,1.0,19.0,121.0,RTOChowk,r3,r3_15.csv,HIGH,131.5,53
1900-01-01 10:10:00,RIGHT,0.0,0.0,0.0,1.0,1.0,RTOChowk,r3,r3_15.csv,LOW,3.0,16
1900-01-01 10:10:00,UP,0.0,0.0,0.0,0.0,0.0,RTOChowk,r3,r3_15.csv,LOW,0.0,15
1900-01-01 10:15:00,DOWN,0.0,0.0,0.0,0.0,0.0,RTOChowk,r3,r3_15.csv,LOW,0.0,15
1900-01-01 10:15:00,LEFT,48.0,74.0,3.0,23.0,148.0,RTOChowk,r3,r3_15.csv,HIGH,161.5,60
1900-01-01 10:15:00,RIGHT,0.0,1.0,0.0,0.0,1.0,RTOChowk,r3,r3_15.csv,LOW,0.5,15
1900-01-01 10:15:00,UP,0.0,1.0,0.0,0.0,1.0,RTOChowk,r3,r3_15.csv,LOW,0.5,15
1900-01-01 10:20:00,DOWN,0.0,0.0,0.0,0.0,0.0,RTOChowk,r3,r3_15.csv,LOW,0.0,15
1900-01-01 10:20:00,LEFT,29.0,77.0,1.0,15.0,122.0,RTOChowk,r3,r3_15.csv,HIGH,115.0,48
1900-01-01 10:20:00,RIGHT,0.0,2.0,0.0,0.0,2.0,RTOChowk,r3,r3_15.csv,LOW,1.0,15
1900-01-01 10:20:00,UP,0.0,0.0,0.0,0.0,0.0,RTOChowk,r3,r3_15.csv,LOW,0.0,15
1900-01-01 10:25:00,DOWN,0.0,0.0,0.0,0.0,0.0,RTOChowk,r3,r3_15.csv,LOW,0.0,15
1900-01-01 10:25:00,LEFT,51.0,85.0,1.0,8.0,145.0,RTOChowk,r3,r3_15.csv,HIGH,120.0,50
1900-01-01 10:25:00,RIGHT,1.0,2.0,0.0,0.0,3.0,RTOChowk,r3,r3_15.csv,LOW,2.0,16
1900-01-01 10:25:00,UP,0.0,0.0,0.0,0.0,0.0,RTOChowk,r3,r3_15.csv,LOW,0.0,15
1900-01-01 10:30:00,DOWN,0.0,0.0,0.0,0.0,0.0,RTOChowk,r3,r3_15.csv,LOW,0.0,15
1900-01-01 10:30:00,LEFT,48.0,109.0,0.0,8.0,165.0,RTOChowk,r3,r3_15.csv,VERY_HIGH,126.5,52
1900-01-01 10:30:00,RIGHT,2.0,2.0,0.0,0.0,4.0,RTOChowk,r3,r3_15.csv,LOW,3.0,16
1900-01-01 10:30:00,UP,2.0,0.0,0.0,0.0,2.0,RTOChowk,r3,r3_15.csv,LOW,2.0,16
1900-01-01 10:35:00,DOWN,0.0,0.0,0.0,0.0,0.0,RTOChowk,r3,r3_15.csv,LOW,0.0,15
1900-01-01 10:35:00,LEFT,45.0,75.0,1.0,14.0,135.0,RTOChowk,r3,r3_15.csv,HIGH,127.0,52
1900-01-01 10:35:00,RIGHT,1.0,2.0,0.0,0.0,3.0,RTOChowk,r3,r3_15.csv,LOW,2.0,16
1900-01-01 10:35:00,UP,0.0,0.0,0.0,0.0,0.0,RTOChowk,r3,r3_15.csv,LOW,0.0,15
1900-01-01 10:40:00,DOWN,0.0,0.0,0.0,0.0,0.0,RTOChowk,r3,r3_15.csv,LOW,0.0,15
1900-01-01 10:40:00,LEFT,36.0,49.0,0.0,12.0,97.0,RTOChowk,r3,r3_15.csv,HIGH,96.5,43
1900-01-01 10:40:00,RIGHT,1.0,0.0,0.0,0.0,1.0,RTOChowk,r3,r3_15.csv,LOW,1.0,15
1900-01-01 10:40:00,UP,0.0,0.0,0.0,0.0,0.0,RTOChowk,r3,r3_15.csv,LOW,0.0,15
1900-01-01 10:45:00,DOWN,0.0,0.0,0.0,0.0,0.0,RTOChowk,r3,r3_15.csv,LOW,0.0,15
1900-01-01 10:45:00,LEFT,49.0,57.0,1.0,10.0,117.0,RTOChowk,r3,r3_15.csv,HIGH,110.0,47
1900-01-01 10:45:00,RIGHT,1.0,13.0,0.0,1.0,15.0,RTOChowk,r3,r3_15.csv,MEDIUM,10.5,18
1900-01-01 10:45:00,UP,0.0,0.0,0.0,0.0,0.0,RTOChowk,r3,r3_15.csv,LOW,0.0,15
1900-01-01 10:50:00,DOWN,0.0,0.0,0.0,0.0,0.0,RTOChowk,r3,r3_15.csv,LOW,0.0,15
1900-01-01 10:50:00,LEFT,42.0,40.0,1.0,13.0,96.0,RTOChowk,r3,r3_15.csv,HIGH,103.5,45
1900-01-01 10:50:00,RIGHT,0.0,0.0,0.0,0.0,0.0,RTOChowk,r3,r3_15.csv,LOW,0.0,15
1900-01-01 10:50:00,UP,2.0,3.0,0.0,0.0,5.0,RTOChowk,r3,r3_15.csv,MEDIUM,3.5,16
1900-01-01 10:55:00,DOWN,0.0,0.0,0.0,0.0,0.0,RTOChowk,r3,r3_15.csv,LOW,0.0,15
1900-01-01 10:55:00,LEFT,47.0,62.0,0.0,10.0,119.0,RTOChowk,r3,r3_15.csv,HIGH,108.0,46
1900-01-01 10:55:00,RIGHT,0.0,0.0,0.0,0.0,0.0,RTOChowk,r3,r3_15.csv,LOW,0.0,15
1900-01-01 10:55:00,UP,0.0,1.0,1.0,1.0,3.0,RTOChowk,r3,r3_15.csv,LOW,6.0,17
1900-01-01 11:00:00,DOWN,0.0,0.0,0.0,1.0,1.0,RTOChowk,r3,r3_15.csv,LOW,3.0,16
1900-01-01 11:00:00,LEFT,29.0,57.0,0.0,15.0,101.0,RTOChowk,r3,r3_15.csv,HIGH,102.5,45
1900-01-01 11:00:00,RIGHT,1.0,4.0,1.0,0.0,6.0,RTOChowk,r3,r3_15.csv,MEDIUM,5.5,17
1900-01-01 11:00:00,UP,0.0,0.0,0.0,2.0,2.0,RTOChowk,r3,r3_15.csv,LOW,6.0,17
1900-01-01 11:05:00,DOWN,0.0,1.0,0.0,0.0,1.0,RTOChowk,r3,r3_15.csv,LOW,0.5,15
1900-01-01 11:05:00,LEFT,58.0,96.0,1.0,16.0,171.0,RTOChowk,r3,r3_15.csv,VERY_HIGH,156.5,60
1900-01-01 11:05:00,RIGHT,0.0,1.0,0.0,0.0,1.0,RTOChowk,r3,r3_15.csv,LOW,0.5,15
1900-01-01 11:05:00,UP,1.0,1.0,0.0,0.0,2.0,RTOChowk,r3,r3_15.csv,LOW,1.5,15
1900-01-01 11:10:00,DOWN,0.0,0.0,0.0,0.0,0.0,RTOChowk,r3,r3_15.csv,LOW,0.0,15
1900-01-01 11:10:00,LEFT,45.0,75.0,0.0,17.0,137.0,RTOChowk,r3,r3_15.csv,HIGH,133.5,54
1900-01-01 11:10:00,RIGHT,0.0,10.0,0.0,0.0,10.0,RTOChowk,r3,r3_15.csv,MEDIUM,5.0,16
1900-01-01 11:10:00,UP,0.0,0.0,0.0,0.0,0.0,RTOChowk,r3,r3_15.csv,LOW,0.0,15
1900-01-01 11:15:00,DOWN,0.0,1.0,0.0,0.0,1.0,RTOChowk,r3,r3_15.csv,LOW,0.5,15
1900-01-01 11:15:00,LEFT,44.0,67.0,0.0,9.0,120.0,RTOChowk,r3,r3_15.csv,HIGH,104.5,45
1900-01-01 11:15:00,RIGHT,0.0,1.0,0.0,0.0,1.0,RTOChowk,r3,r3_15.csv,LOW,0.5,15
1900-01-01 11:15:00,UP,0.0,0.0,0.0,0.0,0.0,RTOChowk,r3,r3_15.csv,LOW,0.0,15
1900-01-01 11:20:00,DOWN,0.0,0.0,0.0,0.0,0.0,RTOChowk,r3,r3_15.csv,LOW,0.0,15
1900-01-01 11:20:00,LEFT,36.0,69.0,0.0,14.0,119.0,RTOChowk,r3,r3_15.csv,HIGH,112.5,48
1900-01-01 11:20:00,RIGHT,0.0,1.0,0.0,0.0,1.0,RTOChowk,r3,r3_15.csv,LOW,0.5,15
1900-01-01 11:20:00,UP,0.0,0.0,0.0,0.0,0.0,RTOChowk,r3,r3_15.csv,LOW,0.0,15
1900-01-01 11:25:00,DOWN,0.0,0.0,0.0,0.0,0.0,RTOChowk,r3,r3_15.csv,LOW,0.0,15
1900-01-01 11:25:00,LEFT,53.0,97.0,1.0,21.0,172.0,RTOChowk,r3,r3_15.csv,VERY_HIGH,167.0,60
1900-01-01 11:25:00,RIGHT,1.0,0.0,0.0,0.0,1.0,RTOChowk,r3,r3_15.csv,LOW,1.0,15
1900-01-01 11:25:00,UP,0.0,0.0,0.0,1.0,1.0,RTOChowk,r3,r3_15.csv,LOW,3.0,16
1900-01-01 11:30:00,DOWN,0.0,0.0,0.0,0.0,0.0,RTOChowk,r3,r3_15.csv,LOW,0.0,15
1900-01-01 11:30:00,LEFT,44.0,94.0,0.0,16.0,154.0,RTOChowk,r3,r3_15.csv,VERY_HIGH,139.0,55
1900-01-01 11:30:00,RIGHT,0.0,4.0,0.0,0.0,4.0,RTOChowk,r3,r3_15.csv,LOW,2.0,16
1900-01-01 11:30:00,UP,0.0,1.0,0.0,0.0,1.0,RTOChowk,r3,r3_15.csv,LOW,0.5,15
1900-01-01 11:35:00,DOWN,0.0,0.0,0.0,0.0,0.0,RTOChowk,r3,r3_15.csv,LOW,0.0,15
1900-01-01 11:35:00,LEFT,50.0,86.0,1.0,16.0,153.0,RTOChowk,r3,r3_15.csv,HIGH,143.5,57
1900-01-01 11:35:00,RIGHT,1.0,2.0,0.0,0.0,3.0,RTOChowk,r3,r3_15.csv,LOW,2.0,16
1900-01-01 11:35:00,UP,1.0,0.0,0.0,0.0,1.0,RTOChowk,r3,r3_15.csv,LOW,1.0,15
1900-01-01 11:40:00,DOWN,0.0,0.0,0.0,0.0,0.0,RTOChowk,r3,r3_15.csv,LOW,0.0,15
1900-01-01 11:40:00,LEFT,58.0,93.0,0.0,18.0,169.0,RTOChowk,r3,r3_15.csv,VERY_HIGH,158.5,60
1900-01-01 11:40:00,RIGHT,0.0,1.0,0.0,0.0,1.0,RTOChowk,r3,r3_15.csv,LOW,0.5,15
1900-01-01 11:40:00,UP,0.0,0.0,0.0,0.0,0.0,RTOChowk,r3,r3_15.csv,LOW,0.0,15
1900-01-01 11:45:00,DOWN,0.0,0.0,0.0,0.0,0.0,RTOChowk,r3,r3_15.csv,LOW,0.0,15
1900-01-01 11:45:00,LEFT,39.0,86.0,0.0,16.0,141.0,RTOChowk,r3,r3_15.csv,HIGH,130.0,53
1900-01-01 11:45:00,RIGHT,1.0,1.0,0.0,1.0,3.0,RTOChowk,r3,r3_15.csv,LOW,4.5,16
1900-01-01 11:45:00,UP,0.0,0.0,0.0,0.0,0.0,RTOChowk,r3,r3_15.csv,LOW,0.0,15
1900-01-01 11:50:00,DOWN,0.0,0.0,0.0,0.0,0.0,RTOChowk,r3,r3_15.csv,LOW,0.0,15
1900-01-01 11:50:00,LEFT,47.0,64.0,0.0,9.0,120.0,RTOChowk,r3,r3_15.csv,HIGH,106.0,46
1900-01-01 11:50:00,RIGHT,1.0,1.0,0.0,0.0,2.0,RTOChowk,r3,r3_15.csv,LOW,1.5,15
1900-01-01 11:50:00,UP,0.0,0.0,0.0,0.0,0.0,RTOChowk,r3,r3_15.csv,LOW,0.0,15
1900-01-01 11:55:00,DOWN,0.0,0.0,0.0,0.0,0.0,RTOChowk,r3,r3_15.csv,LOW,0.0,15
1900-01-01 11:55:00,LEFT,40.0,76.0,0.0,15.0,131.0,RTOChowk,r3,r3_15.csv,HIGH,123.0,51
1900-01-01 11:55:00,RIGHT,1.0,1.0,0.0,0.0,2.0,RTOChowk,r3,r3_15.csv,LOW,1.5,15
1900-01-01 11:55:00,UP,0.0,0.0,0.0,0.0,0.0,RTOChowk,r3,r3_15.csv,LOW,0.0,15
1900-01-01 12:00:00,DOWN,0.0,0.0,0.0,0.0,0.0,RTOChowk,r3,r3_15.csv,LOW,0.0,15
1900-01-01 12:00:00,LEFT,9.0,4.0,1.0,2.0,16.0,RTOChowk,r3,r3_15.csv,MEDIUM,19.5,21
1900-01-01 12:00:00,RIGHT,0.0,0.0,0.0,0.0,0.0,RTOChowk,r3,r3_15.csv,LOW,0.0,15
1900-01-01 12:00:00,UP,2.0,0.0,1.0,0.0,3.0,RTOChowk,r3,r3_15.csv,LOW,4.5,16
1900-01-01 08:55:00,DOWN,0.0,0.0,0.0,0.0,0.0,RTOChowk,r3,r3_14.csv,LOW,0.0,15
1900-01-01 08:55:00,LEFT,6.0,10.0,0.0,1.0,17.0,RTOChowk,r3,r3_14.csv,MEDIUM,14.0,19
1900-01-01 08:55:00,RIGHT,0.0,0.0,0.0,0.0,0.0,RTOChowk,r3,r3_14.csv,LOW,0.0,15
1900-01-01 08:55:00,UP,0.0,0.0,0.0,0.0,0.0,RTOChowk,r3,r3_14.csv,LOW,0.0,15
1900-01-01 09:00:00,DOWN,0.0,0.0,0.0,0.0,0.0,RTOChowk,r3,r3_14.csv,LOW,0.0,15
1900-01-01 09:00:00,LEFT,27.0,79.0,2.0,11.0,119.0,RTOChowk,r3,r3_14.csv,HIGH,104.5,45
1900-01-01 09:00:00,RIGHT,0.0,2.0,0.0,0.0,2.0,RTOChowk,r3,r3_14.csv,LOW,1.0,15
1900-01-01 09:00:00,UP,1.0,0.0,0.0,1.0,2.0,RTOChowk,r3,r3_14.csv,LOW,4.0,16
1900-01-01 09:05:00,DOWN,0.0,0.0,0.0,0.0,0.0,RTOChowk,r3,r3_14.csv,LOW,0.0,15
1900-01-01 09:05:00,LEFT,33.0,80.0,2.0,10.0,125.0,RTOChowk,r3,r3_14.csv,HIGH,108.0,46
1900-01-01 09:05:00,RIGHT,6.0,4.0,0.0,0.0,10.0,RTOChowk,r3,r3_14.csv,MEDIUM,8.0,17
1900-01-01 09:05:00,UP,0.0,0.0,1.0,0.0,1.0,RTOChowk,r3,r3_14.csv,LOW,2.5,16
1900-01-01 09:10:00,DOWN,0.0,0.0,0.0,0.0,0.0,RTOChowk,r3,r3_14.csv,LOW,0.0,15
1900-01-01 09:10:00,LEFT,55.0,82.0,0.0,14.0,151.0,RTOChowk,r3,r3_14.csv,HIGH,138.0,55
1900-01-01 09:10:00,RIGHT,0.0,2.0,0.0,0.0,2.0,RTOChowk,r3,r3_14.csv,LOW,1.0,15
1900-01-01 09:10:00,UP,0.0,0.0,0.0,0.0,0.0,RTOChowk,r3,r3_14.csv,LOW,0.0,15
1900-01-01 09:15:00,DOWN,1.0,0.0,0.0,0.0,1.0,RTOChowk,r3,r3_14.csv,LOW,1.0,15
1900-01-01 09:15:00,LEFT,44.0,103.0,1.0,9.0,157.0,RTOChowk,r3,r3_14.csv,VERY_HIGH,125.0,51
1900-01-01 09:15:00,RIGHT,1.0,1.0,0.0,0.0,2.0,RTOChowk,r3,r3_14.csv,LOW,1.5,15
1900-01-01 09:15:00,UP,2.0,0.0,0.0,0.0,2.0,RTOChowk,r3,r3_14.csv,LOW,2.0,16
1900-01-01 09:20:00,DOWN,0.0,1.0,0.0,0.0,1.0,RTOChowk,r3,r3_14.csv,LOW,0.5,15
1900-01-01 09:20:00,LEFT,42.0,91.0,1.0,14.0,148.0,RTOChowk,r3,r3_14.csv,HIGH,132.0,53
1900-01-01 09:20:00,RIGHT,0.0,0.0,0.0,0.0,0.0,RTOChowk,r3,r3_14.csv,LOW,0.0,15
1900-01-01 09:20:00,UP,0.0,0.0,0.0,0.0,0.0,RTOChowk,r3,r3_14.csv,LOW,0.0,15
1900-01-01 09:25:00,DOWN,0.0,0.0,0.0,0.0,0.0,RTOChowk,r3,r3_14.csv,LOW,0.0,15
1900-01-01 09:25:00,LEFT,61.0,85.0,0.0,12.0,158.0,RTOChowk,r3,r3_14.csv,VERY_HIGH,139.5,55
1900-01-01 09:25:00,RIGHT,0.0,0.0,0.0,0.0,0.0,RTOChowk,r3,r3_14.csv,LOW,0.0,15
1900-01-01 09:25:00,UP,8.0,0.0,0.0,0.0,8.0,RTOChowk,r3,r3_14.csv,MEDIUM,8.0,17
1900-01-01 09:30:00,DOWN,0.0,0.0,0.0,0.0,0.0,RTOChowk,r3,r3_14.csv,LOW,0.0,15
1900-01-01 09:30:00,LEFT,46.0,67.0,0.0,9.0,122.0,RTOChowk,r3,r3_14.csv,HIGH,106.5,46
1900-01-01 09:30:00,RIGHT,0.0,0.0,0.0,1.0,1.0,RTOChowk,r3,r3_14.csv,LOW,3.0,16
1900-01-01 09:30:00,UP,0.0,0.0,0.0,0.0,0.0,RTOChowk,r3,r3_14.csv,LOW,0.0,15
1900-01-01 09:35:00,DOWN,0.0,0.0,0.0,0.0,0.0,RTOChowk,r3,r3_14.csv,LOW,0.0,15
1900-01-01 09:35:00,LEFT,53.0,110.0,0.0,8.0,171.0,RTOChowk,r3,r3_14.csv,VERY_HIGH,132.0,53
1900-01-01 09:35:00,RIGHT,0.0,2.0,0.0,0.0,2.0,RTOChowk,r3,r3_14.csv,LOW,1.0,15
1900-01-01 09:35:00,UP,0.0,0.0,0.0,0.0,0.0,RTOChowk,r3,r3_14.csv,LOW,0.0,15
1900-01-01 09:40:00,DOWN,0.0,0.0,0.0,1.0,1.0,RTOChowk,r3,r3_14.csv,LOW,3.0,16
1900-01-01 09:40:00,LEFT,46.0,90.0,1.0,12.0,149.0,RTOChowk,r3,r3_14.csv,HIGH,129.5,52
1900-01-01 09:40:00,RIGHT,0.0,2.0,0.0,2.0,4.0,RTOChowk,r3,r3_14.csv,LOW,7.0,17
1900-01-01 09:40:00,UP,1.0,0.0,0.0,0.0,1.0,RTOChowk,r3,r3_14.csv,LOW,1.0,15
1900-01-01 09:45:00,DOWN,1.0,0.0,0.0,0.0,1.0,RTOChowk,r3,r3_14.csv,LOW,1.0,15
1900-01-01 09:45:00,LEFT,30.0,67.0,1.0,7.0,105.0,RTOChowk,r3,r3_14.csv,HIGH,87.0,40
1900-01-01 09:45:00,RIGHT,4.0,6.0,0.0,0.0,10.0,RTOChowk,r3,r3_14.csv,MEDIUM,7.0,17
1900-01-01 09:45:00,UP,7.0,0.0,0.0,0.0,7.0,RTOChowk,r3,r3_14.csv,MEDIUM,7.0,17
1900-01-01 09:50:00,DOWN,0.0,0.0,0.0,0.0,0.0,RTOChowk,r3,r3_14.csv,LOW,0.0,15
1900-01-01 09:50:00,LEFT,59.0,100.0,0.0,21.0,180.0,RTOChowk,r3,r3_14.csv,VERY_HIGH,172.0,60
1900-01-01 09:50:00,RIGHT,0.0,1.0,0.0,0.0,1.0,RTOChowk,r3,r3_14.csv,LOW,0.5,15
1900-01-01 09:50:00,UP,0.0,0.0,1.0,0.0,1.0,RTOChowk,r3,r3_14.csv,LOW,2.5,16
1900-01-01 09:55:00,DOWN,0.0,0.0,0.0,0.0,0.0,RTOChowk,r3,r3_14.csv,LOW,0.0,15
1900-01-01 09:55:00,LEFT,40.0,90.0,1.0,12.0,143.0,RTOChowk,r3,r3_14.csv,HIGH,123.5,51
1900-01-01 09:55:00,RIGHT,1.0,6.0,0.0,2.0,9.0,RTOChowk,r3,r3_14.csv,MEDIUM,10.0,18
1900-01-01 09:55:00,UP,0.0,0.0,0.0,0.0,0.0,RTOChowk,r3,r3_14.csv,LOW,0.0,15
1900-01-01 10:00:00,DOWN,0.0,0.0,0.0,0.0,0.0,RTOChowk,r3,r3_14.csv,LOW,0.0,15
1900-01-01 10:00:00,LEFT,31.0,92.0,1.0,11.0,135.0,RTOChowk,r3,r3_14.csv,HIGH,112.5,48
1900-01-01 10:00:00,RIGHT,0.0,3.0,0.0,0.0,3.0,RTOChowk,r3,r3_14.csv,LOW,1.5,15
1900-01-01 10:00:00,UP,0.0,0.0,0.0,0.0,0.0,RTOChowk,r3,r3_14.csv,LOW,0.0,15
1900-01-01 10:05:00,DOWN,0.0,0.0,0.0,0.0,0.0,RTOChowk,r3,r3_14.csv,LOW,0.0,15
1900-01-01 10:05:00,LEFT,43.0,81.0,0.0,9.0,133.0,RTOChowk,r3,r3_14.csv,HIGH,110.5,47
1900-01-01 10:05:00,RIGHT,0.0,1.0,0.0,0.0,1.0,RTOChowk,r3,r3_14.csv,LOW,0.5,15
1900-01-01 10:05:00,UP,0.0,0.0,0.0,0.0,0.0,RTOChowk,r3,r3_14.csv,LOW,0.0,15
1900-01-01 10:10:00,DOWN,0.0,0.0,0.0,0.0,0.0,RTOChowk,r3,r3_14.csv,LOW,0.0,15
1900-01-01 10:10:00,LEFT,43.0,72.0,1.0,8.0,124.0,RTOChowk,r3,r3_14.csv,HIGH,105.5,46
1900-01-01 10:10:00,RIGHT,1.0,0.0,0.0,0.0,1.0,RTOChowk,r3,r3_14.csv,LOW,1.0,15
1900-01-01 10:10:00,UP,1.0,0.0,0.0,0.0,1.0,RTOChowk,r3,r3_14.csv,LOW,1.0,15
1900-01-01 10:15:00,DOWN,0.0,0.0,0.0,0.0,0.0,RTOChowk,r3,r3_14.csv,LOW,0.0,15
1900-01-01 10:15:00,LEFT,36.0,66.0,1.0,11.0,114.0,RTOChowk,r3,r3_14.csv,HIGH,104.5,45
1900-01-01 10:15:00,RIGHT,0.0,1.0,0.0,0.0,1.0,RTOChowk,r3,r3_14.csv,LOW,0.5,15
1900-01-01 10:15:00,UP,0.0,0.0,0.0,0.0,0.0,RTOChowk,r3,r3_14.csv,LOW,0.0,15
1900-01-01 10:20:00,DOWN,0.0,0.0,0.0,0.0,0.0,RTOChowk,r3,r3_14.csv,LOW,0.0,15
1900-01-01 10:20:00,LEFT,41.0,54.0,0.0,7.0,102.0,RTOChowk,r3,r3_14.csv,HIGH,89.0,41
1900-01-01 10:20:00,RIGHT,1.0,0.0,0.0,0.0,1.0,RTOChowk,r3,r3_14.csv,LOW,1.0,15
1900-01-01 10:20:00,UP,0.0,0.0,1.0,0.0,1.0,RTOChowk,r3,r3_14.csv,LOW,2.5,16
1900-01-01 10:25:00,DOWN,0.0,0.0,0.0,0.0,0.0,RTOChowk,r3,r3_14.csv,LOW,0.0,15
1900-01-01 10:25:00,LEFT,39.0,86.0,0.0,19.0,144.0,RTOChowk,r3,r3_14.csv,HIGH,139.0,55
1900-01-01 10:25:00,RIGHT,0.0,1.0,0.0,1.0,2.0,RTOChowk,r3,r3_14.csv,LOW,3.5,16
1900-01-01 10:25:00,UP,0.0,0.0,0.0,0.0,0.0,RTOChowk,r3,r3_14.csv,LOW,0.0,15
1900-01-01 10:30:00,DOWN,0.0,0.0,0.0,0.0,0.0,RTOChowk,r3,r3_14.csv,LOW,0.0,15
1900-01-01 10:30:00,LEFT,54.0,86.0,0.0,19.0,159.0,RTOChowk,r3,r3_14.csv,VERY_HIGH,154.0,60
1900-01-01 10:30:00,RIGHT,0.0,1.0,0.0,0.0,1.0,RTOChowk,r3,r3_14.csv,LOW,0.5,15
1900-01-01 10:30:00,UP,1.0,0.0,0.0,1.0,2.0,RTOChowk,r3,r3_14.csv,LOW,4.0,16
1900-01-01 10:35:00,DOWN,0.0,0.0,0.0,0.0,0.0,RTOChowk,r3,r3_14.csv,LOW,0.0,15
1900-01-01 10:35:00,LEFT,46.0,85.0,0.0,12.0,143.0,RTOChowk,r3,r3_14.csv,HIGH,124.5,51
1900-01-01 10:35:00,RIGHT,0.0,1.0,0.0,0.0,1.0,RTOChowk,r3,r3_14.csv,LOW,0.5,15
1900-01-01 10:35:00,UP,0.0,0.0,0.0,0.0,0.0,RTOChowk,r3,r3_14.csv,LOW,0.0,15
1900-01-01 10:40:00,DOWN,0.0,0.0,0.0,0.0,0.0,RTOChowk,r3,r3_14.csv,LOW,0.0,15
1900-01-01 10:40:00,LEFT,26.0,70.0,0.0,19.0,115.0,RTOChowk,r3,r3_14.csv,HIGH,118.0,49
1900-01-01 10:40:00,RIGHT,0.0,0.0,0.0,2.0,2.0,RTOChowk,r3,r3_14.csv,LOW,6.0,17
1900-01-01 10:40:00,UP,0.0,0.0,0.0,0.0,0.0,RTOChowk,r3,r3_14.csv,LOW,0.0,15
1900-01-01 10:45:00,DOWN,0.0,0.0,0.0,0.0,0.0,RTOChowk,r3,r3_14.csv,LOW,0.0,15
1900-01-01 10:45:00,LEFT,53.0,85.0,0.0,16.0,154.0,RTOChowk,r3,r3_14.csv,VERY_HIGH,143.5,57
1900-01-01 10:45:00,RIGHT,0.0,0.0,0.0,0.0,0.0,RTOChowk,r3,r3_14.csv,LOW,0.0,15
1900-01-01 10:45:00,UP,0.0,0.0,0.0,0.0,0.0,RTOChowk,r3,r3_14.csv,LOW,0.0,15
1900-01-01 10:50:00,DOWN,0.0,0.0,0.0,0.0,0.0,RTOChowk,r3,r3_14.csv,LOW,0.0,15
1900-01-01 10:50:00,LEFT,38.0,67.0,0.0,10.0,115.0,RTOChowk,r3,r3_14.csv,HIGH,101.5,44
1900-01-01 10:50:00,RIGHT,0.0,7.0,0.0,0.0,7.0,RTOChowk,r3,r3_14.csv,MEDIUM,3.5,16
1900-01-01 10:50:00,UP,0.0,0.0,0.0,0.0,0.0,RTOChowk,r3,r3_14.csv,LOW,0.0,15
1900-01-01 10:55:00,DOWN,0.0,0.0,0.0,0.0,0.0,RTOChowk,r3,r3_14.csv,LOW,0.0,15
1900-01-01 10:55:00,LEFT,50.0,66.0,0.0,10.0,126.0,RTOChowk,r3,r3_14.csv,HIGH,113.0,48
1900-01-01 10:55:00,RIGHT,0.0,1.0,0.0,0.0,1.0,RTOChowk,r3,r3_14.csv,LOW,0.5,15
1900-01-01 10:55:00,UP,0.0,0.0,1.0,1.0,2.0,RTOChowk,r3,r3_14.csv,LOW,5.5,17
1900-01-01 11:00:00,DOWN,0.0,0.0,0.0,0.0,0.0,RTOChowk,r3,r3_14.csv,LOW,0.0,15
1900-01-01 11:00:00,LEFT,54.0,84.0,0.0,13.0,151.0,RTOChowk,r3,r3_14.csv,HIGH,135.0,54
1900-01-01 11:00:00,RIGHT,0.0,1.0,0.0,0.0,1.0,RTOChowk,r3,r3_14.csv,LOW,0.5,15
1900-01-01 11:00:00,UP,0.0,0.0,0.0,0.0,0.0,RTOChowk,r3,r3_14.csv,LOW,0.0,15
1900-01-01 11:05:00,DOWN,1.0,0.0,0.0,0.0,1.0,RTOChowk,r3,r3_14.csv,LOW,1.0,15
1900-01-01 11:05:00,LEFT,55.0,51.0,1.0,17.0,124.0,RTOChowk,r3,r3_14.csv,HIGH,134.0,54
1900-01-01 11:05:00,RIGHT,1.0,0.0,1.0,0.0,2.0,RTOChowk,r3,r3_14.csv,LOW,3.5,16
1900-01-01 11:05:00,UP,0.0,1.0,0.0,0.0,1.0,RTOChowk,r3,r3_14.csv,LOW,0.5,15
1900-01-01 11:10:00,DOWN,0.0,0.0,0.0,0.0,0.0,RTOChowk,r3,r3_14.csv,LOW,0.0,15
1900-01-01 11:10:00,LEFT,50.0,63.0,0.0,13.0,126.0,RTOChowk,r3,r3_14.csv,HIGH,120.5,50
1900-01-01 11:10:00,RIGHT,0.0,0.0,0.0,1.0,1.0,RTOChowk,r3,r3_14.csv,LOW,3.0,16
1900-01-01 11:10:00,UP,0.0,1.0,0.0,0.0,1.0,RTOChowk,r3,r3_14.csv,LOW,0.5,15
1900-01-01 11:15:00,DOWN,0.0,0.0,0.0,0.0,0.0,RTOChowk,r3,r3_14.csv,LOW,0.0,15
1900-01-01 11:15:00,LEFT,66.0,78.0,0.0,14.0,158.0,RTOChowk,r3,r3_14.csv,VERY_HIGH,147.0,58
1900-01-01 11:15:00,RIGHT,0.0,19.0,0.0,0.0,19.0,RTOChowk,r3,r3_14.csv,MEDIUM,9.5,18
1900-01-01 11:15:00,UP,0.0,0.0,0.0,0.0,0.0,RTOChowk,r3,r3_14.csv,LOW,0.0,15
1900-01-01 11:20:00,DOWN,0.0,0.0,0.0,0.0,0.0,RTOChowk,r3,r3_14.csv,LOW,0.0,15
1900-01-01 11:20:00,LEFT,40.0,77.0,0.0,10.0,127.0,RTOChowk,r3,r3_14.csv,HIGH,108.5,46
1900-01-01 11:20:00,RIGHT,1.0,1.0,0.0,0.0,2.0,RTOChowk,r3,r3_14.csv,LOW,1.5,15
1900-01-01 11:20:00,UP,0.0,0.0,0.0,0.0,0.0,RTOChowk,r3,r3_14.csv,LOW,0.0,15
1900-01-01 11:25:00,DOWN,0.0,0.0,0.0,0.0,0.0,RTOChowk,r3,r3_14.csv,LOW,0.0,15
1900-01-01 11:25:00,LEFT,47.0,61.0,0.0,11.0,119.0,RTOChowk,r3,r3_14.csv,HIGH,110.5,47
1900-01-01 11:25:00,RIGHT,0.0,1.0,0.0,0.0,1.0,RTOChowk,r3,r3_14.csv,LOW,0.5,15
1900-01-01 11:25:00,UP,0.0,0.0,0.0,0.0,0.0,RTOChowk,r3,r3_14.csv,LOW,0.0,15
1900-01-01 11:30:00,DOWN,0.0,0.0,0.0,0.0,0.0,RTOChowk,r3,r3_14.csv,LOW,0.0,15
1900-01-01 11:30:00,LEFT,48.0,73.0,0.0,10.0,131.0,RTOChowk,r3,r3_14.csv,HIGH,114.5,48
1900-01-01 11:30:00,RIGHT,1.0,1.0,0.0,0.0,2.0,RTOChowk,r3,r3_14.csv,LOW,1.5,15
1900-01-01 11:30:00,UP,0.0,0.0,0.0,0.0,0.0,RTOChowk,r3,r3_14.csv,LOW,0.0,15
1900-01-01 11:35:00,DOWN,0.0,0.0,0.0,0.0,0.0,RTOChowk,r3,r3_14.csv,LOW,0.0,15
1900-01-01 11:35:00,LEFT,44.0,51.0,0.0,10.0,105.0,RTOChowk,r3,r3_14.csv,HIGH,99.5,44
1900-01-01 11:35:00,RIGHT,0.0,2.0,0.0,0.0,2.0,RTOChowk,r3,r3_14.csv,LOW,1.0,15
1900-01-01 11:35:00,UP,1.0,0.0,0.0,0.0,1.0,RTOChowk,r3,r3_14.csv,LOW,1.0,15
1900-01-01 11:40:00,DOWN,0.0,0.0,0.0,0.0,0.0,RTOChowk,r3,r3_14.csv,LOW,0.0,15
1900-01-01 11:40:00,LEFT,50.0,75.0,1.0,11.0,137.0,RTOChowk,r3,r3_14.csv,HIGH,123.0,51
1900-01-01 11:40:00,RIGHT,1.0,2.0,0.0,0.0,3.0,RTOChowk,r3,r3_14.csv,LOW,2.0,16
1900-01-01 11:40:00,UP,2.0,1.0,0.0,0.0,3.0,RTOChowk,r3,r3_14.csv,LOW,2.5,16
1900-01-01 11:45:00,DOWN,0.0,0.0,0.0,0.0,0.0,RTOChowk,r3,r3_14.csv,LOW,0.0,15
1900-01-01 11:45:00,LEFT,38.0,80.0,0.0,14.0,132.0,RTOChowk,r3,r3_14.csv,HIGH,120.0,50
1900-01-01 11:45:00,RIGHT,1.0,1.0,0.0,0.0,2.0,RTOChowk,r3,r3_14.csv,LOW,1.5,15
1900-01-01 11:45:00,UP,1.0,0.0,0.0,0.0,1.0,RTOChowk,r3,r3_14.csv,LOW,1.0,15
1900-01-01 11:50:00,DOWN,0.0,1.0,0.0,0.0,1.0,RTOChowk,r3,r3_14.csv,LOW,0.5,15
1900-01-01 11:50:00,LEFT,49.0,55.0,1.0,10.0,115.0,RTOChowk,r3,r3_14.csv,HIGH,109.0,47
1900-01-01 11:50:00,RIGHT,0.0,1.0,0.0,0.0,1.0,RTOChowk,r3,r3_14.csv,LOW,0.5,15
1900-01-01 11:50:00,UP,2.0,1.0,0.0,0.0,3.0,RTOChowk,r3,r3_14.csv,LOW,2.5,16
1900-01-01 11:55:00,DOWN,0.0,0.0,0.0,0.0,0.0,RTOChowk,r3,r3_14.csv,LOW,0.0,15
1900-01-01 11:55:00,LEFT,54.0,60.0,0.0,16.0,130.0,RTOChowk,r3,r3_14.csv,HIGH,132.0,53
1900-01-01 11:55:00,RIGHT,0.0,3.0,0.0,0.0,3.0,RTOChowk,r3,r3_14.csv,LOW,1.5,15
1900-01-01 11:55:00,UP,1.0,0.0,0.0,0.0,1.0,RTOChowk,r3,r3_14.csv,LOW,1.0,15
1900-01-01 12:00:00,DOWN,0.0,0.0,0.0,0.0,0.0,RTOChowk,r3,r3_14.csv,LOW,0.0,15
1900-01-01 12:00:00,LEFT,13.0,20.0,0.0,3.0,36.0,RTOChowk,r3,r3_14.csv,MEDIUM,32.0,24
1900-01-01 12:00:00,RIGHT,0.0,1.0,0.0,0.0,1.0,RTOChowk,r3,r3_14.csv,LOW,0.5,15
1900-01-01 12:00:00,UP,0.0,0.0,0.0,0.0,0.0,RTOChowk,r3,r3_14.csv,LOW,0.0,15
1900-01-01 08:55:00,DOWN,0.0,0.0,0.0,0.0,0.0,RTOChowk,r3,r3_16.csv,LOW,0.0,15
1900-01-01 08:55:00,LEFT,0.0,0.0,0.0,2.0,2.0,RTOChowk,r3,r3_16.csv,LOW,6.0,17
1900-01-01 08:55:00,RIGHT,0.0,1.0,0.0,0.0,1.0,RTOChowk,r3,r3_16.csv,LOW,0.5,15
1900-01-01 08:55:00,UP,0.0,0.0,0.0,0.0,0.0,RTOChowk,r3,r3_16.csv,LOW,0.0,15
1900-01-01 09:00:00,DOWN,0.0,1.0,0.0,0.0,1.0,RTOChowk,r3,r3_16.csv,LOW,0.5,15
1900-01-01 09:00:00,LEFT,30.0,60.0,1.0,15.0,106.0,RTOChowk,r3,r3_16.csv,HIGH,107.5,46
1900-01-01 09:00:00,RIGHT,0.0,1.0,0.0,0.0,1.0,RTOChowk,r3,r3_16.csv,LOW,0.5,15
1900-01-01 09:00:00,UP,0.0,0.0,0.0,1.0,1.0,RTOChowk,r3,r3_16.csv,LOW,3.0,16
1900-01-01 09:05:00,DOWN,0.0,0.0,0.0,0.0,0.0,RTOChowk,r3,r3_16.csv,LOW,0.0,15
1900-01-01 09:05:00,LEFT,43.0,81.0,1.0,13.0,138.0,RTOChowk,r3,r3_16.csv,HIGH,125.0,51
1900-01-01 09:05:00,RIGHT,0.0,9.0,0.0,0.0,9.0,RTOChowk,r3,r3_16.csv,MEDIUM,4.5,16
1900-01-01 09:05:00,UP,0.0,0.0,0.0,0.0,0.0,RTOChowk,r3,r3_16.csv,LOW,0.0,15
1900-01-01 09:10:00,DOWN,0.0,0.0,0.0,0.0,0.0,RTOChowk,r3,r3_16.csv,LOW,0.0,15
1900-01-01 09:10:00,LEFT,33.0,86.0,0.0,7.0,126.0,RTOChowk,r3,r3_16.csv,HIGH,97.0,43
1900-01-01 09:10:00,RIGHT,0.0,3.0,0.0,0.0,3.0,RTOChowk,r3,r3_16.csv,LOW,1.5,15
1900-01-01 09:10:00,UP,0.0,0.0,0.0,0.0,0.0,RTOChowk,r3,r3_16.csv,LOW,0.0,15
1900-01-01 09:15:00,DOWN,0.0,0.0,0.0,0.0,0.0,RTOChowk,r3,r3_16.csv,LOW,0.0,15
1900-01-01 09:15:00,LEFT,29.0,92.0,0.0,16.0,137.0,RTOChowk,r3,r3_16.csv,HIGH,123.0,51
1900-01-01 09:15:00,RIGHT,1.0,0.0,0.0,1.0,2.0,RTOChowk,r3,r3_16.csv,LOW,4.0,16
1900-01-01 09:15:00,UP,1.0,0.0,0.0,0.0,1.0,RTOChowk,r3,r3_16.csv,LOW,1.0,15
1900-01-01 09:20:00,DOWN,0.0,0.0,0.0,0.0,0.0,RTOChowk,r3,r3_16.csv,LOW,0.0,15
1900-01-01 09:20:00,LEFT,36.0,98.0,1.0,15.0,150.0,RTOChowk,r3,r3_16.csv,HIGH,132.5,53
1900-01-01 09:20:00,RIGHT,0.0,1.0,0.0,0.0,1.0,RTOChowk,r3,r3_16.csv,LOW,0.5,15
1900-01-01 09:20:00,UP,0.0,0.0,0.0,0.0,0.0,RTOChowk,r3,r3_16.csv,LOW,0.0,15
1900-01-01 09:25:00,DOWN,0.0,1.0,0.0,0.0,1.0,RTOChowk,r3,r3_16.csv,LOW,0.5,15
1900-01-01 09:25:00,LEFT,47.0,109.0,0.0,19.0,175.0,RTOChowk,r3,r3_16.csv,VERY_HIGH,158.5,60
1900-01-01 09:25:00,RIGHT,1.0,1.0,0.0,1.0,3.0,RTOChowk,r3,r3_16.csv,LOW,4.5,16
1900-01-01 09:25:00,UP,0.0,0.0,0.0,0.0,0.0,RTOChowk,r3,r3_16.csv,LOW,0.0,15
1900-01-01 09:30:00,DOWN,0.0,0.0,0.0,0.0,0.0,RTOChowk,r3,r3_16.csv,LOW,0.0,15
1900-01-01 09:30:00,LEFT,30.0,85.0,1.0,9.0,125.0,RTOChowk,r3,r3_16.csv,HIGH,102.0,45
1900-01-01 09:30:00,RIGHT,0.0,2.0,0.0,1.0,3.0,RTOChowk,r3,r3_16.csv,LOW,4.0,16
1900-01-01 09:30:00,UP,0.0,0.0,0.0,0.0,0.0,RTOChowk,r3,r3_16.csv,LOW,0.0,15
1900-01-01 09:35:00,DOWN,0.0,0.0,0.0,0.0,0.0,RTOChowk,r3,r3_16.csv,LOW,0.0,15
1900-01-01 09:35:00,LEFT,57.0,79.0,0.0,8.0,144.0,RTOChowk,r3,r3_16.csv,HIGH,120.5,50
1900-01-01 09:35:00,RIGHT,0.0,3.0,0.0,1.0,4.0,RTOChowk,r3,r3_16.csv,LOW,4.5,16
1900-01-01 09:35:00,UP,0.0,0.0,0.0,0.0,0.0,RTOChowk,r3,r3_16.csv,LOW,0.0,15
1900-01-01 09:40:00,DOWN,0.0,0.0,0.0,1.0,1.0,RTOChowk,r3,r3_16.csv,LOW,3.0,16
1900-01-01 09:40:00,LEFT,55.0,85.0,0.0,14.0,154.0,RTOChowk,r3,r3_16.csv,VERY_HIGH,139.5,55
1900-01-01 09:40:00,RIGHT,0.0,4.0,1.0,2.0,7.0,RTOChowk,r3,r3_16.csv,MEDIUM,10.5,18
1900-01-01 09:40:00,UP,0.0,0.0,0.0,1.0,1.0,RTOChowk,r3,r3_16.csv,LOW,3.0,16
1900-01-01 09:45:00,DOWN,0.0,0.0,0.0,0.0,0.0,RTOChowk,r3,r3_16.csv,LOW,0.0,15
1900-01-01 09:45:00,LEFT,38.0,73.0,1.0,9.0,121.0,RTOChowk,r3,r3_16.csv,HIGH,104.0,45
1900-01-01 09:45:00,RIGHT,32.0,8.0,0.0,0.0,40.0,RTOChowk,r3,r3_16.csv,MEDIUM,36.0,25
1900-01-01 09:45:00,UP,0.0,0.0,0.0,0.0,0.0,RTOChowk,r3,r3_16.csv,LOW,0.0,15
1900-01-01 09:50:00,DOWN,0.0,0.0,0.0,0.0,0.0,RTOChowk,r3,r3_16.csv,LOW,0.0,15
1900-01-01 09:50:00,LEFT,39.0,85.0,0.0,17.0,141.0,RTOChowk,r3,r3_16.csv,HIGH,132.5,53
1900-01-01 09:50:00,RIGHT,0.0,2.0,0.0,0.0,2.0,RTOChowk,r3,r3_16.csv,LOW,1.0,15
1900-01-01 09:50:00,UP,0.0,0.0,0.0,0.0,0.0,RTOChowk,r3,r3_16.csv,LOW,0.0,15
1900-01-01 09:55:00,DOWN,0.0,0.0,0.0,0.0,0.0,RTOChowk,r3,r3_16.csv,LOW,0.0,15
1900-01-01 09:55:00,LEFT,44.0,66.0,2.0,9.0,121.0,RTOChowk,r3,r3_16.csv,HIGH,109.0,47
1900-01-01 09:55:00,RIGHT,0.0,2.0,0.0,0.0,2.0,RTOChowk,r3,r3_16.csv,LOW,1.0,15
1900-01-01 09:55:00,UP,0.0,0.0,0.0,0.0,0.0,RTOChowk,r3,r3_16.csv,LOW,0.0,15
1900-01-01 10:00:00,DOWN,0.0,0.0,0.0,0.0,0.0,RTOChowk,r3,r3_16.csv,LOW,0.0,15
1900-01-01 10:00:00,LEFT,46.0,61.0,5.0,21.0,133.0,RTOChowk,r3,r3_16.csv,HIGH,152.0,59
1900-01-01 10:00:00,RIGHT,1.0,1.0,0.0,0.0,2.0,RTOChowk,r3,r3_16.csv,LOW,1.5,15
1900-01-01 10:00:00,UP,0.0,0.0,0.0,0.0,0.0,RTOChowk,r3,r3_16.csv,LOW,0.0,15
1900-01-01 10:05:00,DOWN,0.0,0.0,0.0,0.0,0.0,RTOChowk,r3,r3_16.csv,LOW,0.0,15
1900-01-01 10:05:00,LEFT,45.0,75.0,0.0,12.0,132.0,RTOChowk,r3,r3_16.csv,HIGH,118.5,49
1900-01-01 10:05:00,RIGHT,0.0,1.0,1.0,2.0,4.0,RTOChowk,r3,r3_16.csv,LOW,9.0,18
1900-01-01 10:05:00,UP,0.0,0.0,0.0,2.0,2.0,RTOChowk,r3,r3_16.csv,LOW,6.0,17
1900-01-01 10:10:00,DOWN,0.0,0.0,0.0,0.0,0.0,RTOChowk,r3,r3_16.csv,LOW,0.0,15
1900-01-01 10:10:00,LEFT,27.0,55.0,0.0,6.0,88.0,RTOChowk,r3,r3_16.csv,HIGH,72.5,36
1900-01-01 10:10:00,RIGHT,0.0,1.0,0.0,1.0,2.0,RTOChowk,r3,r3_16.csv,LOW,3.5,16
1900-01-01 10:10:00,UP,0.0,0.0,0.0,12.0,12.0,RTOChowk,r3,r3_16.csv,MEDIUM,36.0,25
1900-01-01 10:15:00,DOWN,0.0,0.0,0.0,0.0,0.0,RTOChowk,r3,r3_16.csv,LOW,0.0,15
1900-01-01 10:15:00,LEFT,44.0,71.0,3.0,23.0,141.0,RTOChowk,r3,r3_16.csv,HIGH,156.0,60
1900-01-01 10:15:00,RIGHT,0.0,2.0,0.0,0.0,2.0,RTOChowk,r3,r3_16.csv,LOW,1.0,15
1900-01-01 10:15:00,UP,0.0,0.0,0.0,0.0,0.0,RTOChowk,r3,r3_16.csv,LOW,0.0,15
1900-01-01 10:20:00,DOWN,0.0,0.0,0.0,0.0,0.0,RTOChowk,r3,r3_16.csv,LOW,0.0,15
1900-01-01 10:20:00,LEFT,43.0,53.0,1.0,8.0,105.0,RTOChowk,r3,r3_16.csv,HIGH,96.0,43
1900-01-01 10:20:00,RIGHT,0.0,1.0,0.0,0.0,1.0,RTOChowk,r3,r3_16.csv,LOW,0.5,15
1900-01-01 10:20:00,UP,0.0,0.0,0.0,0.0,0.0,RTOChowk,r3,r3_16.csv,LOW,0.0,15
1900-01-01 10:25:00,DOWN,0.0,0.0,0.0,0.0,0.0,RTOChowk,r3,r3_16.csv,LOW,0.0,15
1900-01-01 10:25:00,LEFT,58.0,79.0,0.0,14.0,151.0,RTOChowk,r3,r3_16.csv,HIGH,139.5,55
1900-01-01 10:25:00,RIGHT,1.0,3.0,0.0,1.0,5.0,RTOChowk,r3,r3_16.csv,MEDIUM,5.5,17
1900-01-01 10:25:00,UP,8.0,0.0,0.0,0.0,8.0,RTOChowk,r3,r3_16.csv,MEDIUM,8.0,17
1900-01-01 10:30:00,DOWN,0.0,0.0,0.0,0.0,0.0,RTOChowk,r3,r3_16.csv,LOW,0.0,15
1900-01-01 10:30:00,LEFT,40.0,53.0,0.0,11.0,104.0,RTOChowk,r3,r3_16.csv,HIGH,99.5,44
1900-01-01 10:30:00,RIGHT,1.0,3.0,0.0,0.0,4.0,RTOChowk,r3,r3_16.csv,LOW,2.5,16
1900-01-01 10:30:00,UP,0.0,0.0,0.0,0.0,0.0,RTOChowk,r3,r3_16.csv,LOW,0.0,15
1900-01-01 10:35:00,DOWN,0.0,0.0,0.0,0.0,0.0,RTOChowk,r3,r3_16.csv,LOW,0.0,15
1900-01-01 10:35:00,LEFT,37.0,40.0,0.0,13.0,90.0,RTOChowk,r3,r3_16.csv,HIGH,96.0,43
1900-01-01 10:35:00,RIGHT,1.0,3.0,0.0,3.0,7.0,RTOChowk,r3,r3_16.csv,MEDIUM,11.5,18
1900-01-01 10:35:00,UP,0.0,0.0,0.0,0.0,0.0,RTOChowk,r3,r3_16.csv,LOW,0.0,15
1900-01-01 10:40:00,DOWN,0.0,0.0,0.0,0.0,0.0,RTOChowk,r3,r3_16.csv,LOW,0.0,15
1900-01-01 10:40:00,LEFT,44.0,41.0,0.0,16.0,101.0,RTOChowk,r3,r3_16.csv,HIGH,112.5,48
1900-01-01 10:40:00,RIGHT,2.0,5.0,0.0,0.0,7.0,RTOChowk,r3,r3_16.csv,MEDIUM,4.5,16
1900-01-01 10:40:00,UP,0.0,0.0,1.0,0.0,1.0,RTOChowk,r3,r3_16.csv,LOW,2.5,16
1900-01-01 10:45:00,DOWN,0.0,0.0,0.0,0.0,0.0,RTOChowk,r3,r3_16.csv,LOW,0.0,15
1900-01-01 10:45:00,LEFT,27.0,60.0,0.0,7.0,94.0,RTOChowk,r3,r3_16.csv,HIGH,78.0,38
1900-01-01 10:45:00,RIGHT,2.0,5.0,0.0,0.0,7.0,RTOChowk,r3,r3_16.csv,MEDIUM,4.5,16
1900-01-01 10:45:00,UP,0.0,0.0,0.0,0.0,0.0,RTOChowk,r3,r3_16.csv,LOW,0.0,15
1900-01-01 10:50:00,DOWN,0.0,0.0,0.0,0.0,0.0,RTOChowk,r3,r3_16.csv,LOW,0.0,15
1900-01-01 10:50:00,LEFT,46.0,33.0,2.0,18.0,99.0,RTOChowk,r3,r3_16.csv,HIGH,121.5,50
1900-01-01 10:50:00,RIGHT,2.0,14.0,0.0,2.0,18.0,RTOChowk,r3,r3_16.csv,MEDIUM,15.0,19
1900-01-01 10:50:00,UP,0.0,0.0,0.0,0.0,0.0,RTOChowk,r3,r3_16.csv,LOW,0.0,15
1900-01-01 10:55:00,DOWN,0.0,0.0,0.0,0.0,0.0,RTOChowk,r3,r3_16.csv,LOW,0.0,15
1900-01-01 10:55:00,LEFT,33.0,14.0,3.0,3.0,53.0,RTOChowk,r3,r3_16.csv,MEDIUM,56.5,31
1900-01-01 10:55:00,RIGHT,1.0,3.0,0.0,0.0,4.0,RTOChowk,r3,r3_16.csv,LOW,2.5,16
1900-01-01 10:55:00,UP,13.0,0.0,0.0,0.0,13.0,RTOChowk,r3,r3_16.csv,MEDIUM,13.0,19
1900-01-01 11:00:00,DOWN,0.0,0.0,0.0,0.0,0.0,RTOChowk,r3,r3_16.csv,LOW,0.0,15
1900-01-01 11:00:00,LEFT,37.0,44.0,0.0,11.0,92.0,RTOChowk,r3,r3_16.csv,HIGH,92.0,42
1900-01-01 11:00:00,RIGHT,0.0,0.0,0.0,0.0,0.0,RTOChowk,r3,r3_16.csv,LOW,0.0,15
1900-01-01 11:00:00,UP,1.0,0.0,0.0,0.0,1.0,RTOChowk,r3,r3_16.csv,LOW,1.0,15
1900-01-01 11:05:00,DOWN,1.0,0.0,0.0,0.0,1.0,RTOChowk,r3,r3_16.csv,LOW,1.0,15
1900-01-01 11:05:00,LEFT,45.0,80.0,0.0,11.0,136.0,RTOChowk,r3,r3_16.csv,HIGH,118.0,49
1900-01-01 11:05:00,RIGHT,3.0,2.0,0.0,0.0,5.0,RTOChowk,r3,r3_16.csv,MEDIUM,4.0,16
1900-01-01 11:05:00,UP,0.0,0.0,0.0,0.0,0.0,RTOChowk,r3,r3_16.csv,LOW,0.0,15
1900-01-01 11:10:00,DOWN,1.0,0.0,0.0,0.0,1.0,RTOChowk,r3,r3_16.csv,LOW,1.0,15
1900-01-01 11:10:00,LEFT,48.0,48.0,0.0,11.0,107.0,RTOChowk,r3,r3_16.csv,HIGH,105.0,45
1900-01-01 11:10:00,RIGHT,2.0,2.0,0.0,1.0,5.0,RTOChowk,r3,r3_16.csv,MEDIUM,6.0,17
1900-01-01 11:10:00,UP,1.0,0.0,0.0,0.0,1.0,RTOChowk,r3,r3_16.csv,LOW,1.0,15
1900-01-01 11:15:00,DOWN,0.0,0.0,0.0,0.0,0.0,RTOChowk,r3,r3_16.csv,LOW,0.0,15
1900-01-01 11:15:00,LEFT,44.0,39.0,2.0,11.0,96.0,RTOChowk,r3,r3_16.csv,HIGH,101.5,44
1900-01-01 11:15:00,RIGHT,0.0,4.0,0.0,1.0,5.0,RTOChowk,r3,r3_16.csv,MEDIUM,5.0,16
1900-01-01 11:15:00,UP,4.0,0.0,0.0,0.0,4.0,RTOChowk,r3,r3_16.csv,LOW,4.0,16
1900-01-01 11:20:00,DOWN,0.0,0.0,0.0,0.0,0.0,RTOChowk,r3,r3_16.csv,LOW,0.0,15
1900-01-01 11:20:00,LEFT,48.0,62.0,1.0,8.0,119.0,RTOChowk,r3,r3_16.csv,HIGH,105.5,46
1900-01-01 11:20:00,RIGHT,0.0,2.0,0.0,0.0,2.0,RTOChowk,r3,r3_16.csv,LOW,1.0,15
1900-01-01 11:20:00,UP,2.0,0.0,0.0,0.0,2.0,RTOChowk,r3,r3_16.csv,LOW,2.0,16
1900-01-01 11:25:00,DOWN,0.0,0.0,0.0,0.0,0.0,RTOChowk,r3,r3_16.csv,LOW,0.0,15
1900-01-01 11:25:00,LEFT,60.0,62.0,0.0,13.0,135.0,RTOChowk,r3,r3_16.csv,HIGH,130.0,53
1900-01-01 11:25:00,RIGHT,1.0,3.0,0.0,0.0,4.0,RTOChowk,r3,r3_16.csv,LOW,2.5,16
1900-01-01 11:25:00,UP,0.0,0.0,0.0,0.0,0.0,RTOChowk,r3,r3_16.csv,LOW,0.0,15
1900-01-01 11:30:00,DOWN,0.0,0.0,0.0,0.0,0.0,RTOChowk,r3,r3_16.csv,LOW,0.0,15
1900-01-01 11:30:00,LEFT,43.0,72.0,0.0,10.0,125.0,RTOChowk,r3,r3_16.csv,HIGH,109.0,47
1900-01-01 11:30:00,RIGHT,0.0,1.0,0.0,0.0,1.0,RTOChowk,r3,r3_16.csv,LOW,0.5,15
1900-01-01 11:30:00,UP,2.0,0.0,0.0,0.0,2.0,RTOChowk,r3,r3_16.csv,LOW,2.0,16
1900-01-01 11:35:00,DOWN,0.0,0.0,0.0,0.0,0.0,RTOChowk,r3,r3_16.csv,LOW,0.0,15
1900-01-01 11:35:00,LEFT,39.0,66.0,0.0,15.0,120.0,RTOChowk,r3,r3_16.csv,HIGH,117.0,49
1900-01-01 11:35:00,RIGHT,1.0,2.0,0.0,0.0,3.0,RTOChowk,r3,r3_16.csv,LOW,2.0,16
1900-01-01 11:35:00,UP,0.0,0.0,0.0,1.0,1.0,RTOChowk,r3,r3_16.csv,LOW,3.0,16
1900-01-01 11:40:00,DOWN,0.0,0.0,0.0,0.0,0.0,RTOChowk,r3,r3_16.csv,LOW,0.0,15
1900-01-01 11:40:00,LEFT,47.0,70.0,0.0,13.0,130.0,RTOChowk,r3,r3_16.csv,HIGH,121.0,50
1900-01-01 11:40:00,RIGHT,1.0,0.0,0.0,0.0,1.0,RTOChowk,r3,r3_16.csv,LOW,1.0,15
1900-01-01 11:40:00,UP,0.0,0.0,0.0,0.0,0.0,RTOChowk,r3,r3_16.csv,LOW,0.0,15
1900-01-01 11:45:00,DOWN,0.0,0.0,0.0,0.0,0.0,RTOChowk,r3,r3_16.csv,LOW,0.0,15
1900-01-01 11:45:00,LEFT,55.0,63.0,2.0,20.0,140.0,RTOChowk,r3,r3_16.csv,HIGH,151.5,59
1900-01-01 11:45:00,RIGHT,1.0,1.0,0.0,0.0,2.0,RTOChowk,r3,r3_16.csv,LOW,1.5,15
1900-01-01 11:45:00,UP,10.0,0.0,0.0,0.0,10.0,RTOChowk,r3,r3_16.csv,MEDIUM,10.0,18
1900-01-01 11:50:00,DOWN,0.0,0.0,0.0,0.0,0.0,RTOChowk,r3,r3_16.csv,LOW,0.0,15
1900-01-01 11:50:00,LEFT,41.0,72.0,0.0,10.0,123.0,RTOChowk,r3,r3_16.csv,HIGH,107.0,46
1900-01-01 11:50:00,RIGHT,2.0,2.0,0.0,1.0,5.0,RTOChowk,r3,r3_16.csv,MEDIUM,6.0,17
1900-01-01 11:50:00,UP,2.0,0.0,1.0,1.0,4.0,RTOChowk,r3,r3_16.csv,LOW,7.5,17
1900-01-01 11:55:00,DOWN,0.0,0.0,0.0,0.0,0.0,RTOChowk,r3,r3_16.csv,LOW,0.0,15
1900-01-01 11:55:00,LEFT,21.0,53.0,0.0,9.0,83.0,RTOChowk,r3,r3_16.csv,HIGH,74.5,37
1900-01-01 11:55:00,RIGHT,0.0,0.0,0.0,0.0,0.0,RTOChowk,r3,r3_16.csv,LOW,0.0,15
1900-01-01 11:55:00,UP,0.0,0.0,0.0,0.0,0.0,RTOChowk,r3,r3_16.csv,LOW,0.0,15
1900-01-01 08:55:00,DOWN,0.0,0.0,0.0,0.0,0.0,RTOChowk,r3,r3_17.csv,LOW,0.0,15
1900-01-01 08:55:00,LEFT,0.0,2.0,0.0,0.0,2.0,RTOChowk,r3,r3_17.csv,LOW,1.0,15
1900-01-01 08:55:00,RIGHT,0.0,1.0,0.0,0.0,1.0,RTOChowk,r3,r3_17.csv,LOW,0.5,15
1900-01-01 08:55:00,UP,0.0,0.0,0.0,0.0,0.0,RTOChowk,r3,r3_17.csv,LOW,0.0,15
1900-01-01 09:00:00,DOWN,0.0,0.0,0.0,0.0,0.0,RTOChowk,r3,r3_17.csv,LOW,0.0,15
1900-01-01 09:00:00,LEFT,39.0,74.0,2.0,14.0,129.0,RTOChowk,r3,r3_17.csv,HIGH,123.0,51
1900-01-01 09:00:00,RIGHT,0.0,0.0,0.0,0.0,0.0,RTOChowk,r3,r3_17.csv,LOW,0.0,15
1900-01-01 09:00:00,UP,0.0,0.0,0.0,1.0,1.0,RTOChowk,r3,r3_17.csv,LOW,3.0,16
1900-01-01 09:05:00,DOWN,0.0,0.0,0.0,0.0,0.0,RTOChowk,r3,r3_17.csv,LOW,0.0,15
1900-01-01 09:05:00,LEFT,31.0,86.0,1.0,12.0,130.0,RTOChowk,r3,r3_17.csv,HIGH,112.5,48
1900-01-01 09:05:00,RIGHT,0.0,0.0,0.0,0.0,0.0,RTOChowk,r3,r3_17.csv,LOW,0.0,15
1900-01-01 09:05:00,UP,0.0,0.0,0.0,0.0,0.0,RTOChowk,r3,r3_17.csv,LOW,0.0,15
1900-01-01 09:10:00,DOWN,0.0,0.0,0.0,0.0,0.0,RTOChowk,r3,r3_17.csv,LOW,0.0,15
1900-01-01 09:10:00,LEFT,31.0,64.0,1.0,11.0,107.0,RTOChowk,r3,r3_17.csv,HIGH,98.5,44
1900-01-01 09:10:00,RIGHT,0.0,1.0,0.0,0.0,1.0,RTOChowk,r3,r3_17.csv,LOW,0.5,15
1900-01-01 09:10:00,UP,0.0,0.0,0.0,0.0,0.0,RTOChowk,r3,r3_17.csv,LOW,0.0,15
1900-01-01 09:15:00,DOWN,0.0,0.0,0.0,0.0,0.0,RTOChowk,r3,r3_17.csv,LOW,0.0,15
1900-01-01 09:15:00,LEFT,34.0,84.0,2.0,11.0,131.0,RTOChowk,r3,r3_17.csv,HIGH,114.0,48
1900-01-01 09:15:00,RIGHT,0.0,0.0,0.0,0.0,0.0,RTOChowk,r3,r3_17.csv,LOW,0.0,15
1900-01-01 09:15:00,UP,0.0,0.0,0.0,2.0,2.0,RTOChowk,r3,r3_17.csv,LOW,6.0,17
1900-01-01 09:20:00,DOWN,0.0,0.0,0.0,0.0,0.0,RTOChowk,r3,r3_17.csv,LOW,0.0,15
1900-01-01 09:20:00,LEFT,36.0,84.0,0.0,13.0,133.0,RTOChowk,r3,r3_17.csv,HIGH,117.0,49
1900-01-01 09:20:00,RIGHT,0.0,2.0,0.0,0.0,2.0,RTOChowk,r3,r3_17.csv,LOW,1.0,15
1900-01-01 09:20:00,UP,0.0,0.0,0.0,0.0,0.0,RTOChowk,r3,r3_17.csv,LOW,0.0,15
1900-01-01 09:25:00,DOWN,0.0,0.0,0.0,1.0,1.0,RTOChowk,r3,r3_17.csv,LOW,3.0,16
1900-01-01 09:25:00,LEFT,42.0,106.0,0.0,8.0,156.0,RTOChowk,r3,r3_17.csv,VERY_HIGH,119.0,49
1900-01-01 09:25:00,RIGHT,1.0,1.0,0.0,1.0,3.0,RTOChowk,r3,r3_17.csv,LOW,4.5,16
1900-01-01 09:25:00,UP,0.0,0.0,0.0,0.0,0.0,RTOChowk,r3,r3_17.csv,LOW,0.0,15
1900-01-01 09:30:00,DOWN,0.0,1.0,0.0,0.0,1.0,RTOChowk,r3,r3_17.csv,LOW,0.5,15
1900-01-01 09:30:00,LEFT,36.0,74.0,2.0,20.0,132.0,RTOChowk,r3,r3_17.csv,HIGH,138.0,55
1900-01-01 09:30:00,RIGHT,0.0,1.0,0.0,0.0,1.0,RTOChowk,r3,r3_17.csv,LOW,0.5,15
1900-01-01 09:30:00,UP,0.0,0.0,0.0,0.0,0.0,RTOChowk,r3,r3_17.csv,LOW,0.0,15
1900-01-01 09:35:00,DOWN,0.0,0.0,0.0,0.0,0.0,RTOChowk,r3,r3_17.csv,LOW,0.0,15
1900-01-01 09:35:00,LEFT,51.0,81.0,1.0,13.0,146.0,RTOChowk,r3,r3_17.csv,HIGH,133.0,53
1900-01-01 09:35:00,RIGHT,0.0,1.0,0.0,0.0,1.0,RTOChowk,r3,r3_17.csv,LOW,0.5,15
1900-01-01 09:35:00,UP,0.0,0.0,0.0,0.0,0.0,RTOChowk,r3,r3_17.csv,LOW,0.0,15
1900-01-01 09:40:00,DOWN,0.0,0.0,0.0,0.0,0.0,RTOChowk,r3,r3_17.csv,LOW,0.0,15
1900-01-01 09:40:00,LEFT,57.0,93.0,0.0,23.0,173.0,RTOChowk,r3,r3_17.csv,VERY_HIGH,172.5,60
1900-01-01 09:40:00,RIGHT,0.0,2.0,0.0,0.0,2.0,RTOChowk,r3,r3_17.csv,LOW,1.0,15
1900-01-01 09:40:00,UP,0.0,0.0,0.0,0.0,0.0,RTOChowk,r3,r3_17.csv,LOW,0.0,15
1900-01-01 09:45:00,DOWN,0.0,0.0,0.0,0.0,0.0,RTOChowk,r3,r3_17.csv,LOW,0.0,15
1900-01-01 09:45:00,LEFT,43.0,100.0,0.0,16.0,159.0,RTOChowk,r3,r3_17.csv,VERY_HIGH,141.0,56
1900-01-01 09:45:00,RIGHT,0.0,1.0,0.0,0.0,1.0,RTOChowk,r3,r3_17.csv,LOW,0.5,15
1900-01-01 09:45:00,UP,0.0,0.0,0.0,0.0,0.0,RTOChowk,r3,r3_17.csv,LOW,0.0,15
1900-01-01 09:50:00,DOWN,1.0,0.0,0.0,0.0,1.0,RTOChowk,r3,r3_17.csv,LOW,1.0,15
1900-01-01 09:50:00,LEFT,55.0,80.0,0.0,16.0,151.0,RTOChowk,r3,r3_17.csv,HIGH,143.0,56
1900-01-01 09:50:00,RIGHT,0.0,0.0,0.0,0.0,0.0,RTOChowk,r3,r3_17.csv,LOW,0.0,15
1900-01-01 09:50:00,UP,0.0,0.0,4.0,0.0,4.0,RTOChowk,r3,r3_17.csv,LOW,10.0,18
1900-01-01 09:55:00,DOWN,0.0,1.0,0.0,0.0,1.0,RTOChowk,r3,r3_17.csv,LOW,0.5,15
1900-01-01 09:55:00,LEFT,48.0,87.0,0.0,20.0,155.0,RTOChowk,r3,r3_17.csv,VERY_HIGH,151.5,59
1900-01-01 09:55:00,RIGHT,2.0,0.0,0.0,0.0,2.0,RTOChowk,r3,r3_17.csv,LOW,2.0,16
1900-01-01 09:55:00,UP,1.0,0.0,0.0,1.0,2.0,RTOChowk,r3,r3_17.csv,LOW,4.0,16
1900-01-01 10:00:00,DOWN,0.0,0.0,0.0,0.0,0.0,RTOChowk,r3,r3_17.csv,LOW,0.0,15
1900-01-01 10:00:00,LEFT,56.0,79.0,0.0,17.0,152.0,RTOChowk,r3,r3_17.csv,HIGH,146.5,57
1900-01-01 10:00:00,RIGHT,1.0,1.0,0.0,1.0,3.0,RTOChowk,r3,r3_17.csv,LOW,4.5,16
1900-01-01 10:00:00,UP,1.0,0.0,0.0,0.0,1.0,RTOChowk,r3,r3_17.csv,LOW,1.0,15
1900-01-01 10:05:00,DOWN,0.0,0.0,0.0,0.0,0.0,RTOChowk,r3,r3_17.csv,LOW,0.0,15
1900-01-01 10:05:00,LEFT,51.0,70.0,1.0,11.0,133.0,RTOChowk,r3,r3_17.csv,HIGH,121.5,50
1900-01-01 10:05:00,RIGHT,1.0,1.0,0.0,0.0,2.0,RTOChowk,r3,r3_17.csv,LOW,1.5,15
1900-01-01 10:05:00,UP,0.0,0.0,0.0,0.0,0.0,RTOChowk,r3,r3_17.csv,LOW,0.0,15
1900-01-01 10:10:00,DOWN,0.0,0.0,0.0,0.0,0.0,RTOChowk,r3,r3_17.csv,LOW,0.0,15
1900-01-01 10:10:00,LEFT,31.0,68.0,2.0,13.0,114.0,RTOChowk,r3,r3_17.csv,HIGH,109.0,47
1900-01-01 10:10:00,RIGHT,0.0,2.0,0.0,0.0,2.0,RTOChowk,r3,r3_17.csv,LOW,1.0,15
1900-01-01 10:10:00,UP,0.0,0.0,0.0,0.0,0.0,RTOChowk,r3,r3_17.csv,LOW,0.0,15
1900-01-01 10:15:00,DOWN,0.0,0.0,0.0,0.0,0.0,RTOChowk,r3,r3_17.csv,LOW,0.0,15
1900-01-01 10:15:00,LEFT,36.0,97.0,0.0,21.0,154.0,RTOChowk,r3,r3_17.csv,VERY_HIGH,147.5,58
1900-01-01 10:15:00,RIGHT,0.0,2.0,0.0,0.0,2.0,RTOChowk,r3,r3_17.csv,LOW,1.0,15
1900-01-01 10:15:00,UP,0.0,0.0,0.0,1.0,1.0,RTOChowk,r3,r3_17.csv,LOW,3.0,16
1900-01-01 10:20:00,DOWN,0.0,0.0,0.0,0.0,0.0,RTOChowk,r3,r3_17.csv,LOW,0.0,15
1900-01-01 10:20:00,LEFT,47.0,75.0,3.0,26.0,151.0,RTOChowk,r3,r3_17.csv,HIGH,170.0,60
1900-01-01 10:20:00,RIGHT,0.0,0.0,0.0,0.0,0.0,RTOChowk,r3,r3_17.csv,LOW,0.0,15
1900-01-01 10:20:00,UP,0.0,0.0,0.0,1.0,1.0,RTOChowk,r3,r3_17.csv,LOW,3.0,16
1900-01-01 10:25:00,DOWN,0.0,0.0,0.0,0.0,0.0,RTOChowk,r3,r3_17.csv,LOW,0.0,15
1900-01-01 10:25:00,LEFT,43.0,59.0,1.0,9.0,112.0,RTOChowk,r3,r3_17.csv,HIGH,102.0,45
1900-01-01 10:25:00,RIGHT,0.0,0.0,0.0,0.0,0.0,RTOChowk,r3,r3_17.csv,LOW,0.0,15
1900-01-01 10:25:00,UP,0.0,0.0,0.0,0.0,0.0,RTOChowk,r3,r3_17.csv,LOW,0.0,15
1900-01-01 10:30:00,DOWN,0.0,0.0,0.0,0.0,0.0,RTOChowk,r3,r3_17.csv,LOW,0.0,15
1900-01-01 10:30:00,LEFT,40.0,104.0,1.0,11.0,156.0,RTOChowk,r3,r3_17.csv,VERY_HIGH,127.5,52
1900-01-01 10:30:00,RIGHT,0.0,2.0,0.0,0.0,2.0,RTOChowk,r3,r3_17.csv,LOW,1.0,15
1900-01-01 10:30:00,UP,1.0,0.0,0.0,0.0,1.0,RTOChowk,r3,r3_17.csv,LOW,1.0,15
1900-01-01 10:35:00,DOWN,1.0,0.0,0.0,0.0,1.0,RTOChowk,r3,r3_17.csv,LOW,1.0,15
1900-01-01 10:35:00,LEFT,56.0,69.0,0.0,16.0,141.0,RTOChowk,r3,r3_17.csv,HIGH,138.5,55
1900-01-01 10:35:00,RIGHT,0.0,1.0,0.0,0.0,1.0,RTOChowk,r3,r3_17.csv,LOW,0.5,15
1900-01-01 10:35:00,UP,1.0,0.0,0.0,0.0,1.0,RTOChowk,r3,r3_17.csv,LOW,1.0,15
1900-01-01 10:40:00,DOWN,0.0,0.0,0.0,0.0,0.0,RTOChowk,r3,r3_17.csv,LOW,0.0,15
1900-01-01 10:40:00,LEFT,44.0,77.0,0.0,19.0,140.0,RTOChowk,r3,r3_17.csv,HIGH,139.5,55
1900-01-01 10:40:00,RIGHT,0.0,1.0,0.0,0.0,1.0,RTOChowk,r3,r3_17.csv,LOW,0.5,15
1900-01-01 10:40:00,UP,0.0,0.0,0.0,0.0,0.0,RTOChowk,r3,r3_17.csv,LOW,0.0,15
1900-01-01 10:45:00,DOWN,0.0,0.0,0.0,0.0,0.0,RTOChowk,r3,r3_17.csv,LOW,0.0,15
1900-01-01 10:45:00,LEFT,49.0,80.0,0.0,19.0,148.0,RTOChowk,r3,r3_17.csv,HIGH,146.0,57
1900-01-01 10:45:00,RIGHT,0.0,0.0,0.0,3.0,3.0,RTOChowk,r3,r3_17.csv,LOW,9.0,18
1900-01-01 10:45:00,UP,3.0,0.0,0.0,0.0,3.0,RTOChowk,r3,r3_17.csv,LOW,3.0,16
1900-01-01 10:50:00,DOWN,0.0,0.0,0.0,0.0,0.0,RTOChowk,r3,r3_17.csv,LOW,0.0,15
1900-01-01 10:50:00,LEFT,55.0,85.0,0.0,20.0,160.0,RTOChowk,r3,r3_17.csv,VERY_HIGH,157.5,60
1900-01-01 10:50:00,RIGHT,0.0,1.0,0.0,0.0,1.0,RTOChowk,r3,r3_17.csv,LOW,0.5,15
1900-01-01 10:50:00,UP,0.0,0.0,0.0,2.0,2.0,RTOChowk,r3,r3_17.csv,LOW,6.0,17
1900-01-01 10:55:00,DOWN,0.0,0.0,0.0,0.0,0.0,RTOChowk,r3,r3_17.csv,LOW,0.0,15
1900-01-01 10:55:00,LEFT,54.0,77.0,0.0,16.0,147.0,RTOChowk,r3,r3_17.csv,HIGH,140.5,56
1900-01-01 10:55:00,RIGHT,2.0,1.0,0.0,1.0,4.0,RTOChowk,r3,r3_17.csv,LOW,5.5,17
1900-01-01 10:55:00,UP,1.0,0.0,0.0,0.0,1.0,RTOChowk,r3,r3_17.csv,LOW,1.0,15
1900-01-01 11:00:00,DOWN,0.0,0.0,0.0,0.0,0.0,RTOChowk,r3,r3_17.csv,LOW,0.0,15
1900-01-01 11:00:00,LEFT,53.0,51.0,0.0,16.0,120.0,RTOChowk,r3,r3_17.csv,HIGH,126.5,52
1900-01-01 11:00:00,RIGHT,0.0,1.0,0.0,0.0,1.0,RTOChowk,r3,r3_17.csv,LOW,0.5,15
1900-01-01 11:00:00,UP,0.0,0.0,0.0,0.0,0.0,RTOChowk,r3,r3_17.csv,LOW,0.0,15
1900-01-01 11:05:00,DOWN,0.0,0.0,0.0,0.0,0.0,RTOChowk,r3,r3_17.csv,LOW,0.0,15
1900-01-01 11:05:00,LEFT,61.0,101.0,0.0,17.0,179.0,RTOChowk,r3,r3_17.csv,VERY_HIGH,162.5,60
1900-01-01 11:05:00,RIGHT,0.0,0.0,0.0,0.0,0.0,RTOChowk,r3,r3_17.csv,LOW,0.0,15
1900-01-01 11:05:00,UP,0.0,0.0,0.0,0.0,0.0,RTOChowk,r3,r3_17.csv,LOW,0.0,15
1900-01-01 11:10:00,DOWN,1.0,0.0,0.0,0.0,1.0,RTOChowk,r3,r3_17.csv,LOW,1.0,15
1900-01-01 11:10:00,LEFT,54.0,68.0,0.0,9.0,131.0,RTOChowk,r3,r3_17.csv,HIGH,115.0,48
1900-01-01 11:10:00,RIGHT,0.0,0.0,0.0,0.0,0.0,RTOChowk,r3,r3_17.csv,LOW,0.0,15
1900-01-01 11:10:00,UP,3.0,0.0,0.0,0.0,3.0,RTOChowk,r3,r3_17.csv,LOW,3.0,16
1900-01-01 11:15:00,DOWN,0.0,0.0,0.0,0.0,0.0,RTOChowk,r3,r3_17.csv,LOW,0.0,15
1900-01-01 11:15:00,LEFT,53.0,86.0,0.0,18.0,157.0,RTOChowk,r3,r3_17.csv,VERY_HIGH,150.0,58
1900-01-01 11:15:00,RIGHT,0.0,2.0,0.0,1.0,3.0,RTOChowk,r3,r3_17.csv,LOW,4.0,16
1900-01-01 11:15:00,UP,0.0,0.0,0.0,0.0,0.0,RTOChowk,r3,r3_17.csv,LOW,0.0,15
1900-01-01 11:20:00,DOWN,2.0,0.0,0.0,0.0,2.0,RTOChowk,r3,r3_17.csv,LOW,2.0,16
1900-01-01 11:20:00,LEFT,52.0,86.0,1.0,14.0,153.0,RTOChowk,r3,r3_17.csv,HIGH,139.5,55
1900-01-01 11:20:00,RIGHT,3.0,0.0,0.0,0.0,3.0,RTOChowk,r3,r3_17.csv,LOW,3.0,16
1900-01-01 11:20:00,UP,6.0,0.0,1.0,5.0,12.0,RTOChowk,r3,r3_17.csv,MEDIUM,23.5,22
1900-01-01 11:25:00,DOWN,0.0,0.0,0.0,0.0,0.0,RTOChowk,r3,r3_17.csv,LOW,0.0,15
1900-01-01 11:25:00,LEFT,44.0,65.0,1.0,8.0,118.0,RTOChowk,r3,r3_17.csv,HIGH,103.0,45
1900-01-01 11:25:00,RIGHT,0.0,0.0,0.0,1.0,1.0,RTOChowk,r3,r3_17.csv,LOW,3.0,16
1900-01-01 11:25:00,UP,7.0,0.0,1.0,9.0,17.0,RTOChowk,r3,r3_17.csv,MEDIUM,36.5,26
1900-01-01 11:30:00,DOWN,0.0,0.0,0.0,0.0,0.0,RTOChowk,r3,r3_17.csv,LOW,0.0,15
1900-01-01 11:30:00,LEFT,68.0,76.0,1.0,20.0,165.0,RTOChowk,r3,r3_17.csv,VERY_HIGH,168.5,60
1900-01-01 11:30:00,RIGHT,0.0,0.0,0.0,0.0,0.0,RTOChowk,r3,r3_17.csv,LOW,0.0,15
1900-01-01 11:30:00,UP,7.0,0.0,1.0,1.0,9.0,RTOChowk,r3,r3_17.csv,MEDIUM,12.5,19
1900-01-01 11:35:00,DOWN,0.0,2.0,0.0,0.0,2.0,RTOChowk,r3,r3_17.csv,LOW,1.0,15
1900-01-01 11:35:00,LEFT,55.0,83.0,0.0,13.0,151.0,RTOChowk,r3,r3_17.csv,HIGH,135.5,54
1900-01-01 11:35:00,RIGHT,0.0,0.0,0.0,0.0,0.0,RTOChowk,r3,r3_17.csv,LOW,0.0,15
1900-01-01 11:35:00,UP,4.0,0.0,0.0,3.0,7.0,RTOChowk,r3,r3_17.csv,MEDIUM,13.0,19
1900-01-01 11:40:00,DOWN,0.0,0.0,0.0,1.0,1.0,RTOChowk,r3,r3_17.csv,LOW,3.0,16
1900-01-01 11:40:00,LEFT,54.0,80.0,0.0,18.0,152.0,RTOChowk,r3,r3_17.csv,HIGH,148.0,58
1900-01-01 11:40:00,RIGHT,0.0,19.0,0.0,0.0,19.0,RTOChowk,r3,r3_17.csv,MEDIUM,9.5,18
1900-01-01 11:40:00,UP,1.0,0.0,2.0,0.0,3.0,RTOChowk,r3,r3_17.csv,LOW,6.0,17
1900-01-01 11:45:00,DOWN,1.0,0.0,0.0,0.0,1.0,RTOChowk,r3,r3_17.csv,LOW,1.0,15
1900-01-01 11:45:00,LEFT,73.0,77.0,0.0,15.0,165.0,RTOChowk,r3,r3_17.csv,VERY_HIGH,156.5,60
1900-01-01 11:45:00,RIGHT,0.0,4.0,0.0,0.0,4.0,RTOChowk,r3,r3_17.csv,LOW,2.0,16
1900-01-01 11:45:00,UP,4.0,0.0,0.0,1.0,5.0,RTOChowk,r3,r3_17.csv,MEDIUM,7.0,17
1900-01-01 11:50:00,DOWN,1.0,1.0,0.0,0.0,2.0,RTOChowk,r3,r3_17.csv,LOW,1.5,15
1900-01-01 11:50:00,LEFT,35.0,88.0,0.0,12.0,135.0,RTOChowk,r3,r3_17.csv,HIGH,115.0,48
1900-01-01 11:50:00,RIGHT,0.0,1.0,0.0,0.0,1.0,RTOChowk,r3,r3_17.csv,LOW,0.5,15
1900-01-01 11:50:00,UP,0.0,0.0,0.0,3.0,3.0,RTOChowk,r3,r3_17.csv,LOW,9.0,18
1900-01-01 11:55:00,DOWN,0.0,1.0,0.0,0.0,1.0,RTOChowk,r3,r3_17.csv,LOW,0.5,15
1900-01-01 11:55:00,LEFT,49.0,89.0,0.0,18.0,156.0,RTOChowk,r3,r3_17.csv,VERY_HIGH,147.5,58
1900-01-01 11:55:00,RIGHT,0.0,2.0,0.0,0.0,2.0,RTOChowk,r3,r3_17.csv,LOW,1.0,15
1900-01-01 11:55:00,UP,5.0,0.0,1.0,1.0,7.0,RTOChowk,r3,r3_17.csv,MEDIUM,10.5,18
1900-01-01 12:00:00,DOWN,0.0,0.0,0.0,0.0,0.0,RTOChowk,r3,r3_17.csv,LOW,0.0,15
1900-01-01 12:00:00,LEFT,6.0,14.0,1.0,2.0,23.0,RTOChowk,r3,r3_17.csv,MEDIUM,21.5,21
1900-01-01 12:00:00,RIGHT,0.0,0.0,0.0,0.0,0.0,RTOChowk,r3,r3_17.csv,LOW,0.0,15
1900-01-01 12:00:00,UP,0.0,0.0,0.0,0.0,0.0,RTOChowk,r3,r3_17.csv,LOW,0.0,15
1900-01-01 08:55:00,DOWN,0.0,0.0,0.0,0.0,0.0,RTOChowk,r3,r3_13.csv,LOW,0.0,15
1900-01-01 08:55:00,LEFT,14.0,21.0,0.0,1.0,36.0,RTOChowk,r3,r3_13.csv,MEDIUM,27.5,23
1900-01-01 08:55:00,RIGHT,0.0,0.0,0.0,0.0,0.0,RTOChowk,r3,r3_13.csv,LOW,0.0,15
1900-01-01 08:55:00,UP,0.0,0.0,0.0,0.0,0.0,RTOChowk,r3,r3_13.csv,LOW,0.0,15
1900-01-01 09:00:00,DOWN,0.0,0.0,0.0,0.0,0.0,RTOChowk,r3,r3_13.csv,LOW,0.0,15
1900-01-01 09:00:00,LEFT,34.0,72.0,1.0,3.0,110.0,RTOChowk,r3,r3_13.csv,HIGH,81.5,39
1900-01-01 09:00:00,RIGHT,0.0,0.0,0.0,0.0,0.0,RTOChowk,r3,r3_13.csv,LOW,0.0,15
1900-01-01 09:00:00,UP,3.0,0.0,0.0,1.0,4.0,RTOChowk,r3,r3_13.csv,LOW,6.0,17
1900-01-01 09:05:00,DOWN,0.0,1.0,0.0,0.0,1.0,RTOChowk,r3,r3_13.csv,LOW,0.5,15
1900-01-01 09:05:00,LEFT,45.0,94.0,1.0,4.0,144.0,RTOChowk,r3,r3_13.csv,HIGH,106.5,46
1900-01-01 09:05:00,RIGHT,0.0,1.0,0.0,0.0,1.0,RTOChowk,r3,r3_13.csv,LOW,0.5,15
1900-01-01 09:05:00,UP,1.0,0.0,0.0,4.0,5.0,RTOChowk,r3,r3_13.csv,MEDIUM,13.0,19
1900-01-01 09:10:00,DOWN,0.0,0.0,0.0,0.0,0.0,RTOChowk,r3,r3_13.csv,LOW,0.0,15
1900-01-01 09:10:00,LEFT,39.0,90.0,0.0,3.0,132.0,RTOChowk,r3,r3_13.csv,HIGH,93.0,42
1900-01-01 09:10:00,RIGHT,0.0,2.0,0.0,0.0,2.0,RTOChowk,r3,r3_13.csv,LOW,1.0,15
1900-01-01 09:10:00,UP,0.0,0.0,0.0,2.0,2.0,RTOChowk,r3,r3_13.csv,LOW,6.0,17
1900-01-01 09:15:00,DOWN,1.0,0.0,0.0,0.0,1.0,RTOChowk,r3,r3_13.csv,LOW,1.0,15
1900-01-01 09:15:00,LEFT,39.0,99.0,1.0,1.0,140.0,RTOChowk,r3,r3_13.csv,HIGH,94.0,42
1900-01-01 09:15:00,RIGHT,0.0,0.0,0.0,0.0,0.0,RTOChowk,r3,r3_13.csv,LOW,0.0,15
1900-01-01 09:15:00,UP,1.0,0.0,1.0,3.0,5.0,RTOChowk,r3,r3_13.csv,MEDIUM,12.5,19
1900-01-01 09:20:00,DOWN,0.0,0.0,0.0,0.0,0.0,RTOChowk,r3,r3_13.csv,LOW,0.0,15
1900-01-01 09:20:00,LEFT,46.0,105.0,1.0,5.0,157.0,RTOChowk,r3,r3_13.csv,VERY_HIGH,116.0,49
1900-01-01 09:20:00,RIGHT,0.0,0.0,0.0,0.0,0.0,RTOChowk,r3,r3_13.csv,LOW,0.0,15
1900-01-01 09:20:00,UP,2.0,0.0,1.0,1.0,4.0,RTOChowk,r3,r3_13.csv,LOW,7.5,17
1900-01-01 09:25:00,DOWN,0.0,0.0,0.0,0.0,0.0,RTOChowk,r3,r3_13.csv,LOW,0.0,15
1900-01-01 09:25:00,LEFT,35.0,89.0,0.0,1.0,125.0,RTOChowk,r3,r3_13.csv,HIGH,82.5,39
1900-01-01 09:25:00,RIGHT,0.0,2.0,0.0,0.0,2.0,RTOChowk,r3,r3_13.csv,LOW,1.0,15
1900-01-01 09:25:00,UP,1.0,0.0,1.0,0.0,2.0,RTOChowk,r3,r3_13.csv,LOW,3.5,16
1900-01-01 09:30:00,DOWN,0.0,0.0,0.0,0.0,0.0,RTOChowk,r3,r3_13.csv,LOW,0.0,15
1900-01-01 09:30:00,LEFT,54.0,93.0,0.0,8.0,155.0,RTOChowk,r3,r3_13.csv,VERY_HIGH,124.5,51
1900-01-01 09:30:00,RIGHT,0.0,0.0,0.0,0.0,0.0,RTOChowk,r3,r3_13.csv,LOW,0.0,15
1900-01-01 09:30:00,UP,1.0,0.0,0.0,1.0,2.0,RTOChowk,r3,r3_13.csv,LOW,4.0,16
1900-01-01 09:35:00,DOWN,0.0,0.0,0.0,0.0,0.0,RTOChowk,r3,r3_13.csv,LOW,0.0,15
1900-01-01 09:35:00,LEFT,43.0,90.0,1.0,2.0,136.0,RTOChowk,r3,r3_13.csv,HIGH,96.5,43
1900-01-01 09:35:00,RIGHT,0.0,3.0,0.0,0.0,3.0,RTOChowk,r3,r3_13.csv,LOW,1.5,15
1900-01-01 09:35:00,UP,2.0,0.0,0.0,5.0,7.0,RTOChowk,r3,r3_13.csv,MEDIUM,17.0,20
1900-01-01 09:40:00,DOWN,1.0,0.0,0.0,0.0,1.0,RTOChowk,r3,r3_13.csv,LOW,1.0,15
1900-01-01 09:40:00,LEFT,51.0,116.0,1.0,2.0,170.0,RTOChowk,r3,r3_13.csv,VERY_HIGH,117.5,49
1900-01-01 09:40:00,RIGHT,0.0,4.0,0.0,0.0,4.0,RTOChowk,r3,r3_13.csv,LOW,2.0,16
1900-01-01 09:40:00,UP,1.0,0.0,1.0,1.0,3.0,RTOChowk,r3,r3_13.csv,LOW,6.5,17
1900-01-01 09:45:00,DOWN,0.0,0.0,0.0,0.0,0.0,RTOChowk,r3,r3_13.csv,LOW,0.0,15
1900-01-01 09:45:00,LEFT,43.0,114.0,0.0,3.0,160.0,RTOChowk,r3,r3_13.csv,VERY_HIGH,109.0,47
1900-01-01 09:45:00,RIGHT,0.0,1.0,0.0,0.0,1.0,RTOChowk,r3,r3_13.csv,LOW,0.5,15
1900-01-01 09:45:00,UP,1.0,0.0,0.0,7.0,8.0,RTOChowk,r3,r3_13.csv,MEDIUM,22.0,21
1900-01-01 09:50:00,DOWN,0.0,1.0,0.0,0.0,1.0,RTOChowk,r3,r3_13.csv,LOW,0.5,15
1900-01-01 09:50:00,LEFT,46.0,83.0,0.0,3.0,132.0,RTOChowk,r3,r3_13.csv,HIGH,96.5,43
1900-01-01 09:50:00,RIGHT,0.0,2.0,0.0,0.0,2.0,RTOChowk,r3,r3_13.csv,LOW,1.0,15
1900-01-01 09:50:00,UP,2.0,0.0,1.0,2.0,5.0,RTOChowk,r3,r3_13.csv,MEDIUM,10.5,18
1900-01-01 09:55:00,DOWN,0.0,0.0,0.0,2.0,2.0,RTOChowk,r3,r3_13.csv,LOW,6.0,17
1900-01-01 09:55:00,LEFT,55.0,107.0,1.0,4.0,167.0,RTOChowk,r3,r3_13.csv,VERY_HIGH,123.0,51
1900-01-01 09:55:00,RIGHT,0.0,2.0,0.0,0.0,2.0,RTOChowk,r3,r3_13.csv,LOW,1.0,15
1900-01-01 09:55:00,UP,5.0,0.0,2.0,1.0,8.0,RTOChowk,r3,r3_13.csv,MEDIUM,13.0,19
1900-01-01 10:00:00,DOWN,0.0,0.0,0.0,0.0,0.0,RTOChowk,r3,r3_13.csv,LOW,0.0,15
1900-01-01 10:00:00,LEFT,40.0,92.0,0.0,2.0,134.0,RTOChowk,r3,r3_13.csv,HIGH,92.0,42
1900-01-01 10:00:00,RIGHT,0.0,1.0,0.0,0.0,1.0,RTOChowk,r3,r3_13.csv,LOW,0.5,15
1900-01-01 10:00:00,UP,1.0,0.0,1.0,3.0,5.0,RTOChowk,r3,r3_13.csv,MEDIUM,12.5,19
1900-01-01 10:05:00,DOWN,0.0,0.0,0.0,0.0,0.0,RTOChowk,r3,r3_13.csv,LOW,0.0,15
1900-01-01 10:05:00,LEFT,45.0,92.0,0.0,6.0,143.0,RTOChowk,r3,r3_13.csv,HIGH,109.0,47
1900-01-01 10:05:00,RIGHT,0.0,1.0,0.0,0.0,1.0,RTOChowk,r3,r3_13.csv,LOW,0.5,15
1900-01-01 10:05:00,UP,3.0,0.0,2.0,5.0,10.0,RTOChowk,r3,r3_13.csv,MEDIUM,23.0,22
1900-01-01 10:10:00,DOWN,0.0,1.0,0.0,0.0,1.0,RTOChowk,r3,r3_13.csv,LOW,0.5,15
1900-01-01 10:10:00,LEFT,40.0,72.0,1.0,3.0,116.0,RTOChowk,r3,r3_13.csv,HIGH,87.5,40
1900-01-01 10:10:00,RIGHT,0.0,0.0,0.0,1.0,1.0,RTOChowk,r3,r3_13.csv,LOW,3.0,16
1900-01-01 10:10:00,UP,4.0,0.0,0.0,2.0,6.0,RTOChowk,r3,r3_13.csv,MEDIUM,10.0,18
1900-01-01 10:15:00,DOWN,0.0,0.0,0.0,0.0,0.0,RTOChowk,r3,r3_13.csv,LOW,0.0,15
1900-01-01 10:15:00,LEFT,42.0,88.0,0.0,4.0,134.0,RTOChowk,r3,r3_13.csv,HIGH,98.0,43
1900-01-01 10:15:00,RIGHT,0.0,8.0,0.0,1.0,9.0,RTOChowk,r3,r3_13.csv,MEDIUM,7.0,17
1900-01-01 10:15:00,UP,2.0,0.0,0.0,7.0,9.0,RTOChowk,r3,r3_13.csv,MEDIUM,23.0,22
1900-01-01 10:20:00,DOWN,0.0,1.0,0.0,1.0,2.0,RTOChowk,r3,r3_13.csv,LOW,3.5,16
1900-01-01 10:20:00,LEFT,51.0,95.0,0.0,6.0,152.0,RTOChowk,r3,r3_13.csv,HIGH,116.5,49
1900-01-01 10:20:00,RIGHT,0.0,1.0,0.0,0.0,1.0,RTOChowk,r3,r3_13.csv,LOW,0.5,15
1900-01-01 10:20:00,UP,1.0,0.0,0.0,5.0,6.0,RTOChowk,r3,r3_13.csv,MEDIUM,16.0,20
1900-01-01 10:25:00,DOWN,0.0,0.0,0.0,0.0,0.0,RTOChowk,r3,r3_13.csv,LOW,0.0,15
1900-01-01 10:25:00,LEFT,27.0,63.0,0.0,2.0,92.0,RTOChowk,r3,r3_13.csv,HIGH,64.5,34
1900-01-01 10:25:00,RIGHT,0.0,1.0,0.0,0.0,1.0,RTOChowk,r3,r3_13.csv,LOW,0.5,15
1900-01-01 10:25:00,UP,2.0,0.0,0.0,3.0,5.0,RTOChowk,r3,r3_13.csv,MEDIUM,11.0,18
1900-01-01 10:30:00,DOWN,0.0,0.0,0.0,0.0,0.0,RTOChowk,r3,r3_13.csv,LOW,0.0,15
1900-01-01 10:30:00,LEFT,47.0,91.0,0.0,4.0,142.0,RTOChowk,r3,r3_13.csv,HIGH,104.5,45
1900-01-01 10:30:00,RIGHT,0.0,1.0,0.0,0.0,1.0,RTOChowk,r3,r3_13.csv,LOW,0.5,15
1900-01-01 10:30:00,UP,0.0,0.0,0.0,2.0,2.0,RTOChowk,r3,r3_13.csv,LOW,6.0,17
1900-01-01 10:35:00,DOWN,0.0,0.0,0.0,1.0,1.0,RTOChowk,r3,r3_13.csv,LOW,3.0,16
1900-01-01 10:35:00,LEFT,43.0,93.0,0.0,8.0,144.0,RTOChowk,r3,r3_13.csv,HIGH,113.5,48
1900-01-01 10:35:00,RIGHT,0.0,4.0,0.0,1.0,5.0,RTOChowk,r3,r3_13.csv,MEDIUM,5.0,16
1900-01-01 10:35:00,UP,9.0,0.0,0.0,7.0,16.0,RTOChowk,r3,r3_13.csv,MEDIUM,30.0,24
1900-01-01 10:40:00,DOWN,0.0,0.0,0.0,0.0,0.0,RTOChowk,r3,r3_13.csv,LOW,0.0,15
1900-01-01 10:40:00,LEFT,36.0,77.0,0.0,4.0,117.0,RTOChowk,r3,r3_13.csv,HIGH,86.5,40
1900-01-01 10:40:00,RIGHT,0.0,0.0,0.0,0.0,0.0,RTOChowk,r3,r3_13.csv,LOW,0.0,15
1900-01-01 10:40:00,UP,2.0,0.0,0.0,1.0,3.0,RTOChowk,r3,r3_13.csv,LOW,5.0,16
1900-01-01 10:45:00,DOWN,1.0,0.0,0.0,0.0,1.0,RTOChowk,r3,r3_13.csv,LOW,1.0,15
1900-01-01 10:45:00,LEFT,64.0,93.0,0.0,6.0,163.0,RTOChowk,r3,r3_13.csv,VERY_HIGH,128.5,52
1900-01-01 10:45:00,RIGHT,0.0,0.0,0.0,0.0,0.0,RTOChowk,r3,r3_13.csv,LOW,0.0,15
1900-01-01 10:45:00,UP,5.0,0.0,1.0,3.0,9.0,RTOChowk,r3,r3_13.csv,MEDIUM,16.5,20
1900-01-01 10:50:00,DOWN,0.0,0.0,0.0,0.0,0.0,RTOChowk,r3,r3_13.csv,LOW,0.0,15
1900-01-01 10:50:00,LEFT,27.0,89.0,0.0,3.0,119.0,RTOChowk,r3,r3_13.csv,HIGH,80.5,38
1900-01-01 10:50:00,RIGHT,0.0,1.0,0.0,0.0,1.0,RTOChowk,r3,r3_13.csv,LOW,0.5,15
1900-01-01 10:50:00,UP,0.0,0.0,0.0,1.0,1.0,RTOChowk,r3,r3_13.csv,LOW,3.0,16
1900-01-01 10:55:00,DOWN,0.0,0.0,0.0,0.0,0.0,RTOChowk,r3,r3_13.csv,LOW,0.0,15
1900-01-01 10:55:00,LEFT,65.0,99.0,0.0,7.0,171.0,RTOChowk,r3,r3_13.csv,VERY_HIGH,135.5,54
1900-01-01 10:55:00,RIGHT,0.0,1.0,0.0,0.0,1.0,RTOChowk,r3,r3_13.csv,LOW,0.5,15
1900-01-01 10:55:00,UP,5.0,0.0,0.0,3.0,8.0,RTOChowk,r3,r3_13.csv,MEDIUM,14.0,19
1900-01-01 11:00:00,DOWN,1.0,0.0,0.0,0.0,1.0,RTOChowk,r3,r3_13.csv,LOW,1.0,15
1900-01-01 11:00:00,LEFT,47.0,81.0,0.0,4.0,132.0,RTOChowk,r3,r3_13.csv,HIGH,99.5,44
1900-01-01 11:00:00,RIGHT,1.0,1.0,0.0,0.0,2.0,RTOChowk,r3,r3_13.csv,LOW,1.5,15
1900-01-01 11:00:00,UP,4.0,0.0,0.0,3.0,7.0,RTOChowk,r3,r3_13.csv,MEDIUM,13.0,19
1900-01-01 11:05:00,DOWN,0.0,0.0,0.0,0.0,0.0,RTOChowk,r3,r3_13.csv,LOW,0.0,15
1900-01-01 11:05:00,LEFT,45.0,83.0,0.0,5.0,133.0,RTOChowk,r3,r3_13.csv,HIGH,101.5,44
1900-01-01 11:05:00,RIGHT,0.0,2.0,0.0,0.0,2.0,RTOChowk,r3,r3_13.csv,LOW,1.0,15
1900-01-01 11:05:00,UP,7.0,3.0,0.0,0.0,10.0,RTOChowk,r3,r3_13.csv,MEDIUM,8.5,17
1900-01-01 11:10:00,DOWN,0.0,0.0,0.0,0.0,0.0,RTOChowk,r3,r3_13.csv,LOW,0.0,15
1900-01-01 11:10:00,LEFT,45.0,98.0,0.0,4.0,147.0,RTOChowk,r3,r3_13.csv,HIGH,106.0,46
1900-01-01 11:10:00,RIGHT,0.0,2.0,0.0,0.0,2.0,RTOChowk,r3,r3_13.csv,LOW,1.0,15
1900-01-01 11:10:00,UP,3.0,1.0,0.0,1.0,5.0,RTOChowk,r3,r3_13.csv,MEDIUM,6.5,17
1900-01-01 11:15:00,DOWN,0.0,0.0,0.0,0.0,0.0,RTOChowk,r3,r3_13.csv,LOW,0.0,15
1900-01-01 11:15:00,LEFT,36.0,88.0,0.0,2.0,126.0,RTOChowk,r3,r3_13.csv,HIGH,86.0,40
1900-01-01 11:15:00,RIGHT,0.0,1.0,0.0,0.0,1.0,RTOChowk,r3,r3_13.csv,LOW,0.5,15
1900-01-01 11:15:00,UP,1.0,0.0,0.0,1.0,2.0,RTOChowk,r3,r3_13.csv,LOW,4.0,16
1900-01-01 11:20:00,DOWN,0.0,0.0,0.0,0.0,0.0,RTOChowk,r3,r3_13.csv,LOW,0.0,15
1900-01-01 11:20:00,LEFT,45.0,86.0,1.0,1.0,133.0,RTOChowk,r3,r3_13.csv,HIGH,93.5,42
1900-01-01 11:20:00,RIGHT,0.0,0.0,0.0,0.0,0.0,RTOChowk,r3,r3_13.csv,LOW,0.0,15
1900-01-01 11:20:00,UP,0.0,2.0,0.0,1.0,3.0,RTOChowk,r3,r3_13.csv,LOW,4.0,16
1900-01-01 11:25:00,DOWN,0.0,0.0,0.0,0.0,0.0,RTOChowk,r3,r3_13.csv,LOW,0.0,15
1900-01-01 11:25:00,LEFT,43.0,88.0,0.0,2.0,133.0,RTOChowk,r3,r3_13.csv,HIGH,93.0,42
1900-01-01 11:25:00,RIGHT,1.0,1.0,0.0,0.0,2.0,RTOChowk,r3,r3_13.csv,LOW,1.5,15
1900-01-01 11:25:00,UP,1.0,2.0,0.0,2.0,5.0,RTOChowk,r3,r3_13.csv,MEDIUM,8.0,17
1900-01-01 11:30:00,DOWN,0.0,0.0,0.0,0.0,0.0,RTOChowk,r3,r3_13.csv,LOW,0.0,15
1900-01-01 11:30:00,LEFT,32.0,65.0,0.0,5.0,102.0,RTOChowk,r3,r3_13.csv,HIGH,79.5,38
1900-01-01 11:30:00,RIGHT,1.0,0.0,0.0,0.0,1.0,RTOChowk,r3,r3_13.csv,LOW,1.0,15
1900-01-01 11:30:00,UP,1.0,2.0,1.0,3.0,7.0,RTOChowk,r3,r3_13.csv,MEDIUM,13.5,19
1900-01-01 11:35:00,DOWN,0.0,0.0,0.0,0.0,0.0,RTOChowk,r3,r3_13.csv,LOW,0.0,15
1900-01-01 11:35:00,LEFT,46.0,70.0,0.0,3.0,119.0,RTOChowk,r3,r3_13.csv,HIGH,90.0,41
1900-01-01 11:35:00,RIGHT,0.0,0.0,0.0,0.0,0.0,RTOChowk,r3,r3_13.csv,LOW,0.0,15
1900-01-01 11:35:00,UP,3.0,1.0,1.0,0.0,5.0,RTOChowk,r3,r3_13.csv,MEDIUM,6.0,17
1900-01-01 11:40:00,DOWN,0.0,0.0,0.0,0.0,0.0,RTOChowk,r3,r3_13.csv,LOW,0.0,15
1900-01-01 11:40:00,LEFT,27.0,74.0,0.0,1.0,102.0,RTOChowk,r3,r3_13.csv,HIGH,67.0,34
1900-01-01 11:40:00,RIGHT,0.0,1.0,0.0,0.0,1.0,RTOChowk,r3,r3_13.csv,LOW,0.5,15
1900-01-01 11:40:00,UP,1.0,4.0,0.0,4.0,9.0,RTOChowk,r3,r3_13.csv,MEDIUM,15.0,19
1900-01-01 11:45:00,DOWN,0.0,0.0,0.0,0.0,0.0,RTOChowk,r3,r3_13.csv,LOW,0.0,15
1900-01-01 11:45:00,LEFT,38.0,88.0,0.0,4.0,130.0,RTOChowk,r3,r3_13.csv,HIGH,94.0,42
1900-01-01 11:45:00,RIGHT,0.0,0.0,0.0,0.0,0.0,RTOChowk,r3,r3_13.csv,LOW,0.0,15
1900-01-01 11:45:00,UP,2.0,3.0,0.0,0.0,5.0,RTOChowk,r3,r3_13.csv,MEDIUM,3.5,16
1900-01-01 11:50:00,DOWN,0.0,0.0,0.0,0.0,0.0,RTOChowk,r3,r3_13.csv,LOW,0.0,15
1900-01-01 11:50:00,LEFT,37.0,85.0,1.0,5.0,128.0,RTOChowk,r3,r3_13.csv,HIGH,97.0,43
1900-01-01 11:50:00,RIGHT,0.0,1.0,0.0,0.0,1.0,RTOChowk,r3,r3_13.csv,LOW,0.5,15
1900-01-01 11:50:00,UP,2.0,1.0,1.0,1.0,5.0,RTOChowk,r3,r3_13.csv,MEDIUM,8.0,17
1900-01-01 11:55:00,DOWN,0.0,0.0,0.0,0.0,0.0,RTOChowk,r3,r3_13.csv,LOW,0.0,15
1900-01-01 11:55:00,LEFT,23.0,79.0,0.0,6.0,108.0,RTOChowk,r3,r3_13.csv,HIGH,80.5,38
1900-01-01 11:55:00,RIGHT,0.0,0.0,0.0,0.0,0.0,RTOChowk,r3,r3_13.csv,LOW,0.0,15
1900-01-01 11:55:00,UP,1.0,8.0,0.0,0.0,9.0,RTOChowk,r3,r3_13.csv,MEDIUM,5.0,16
1900-01-01 12:00:00,DOWN,0.0,0.0,0.0,0.0,0.0,RTOChowk,r3,r3_13.csv,LOW,0.0,15
1900-01-01 12:00:00,LEFT,23.0,28.0,0.0,1.0,52.0,RTOChowk,r3,r3_13.csv,MEDIUM,40.0,27
1900-01-01 12:00:00,RIGHT,0.0,0.0,0.0,0.0,0.0,RTOChowk,r3,r3_13.csv,LOW,0.0,15
1900-01-01 12:00:00,UP,0.0,5.0,0.0,0.0,5.0,RTOChowk,r3,r3_13.csv,MEDIUM,2.5,16
1900-01-01 08:55:00,DOWN,0.0,0.0,0.0,0.0,0.0,RTOChowk,r3,r3_12.csv,LOW,0.0,15
1900-01-01 08:55:00,LEFT,10.0,21.0,0.0,1.0,32.0,RTOChowk,r3,r3_12.csv,MEDIUM,23.5,22
1900-01-01 08:55:00,RIGHT,0.0,1.0,0.0,0.0,1.0,RTOChowk,r3,r3_12.csv,LOW,0.5,15
1900-01-01 08:55:00,UP,0.0,0.0,0.0,0.0,0.0,RTOChowk,r3,r3_12.csv,LOW,0.0,15
1900-01-01 09:00:00,DOWN,0.0,0.0,0.0,0.0,0.0,RTOChowk,r3,r3_12.csv,LOW,0.0,15
1900-01-01 09:00:00,LEFT,37.0,94.0,0.0,5.0,136.0,RTOChowk,r3,r3_12.csv,HIGH,99.0,44
1900-01-01 09:00:00,RIGHT,0.0,4.0,0.0,0.0,4.0,RTOChowk,r3,r3_12.csv,LOW,2.0,16
1900-01-01 09:00:00,UP,0.0,0.0,0.0,7.0,7.0,RTOChowk,r3,r3_12.csv,MEDIUM,21.0,21
1900-01-01 09:05:00,DOWN,0.0,0.0,0.0,0.0,0.0,RTOChowk,r3,r3_12.csv,LOW,0.0,15
1900-01-01 09:05:00,LEFT,56.0,103.0,1.0,8.0,168.0,RTOChowk,r3,r3_12.csv,VERY_HIGH,134.0,54
1900-01-01 09:05:00,RIGHT,1.0,9.0,0.0,1.0,11.0,RTOChowk,r3,r3_12.csv,MEDIUM,8.5,17
1900-01-01 09:05:00,UP,0.0,1.0,0.0,0.0,1.0,RTOChowk,r3,r3_12.csv,LOW,0.5,15
1900-01-01 09:10:00,DOWN,0.0,0.0,0.0,0.0,0.0,RTOChowk,r3,r3_12.csv,LOW,0.0,15
1900-01-01 09:10:00,LEFT,48.0,97.0,1.0,9.0,155.0,RTOChowk,r3,r3_12.csv,VERY_HIGH,126.0,51
1900-01-01 09:10:00,RIGHT,0.0,1.0,0.0,0.0,1.0,RTOChowk,r3,r3_12.csv,LOW,0.5,15
1900-01-01 09:10:00,UP,1.0,1.0,0.0,1.0,3.0,RTOChowk,r3,r3_12.csv,LOW,4.5,16
1900-01-01 09:15:00,DOWN,0.0,0.0,0.0,0.0,0.0,RTOChowk,r3,r3_12.csv,LOW,0.0,15
1900-01-01 09:15:00,LEFT,39.0,105.0,0.0,5.0,149.0,RTOChowk,r3,r3_12.csv,HIGH,106.5,46
1900-01-01 09:15:00,RIGHT,2.0,0.0,0.0,0.0,2.0,RTOChowk,r3,r3_12.csv,LOW,2.0,16
1900-01-01 09:15:00,UP,0.0,0.0,0.0,0.0,0.0,RTOChowk,r3,r3_12.csv,LOW,0.0,15
1900-01-01 09:20:00,DOWN,0.0,0.0,0.0,0.0,0.0,RTOChowk,r3,r3_12.csv,LOW,0.0,15
1900-01-01 09:20:00,LEFT,31.0,95.0,1.0,7.0,134.0,RTOChowk,r3,r3_12.csv,HIGH,102.0,45
1900-01-01 09:20:00,RIGHT,0.0,5.0,0.0,0.0,5.0,RTOChowk,r3,r3_12.csv,MEDIUM,2.5,16
1900-01-01 09:20:00,UP,0.0,0.0,1.0,0.0,1.0,RTOChowk,r3,r3_12.csv,LOW,2.5,16
1900-01-01 09:25:00,DOWN,0.0,0.0,0.0,0.0,0.0,RTOChowk,r3,r3_12.csv,LOW,0.0,15
1900-01-01 09:25:00,LEFT,46.0,129.0,0.0,6.0,181.0,RTOChowk,r3,r3_12.csv,VERY_HIGH,128.5,52
1900-01-01 09:25:00,RIGHT,2.0,1.0,0.0,0.0,3.0,RTOChowk,r3,r3_12.csv,LOW,2.5,16
1900-01-01 09:25:00,UP,0.0,0.0,0.0,1.0,1.0,RTOChowk,r3,r3_12.csv,LOW,3.0,16
1900-01-01 09:30:00,DOWN,0.0,0.0,0.0,0.0,0.0,RTOChowk,r3,r3_12.csv,LOW,0.0,15
1900-01-01 09:30:00,LEFT,44.0,95.0,0.0,9.0,148.0,RTOChowk,r3,r3_12.csv,HIGH,118.5,49
1900-01-01 09:30:00,RIGHT,0.0,4.0,0.0,1.0,5.0,RTOChowk,r3,r3_12.csv,MEDIUM,5.0,16
1900-01-01 09:30:00,UP,1.0,6.0,0.0,0.0,7.0,RTOChowk,r3,r3_12.csv,MEDIUM,4.0,16
1900-01-01 09:35:00,DOWN,1.0,0.0,0.0,0.0,1.0,RTOChowk,r3,r3_12.csv,LOW,1.0,15
1900-01-01 09:35:00,LEFT,51.0,90.0,2.0,9.0,152.0,RTOChowk,r3,r3_12.csv,HIGH,128.0,52
1900-01-01 09:35:00,RIGHT,1.0,15.0,0.0,0.0,16.0,RTOChowk,r3,r3_12.csv,MEDIUM,8.5,17
1900-01-01 09:35:00,UP,0.0,0.0,0.0,0.0,0.0,RTOChowk,r3,r3_12.csv,LOW,0.0,15
1900-01-01 09:40:00,DOWN,0.0,0.0,0.0,0.0,0.0,RTOChowk,r3,r3_12.csv,LOW,0.0,15
1900-01-01 09:40:00,LEFT,52.0,104.0,0.0,9.0,165.0,RTOChowk,r3,r3_12.csv,VERY_HIGH,131.0,53
1900-01-01 09:40:00,RIGHT,0.0,0.0,0.0,0.0,0.0,RTOChowk,r3,r3_12.csv,LOW,0.0,15
1900-01-01 09:40:00,UP,1.0,0.0,1.0,3.0,5.0,RTOChowk,r3,r3_12.csv,MEDIUM,12.5,19
1900-01-01 09:45:00,DOWN,0.0,0.0,0.0,0.0,0.0,RTOChowk,r3,r3_12.csv,LOW,0.0,15
1900-01-01 09:45:00,LEFT,40.0,93.0,0.0,3.0,136.0,RTOChowk,r3,r3_12.csv,HIGH,95.5,43
1900-01-01 09:45:00,RIGHT,0.0,2.0,0.0,0.0,2.0,RTOChowk,r3,r3_12.csv,LOW,1.0,15
1900-01-01 09:45:00,UP,0.0,0.0,0.0,0.0,0.0,RTOChowk,r3,r3_12.csv,LOW,0.0,15
1900-01-01 09:50:00,DOWN,0.0,0.0,0.0,0.0,0.0,RTOChowk,r3,r3_12.csv,LOW,0.0,15
1900-01-01 09:50:00,LEFT,60.0,105.0,0.0,8.0,173.0,RTOChowk,r3,r3_12.csv,VERY_HIGH,136.5,55
1900-01-01 09:50:00,RIGHT,7.0,70.0,0.0,0.0,77.0,RTOChowk,r3,r3_12.csv,HIGH,42.0,27
1900-01-01 09:50:00,UP,3.0,0.0,0.0,1.0,4.0,RTOChowk,r3,r3_12.csv,LOW,6.0,17
1900-01-01 09:55:00,DOWN,0.0,0.0,0.0,0.0,0.0,RTOChowk,r3,r3_12.csv,LOW,0.0,15
1900-01-01 09:55:00,LEFT,50.0,94.0,0.0,4.0,148.0,RTOChowk,r3,r3_12.csv,HIGH,109.0,47
1900-01-01 09:55:00,RIGHT,1.0,5.0,0.0,0.0,6.0,RTOChowk,r3,r3_12.csv,MEDIUM,3.5,16
1900-01-01 09:55:00,UP,0.0,0.0,0.0,0.0,0.0,RTOChowk,r3,r3_12.csv,LOW,0.0,15
1900-01-01 10:00:00,DOWN,0.0,0.0,0.0,0.0,0.0,RTOChowk,r3,r3_12.csv,LOW,0.0,15
1900-01-01 10:00:00,LEFT,54.0,81.0,0.0,5.0,140.0,RTOChowk,r3,r3_12.csv,HIGH,109.5,47
1900-01-01 10:00:00,RIGHT,1.0,0.0,0.0,0.0,1.0,RTOChowk,r3,r3_12.csv,LOW,1.0,15
1900-01-01 10:00:00,UP,0.0,0.0,0.0,1.0,1.0,RTOChowk,r3,r3_12.csv,LOW,3.0,16
1900-01-01 10:05:00,DOWN,0.0,1.0,0.0,0.0,1.0,RTOChowk,r3,r3_12.csv,LOW,0.5,15
1900-01-01 10:05:00,LEFT,66.0,97.0,0.0,12.0,175.0,RTOChowk,r3,r3_12.csv,VERY_HIGH,150.5,59
1900-01-01 10:05:00,RIGHT,0.0,5.0,0.0,0.0,5.0,RTOChowk,r3,r3_12.csv,MEDIUM,2.5,16
1900-01-01 10:05:00,UP,0.0,0.0,0.0,0.0,0.0,RTOChowk,r3,r3_12.csv,LOW,0.0,15
1900-01-01 10:10:00,DOWN,0.0,1.0,0.0,0.0,1.0,RTOChowk,r3,r3_12.csv,LOW,0.5,15
1900-01-01 10:10:00,LEFT,37.0,90.0,0.0,3.0,130.0,RTOChowk,r3,r3_12.csv,HIGH,91.0,41
1900-01-01 10:10:00,RIGHT,0.0,7.0,0.0,0.0,7.0,RTOChowk,r3,r3_12.csv,MEDIUM,3.5,16
1900-01-01 10:10:00,UP,0.0,2.0,0.0,1.0,3.0,RTOChowk,r3,r3_12.csv,LOW,4.0,16
1900-01-01 10:15:00,DOWN,0.0,0.0,0.0,0.0,0.0,RTOChowk,r3,r3_12.csv,LOW,0.0,15
1900-01-01 10:15:00,LEFT,47.0,106.0,1.0,5.0,159.0,RTOChowk,r3,r3_12.csv,VERY_HIGH,117.5,49
1900-01-01 10:15:00,RIGHT,1.0,1.0,0.0,0.0,2.0,RTOChowk,r3,r3_12.csv,LOW,1.5,15
1900-01-01 10:15:00,UP,0.0,2.0,0.0,0.0,2.0,RTOChowk,r3,r3_12.csv,LOW,1.0,15
1900-01-01 10:20:00,DOWN,0.0,0.0,0.0,0.0,0.0,RTOChowk,r3,r3_12.csv,LOW,0.0,15
1900-01-01 10:20:00,LEFT,44.0,103.0,0.0,5.0,152.0,RTOChowk,r3,r3_12.csv,HIGH,110.5,47
1900-01-01 10:20:00,RIGHT,0.0,2.0,0.0,0.0,2.0,RTOChowk,r3,r3_12.csv,LOW,1.0,15
1900-01-01 10:20:00,UP,0.0,0.0,0.0,0.0,0.0,RTOChowk,r3,r3_12.csv,LOW,0.0,15
1900-01-01 10:25:00,DOWN,0.0,0.0,0.0,0.0,0.0,RTOChowk,r3,r3_12.csv,LOW,0.0,15
1900-01-01 10:25:00,LEFT,46.0,94.0,2.0,0.0,142.0,RTOChowk,r3,r3_12.csv,HIGH,98.0,43
1900-01-01 10:25:00,RIGHT,0.0,0.0,0.0,1.0,1.0,RTOChowk,r3,r3_12.csv,LOW,3.0,16
1900-01-01 10:25:00,UP,1.0,0.0,0.0,1.0,2.0,RTOChowk,r3,r3_12.csv,LOW,4.0,16
1900-01-01 10:30:00,DOWN,0.0,0.0,0.0,0.0,0.0,RTOChowk,r3,r3_12.csv,LOW,0.0,15
1900-01-01 10:30:00,LEFT,60.0,91.0,0.0,2.0,153.0,RTOChowk,r3,r3_12.csv,HIGH,111.5,47
1900-01-01 10:30:00,RIGHT,0.0,3.0,0.0,1.0,4.0,RTOChowk,r3,r3_12.csv,LOW,4.5,16
1900-01-01 10:30:00,UP,0.0,1.0,0.0,0.0,1.0,RTOChowk,r3,r3_12.csv,LOW,0.5,15
1900-01-01 10:35:00,DOWN,1.0,0.0,0.0,1.0,2.0,RTOChowk,r3,r3_12.csv,LOW,4.0,16
1900-01-01 10:35:00,LEFT,40.0,78.0,0.0,2.0,120.0,RTOChowk,r3,r3_12.csv,HIGH,85.0,40
1900-01-01 10:35:00,RIGHT,1.0,3.0,0.0,0.0,4.0,RTOChowk,r3,r3_12.csv,LOW,2.5,16
1900-01-01 10:35:00,UP,0.0,0.0,0.0,0.0,0.0,RTOChowk,r3,r3_12.csv,LOW,0.0,15
1900-01-01 10:40:00,DOWN,0.0,0.0,0.0,0.0,0.0,RTOChowk,r3,r3_12.csv,LOW,0.0,15
1900-01-01 10:40:00,LEFT,51.0,94.0,1.0,2.0,148.0,RTOChowk,r3,r3_12.csv,HIGH,106.5,46
1900-01-01 10:40:00,RIGHT,0.0,1.0,0.0,0.0,1.0,RTOChowk,r3,r3_12.csv,LOW,0.5,15
1900-01-01 10:40:00,UP,1.0,0.0,0.0,3.0,4.0,RTOChowk,r3,r3_12.csv,LOW,10.0,18
1900-01-01 10:45:00,DOWN,0.0,2.0,0.0,0.0,2.0,RTOChowk,r3,r3_12.csv,LOW,1.0,15
1900-01-01 10:45:00,LEFT,54.0,117.0,1.0,7.0,179.0,RTOChowk,r3,r3_12.csv,VERY_HIGH,136.0,54
1900-01-01 10:45:00,RIGHT,1.0,1.0,0.0,0.0,2.0,RTOChowk,r3,r3_12.csv,LOW,1.5,15
1900-01-01 10:45:00,UP,0.0,0.0,0.0,2.0,2.0,RTOChowk,r3,r3_12.csv,LOW,6.0,17
1900-01-01 10:50:00,DOWN,1.0,1.0,0.0,0.0,2.0,RTOChowk,r3,r3_12.csv,LOW,1.5,15
1900-01-01 10:50:00,LEFT,59.0,112.0,0.0,5.0,176.0,RTOChowk,r3,r3_12.csv,VERY_HIGH,130.0,53
1900-01-01 10:50:00,RIGHT,1.0,3.0,0.0,0.0,4.0,RTOChowk,r3,r3_12.csv,LOW,2.5,16
1900-01-01 10:50:00,UP,0.0,0.0,0.0,0.0,0.0,RTOChowk,r3,r3_12.csv,LOW,0.0,15
1900-01-01 10:55:00,DOWN,1.0,0.0,0.0,0.0,1.0,RTOChowk,r3,r3_12.csv,LOW,1.0,15
1900-01-01 10:55:00,LEFT,51.0,97.0,1.0,2.0,151.0,RTOChowk,r3,r3_12.csv,HIGH,108.0,46
1900-01-01 10:55:00,RIGHT,0.0,10.0,0.0,1.0,11.0,RTOChowk,r3,r3_12.csv,MEDIUM,8.0,17
1900-01-01 10:55:00,UP,0.0,0.0,0.0,0.0,0.0,RTOChowk,r3,r3_12.csv,LOW,0.0,15
1900-01-01 11:00:00,DOWN,0.0,0.0,0.0,0.0,0.0,RTOChowk,r3,r3_12.csv,LOW,0.0,15
1900-01-01 11:00:00,LEFT,41.0,66.0,0.0,2.0,109.0,RTOChowk,r3,r3_12.csv,HIGH,80.0,38
1900-01-01 11:00:00,RIGHT,2.0,1.0,0.0,0.0,3.0,RTOChowk,r3,r3_12.csv,LOW,2.5,16
1900-01-01 11:00:00,UP,3.0,0.0,0.0,2.0,5.0,RTOChowk,r3,r3_12.csv,MEDIUM,9.0,18
1900-01-01 11:05:00,DOWN,0.0,0.0,0.0,0.0,0.0,RTOChowk,r3,r3_12.csv,LOW,0.0,15
1900-01-01 11:05:00,LEFT,52.0,105.0,1.0,8.0,166.0,RTOChowk,r3,r3_12.csv,VERY_HIGH,131.0,53
1900-01-01 11:05:00,RIGHT,0.0,2.0,0.0,0.0,2.0,RTOChowk,r3,r3_12.csv,LOW,1.0,15
1900-01-01 11:05:00,UP,1.0,2.0,0.0,1.0,4.0,RTOChowk,r3,r3_12.csv,LOW,5.0,16
1900-01-01 11:10:00,DOWN,0.0,0.0,0.0,0.0,0.0,RTOChowk,r3,r3_12.csv,LOW,0.0,15
1900-01-01 11:10:00,LEFT,46.0,109.0,0.0,7.0,162.0,RTOChowk,r3,r3_12.csv,VERY_HIGH,121.5,50
1900-01-01 11:10:00,RIGHT,0.0,4.0,1.0,0.0,5.0,RTOChowk,r3,r3_12.csv,MEDIUM,4.5,16
1900-01-01 11:10:00,UP,0.0,0.0,0.0,1.0,1.0,RTOChowk,r3,r3_12.csv,LOW,3.0,16
1900-01-01 11:15:00,DOWN,0.0,0.0,0.0,0.0,0.0,RTOChowk,r3,r3_12.csv,LOW,0.0,15
1900-01-01 11:15:00,LEFT,38.0,83.0,0.0,6.0,127.0,RTOChowk,r3,r3_12.csv,HIGH,97.5,43
1900-01-01 11:15:00,RIGHT,1.0,3.0,0.0,0.0,4.0,RTOChowk,r3,r3_12.csv,LOW,2.5,16
1900-01-01 11:15:00,UP,2.0,0.0,0.0,1.0,3.0,RTOChowk,r3,r3_12.csv,LOW,5.0,16
1900-01-01 11:20:00,DOWN,0.0,0.0,0.0,0.0,0.0,RTOChowk,r3,r3_12.csv,LOW,0.0,15
1900-01-01 11:20:00,LEFT,57.0,101.0,2.0,3.0,163.0,RTOChowk,r3,r3_12.csv,VERY_HIGH,121.5,50
1900-01-01 11:20:00,RIGHT,16.0,3.0,0.0,4.0,23.0,RTOChowk,r3,r3_12.csv,MEDIUM,29.5,24
1900-01-01 11:20:00,UP,0.0,0.0,0.0,0.0,0.0,RTOChowk,r3,r3_12.csv,LOW,0.0,15
1900-01-01 11:25:00,DOWN,0.0,0.0,0.0,0.0,0.0,RTOChowk,r3,r3_12.csv,LOW,0.0,15
1900-01-01 11:25:00,LEFT,47.0,91.0,0.0,1.0,139.0,RTOChowk,r3,r3_12.csv,HIGH,95.5,43
1900-01-01 11:25:00,RIGHT,1.0,3.0,0.0,0.0,4.0,RTOChowk,r3,r3_12.csv,LOW,2.5,16
1900-01-01 11:25:00,UP,3.0,0.0,0.0,0.0,3.0,RTOChowk,r3,r3_12.csv,LOW,3.0,16
1900-01-01 11:30:00,DOWN,0.0,0.0,0.0,0.0,0.0,RTOChowk,r3,r3_12.csv,LOW,0.0,15
1900-01-01 11:30:00,LEFT,41.0,72.0,1.0,1.0,115.0,RTOChowk,r3,r3_12.csv,HIGH,82.5,39
1900-01-01 11:30:00,RIGHT,1.0,2.0,0.0,0.0,3.0,RTOChowk,r3,r3_12.csv,LOW,2.0,16
1900-01-01 11:30:00,UP,0.0,0.0,0.0,1.0,1.0,RTOChowk,r3,r3_12.csv,LOW,3.0,16
1900-01-01 11:35:00,DOWN,0.0,0.0,0.0,0.0,0.0,RTOChowk,r3,r3_12.csv,LOW,0.0,15
1900-01-01 11:35:00,LEFT,41.0,65.0,0.0,2.0,108.0,RTOChowk,r3,r3_12.csv,HIGH,79.5,38
1900-01-01 11:35:00,RIGHT,2.0,0.0,0.0,0.0,2.0,RTOChowk,r3,r3_12.csv,LOW,2.0,16
1900-01-01 11:35:00,UP,1.0,0.0,0.0,0.0,1.0,RTOChowk,r3,r3_12.csv,LOW,1.0,15
1900-01-01 11:40:00,DOWN,0.0,0.0,0.0,0.0,0.0,RTOChowk,r3,r3_12.csv,LOW,0.0,15
1900-01-01 11:40:00,LEFT,39.0,88.0,0.0,0.0,127.0,RTOChowk,r3,r3_12.csv,HIGH,83.0,39
1900-01-01 11:40:00,RIGHT,0.0,7.0,0.0,2.0,9.0,RTOChowk,r3,r3_12.csv,MEDIUM,9.5,18
1900-01-01 11:40:00,UP,1.0,0.0,0.0,0.0,1.0,RTOChowk,r3,r3_12.csv,LOW,1.0,15
1900-01-01 11:45:00,DOWN,0.0,0.0,0.0,0.0,0.0,RTOChowk,r3,r3_12.csv,LOW,0.0,15
1900-01-01 11:45:00,LEFT,35.0,63.0,1.0,2.0,101.0,RTOChowk,r3,r3_12.csv,HIGH,75.0,37
1900-01-01 11:45:00,RIGHT,1.0,5.0,0.0,1.0,7.0,RTOChowk,r3,r3_12.csv,MEDIUM,6.5,17
1900-01-01 11:45:00,UP,1.0,8.0,0.0,0.0,9.0,RTOChowk,r3,r3_12.csv,MEDIUM,5.0,16
1900-01-01 11:50:00,DOWN,0.0,0.0,0.0,0.0,0.0,RTOChowk,r3,r3_12.csv,LOW,0.0,15
1900-01-01 11:50:00,LEFT,43.0,66.0,0.0,2.0,111.0,RTOChowk,r3,r3_12.csv,HIGH,82.0,39
1900-01-01 11:50:00,RIGHT,2.0,8.0,0.0,1.0,11.0,RTOChowk,r3,r3_12.csv,MEDIUM,9.0,18
1900-01-01 11:50:00,UP,0.0,0.0,0.0,0.0,0.0,RTOChowk,r3,r3_12.csv,LOW,0.0,15
1900-01-01 11:55:00,DOWN,0.0,0.0,0.0,0.0,0.0,RTOChowk,r3,r3_12.csv,LOW,0.0,15
1900-01-01 11:55:00,LEFT,28.0,44.0,0.0,0.0,72.0,RTOChowk,r3,r3_12.csv,MEDIUM,50.0,29
1900-01-01 11:55:00,RIGHT,1.0,1.0,0.0,0.0,2.0,RTOChowk,r3,r3_12.csv,LOW,1.5,15
1900-01-01 11:55:00,UP,0.0,0.0,0.0,0.0,0.0,RTOChowk,r3,r3_12.csv,LOW,0.0,15
1900-01-01 12:00:00,DOWN,0.0,0.0,0.0,0.0,0.0,RTOChowk,r3,r3_12.csv,LOW,0.0,15
1900-01-01 12:00:00,LEFT,2.0,4.0,0.0,0.0,6.0,RTOChowk,r3,r3_12.csv,MEDIUM,4.0,16
1900-01-01 12:00:00,RIGHT,0.0,0.0,0.0,0.0,0.0,RTOChowk,r3,r3_12.csv,LOW,0.0,15
1900-01-01 12:00:00,UP,0.0,0.0,0.0,0.0,0.0,RTOChowk,r3,r3_12.csv,LOW,0.0,15
1900-01-01 08:55:00,DOWN,0.0,0.0,0.0,0.0,0.0,RTOChowk,r3,r3_11.csv,LOW,0.0,15
1900-01-01 08:55:00,LEFT,0.0,2.0,0.0,0.0,2.0,RTOChowk,r3,r3_11.csv,LOW,1.0,15
1900-01-01 08:55:00,RIGHT,0.0,0.0,0.0,0.0,0.0,RTOChowk,r3,r3_11.csv,LOW,0.0,15
1900-01-01 08:55:00,UP,0.0,0.0,0.0,0.0,0.0,RTOChowk,r3,r3_11.csv,LOW,0.0,15
1900-01-01 09:00:00,DOWN,0.0,0.0,0.0,0.0,0.0,RTOChowk,r3,r3_11.csv,LOW,0.0,15
1900-01-01 09:00:00,LEFT,39.0,34.0,0.0,7.0,80.0,RTOChowk,r3,r3_11.csv,HIGH,77.0,37
1900-01-01 09:00:00,RIGHT,0.0,0.0,0.0,0.0,0.0,RTOChowk,r3,r3_11.csv,LOW,0.0,15
1900-01-01 09:00:00,UP,0.0,0.0,0.0,0.0,0.0,RTOChowk,r3,r3_11.csv,LOW,0.0,15
1900-01-01 09:05:00,DOWN,0.0,0.0,0.0,0.0,0.0,RTOChowk,r3,r3_11.csv,LOW,0.0,15
1900-01-01 09:05:00,LEFT,28.0,34.0,0.0,13.0,75.0,RTOChowk,r3,r3_11.csv,HIGH,84.0,39
1900-01-01 09:05:00,RIGHT,0.0,0.0,0.0,0.0,0.0,RTOChowk,r3,r3_11.csv,LOW,0.0,15
1900-01-01 09:05:00,UP,0.0,0.0,0.0,0.0,0.0,RTOChowk,r3,r3_11.csv,LOW,0.0,15
1900-01-01 09:10:00,DOWN,0.0,0.0,0.0,0.0,0.0,RTOChowk,r3,r3_11.csv,LOW,0.0,15
1900-01-01 09:10:00,LEFT,30.0,47.0,0.0,8.0,85.0,RTOChowk,r3,r3_11.csv,HIGH,77.5,37
1900-01-01 09:10:00,RIGHT,1.0,1.0,0.0,0.0,2.0,RTOChowk,r3,r3_11.csv,LOW,1.5,15
1900-01-01 09:10:00,UP,0.0,0.0,0.0,0.0,0.0,RTOChowk,r3,r3_11.csv,LOW,0.0,15
1900-01-01 09:15:00,DOWN,0.0,0.0,0.0,0.0,0.0,RTOChowk,r3,r3_11.csv,LOW,0.0,15
1900-01-01 09:15:00,LEFT,51.0,42.0,1.0,12.0,106.0,RTOChowk,r3,r3_11.csv,HIGH,110.5,47
1900-01-01 09:15:00,RIGHT,0.0,0.0,0.0,0.0,0.0,RTOChowk,r3,r3_11.csv,LOW,0.0,15
1900-01-01 09:15:00,UP,1.0,0.0,0.0,0.0,1.0,RTOChowk,r3,r3_11.csv,LOW,1.0,15
1900-01-01 09:20:00,DOWN,0.0,0.0,0.0,0.0,0.0,RTOChowk,r3,r3_11.csv,LOW,0.0,15
1900-01-01 09:20:00,LEFT,39.0,41.0,0.0,12.0,92.0,RTOChowk,r3,r3_11.csv,HIGH,95.5,43
1900-01-01 09:20:00,RIGHT,0.0,0.0,0.0,0.0,0.0,RTOChowk,r3,r3_11.csv,LOW,0.0,15
1900-01-01 09:20:00,UP,0.0,0.0,0.0,0.0,0.0,RTOChowk,r3,r3_11.csv,LOW,0.0,15
1900-01-01 09:25:00,DOWN,0.0,0.0,0.0,0.0,0.0,RTOChowk,r3,r3_11.csv,LOW,0.0,15
1900-01-01 09:25:00,LEFT,38.0,64.0,0.0,12.0,114.0,RTOChowk,r3,r3_11.csv,HIGH,106.0,46
1900-01-01 09:25:00,RIGHT,0.0,0.0,0.0,0.0,0.0,RTOChowk,r3,r3_11.csv,LOW,0.0,15
1900-01-01 09:25:00,UP,0.0,0.0,0.0,0.0,0.0,RTOChowk,r3,r3_11.csv,LOW,0.0,15
1900-01-01 09:30:00,DOWN,0.0,0.0,0.0,0.0,0.0,RTOChowk,r3,r3_11.csv,LOW,0.0,15
1900-01-01 09:30:00,LEFT,23.0,57.0,0.0,8.0,88.0,RTOChowk,r3,r3_11.csv,HIGH,75.5,37
1900-01-01 09:30:00,RIGHT,0.0,0.0,0.0,0.0,0.0,RTOChowk,r3,r3_11.csv,LOW,0.0,15
1900-01-01 09:30:00,UP,0.0,0.0,0.0,0.0,0.0,RTOChowk,r3,r3_11.csv,LOW,0.0,15
1900-01-01 09:35:00,DOWN,0.0,0.0,0.0,0.0,0.0,RTOChowk,r3,r3_11.csv,LOW,0.0,15
1900-01-01 09:35:00,LEFT,34.0,45.0,1.0,10.0,90.0,RTOChowk,r3,r3_11.csv,HIGH,89.0,41
1900-01-01 09:35:00,RIGHT,0.0,1.0,0.0,0.0,1.0,RTOChowk,r3,r3_11.csv,LOW,0.5,15
1900-01-01 09:35:00,UP,0.0,0.0,0.0,0.0,0.0,RTOChowk,r3,r3_11.csv,LOW,0.0,15
1900-01-01 09:40:00,DOWN,0.0,0.0,0.0,0.0,0.0,RTOChowk,r3,r3_11.csv,LOW,0.0,15
1900-01-01 09:40:00,LEFT,28.0,40.0,1.0,12.0,81.0,RTOChowk,r3,r3_11.csv,HIGH,86.5,40
1900-01-01 09:40:00,RIGHT,0.0,0.0,0.0,0.0,0.0,RTOChowk,r3,r3_11.csv,LOW,0.0,15
1900-01-01 09:40:00,UP,0.0,0.0,0.0,0.0,0.0,RTOChowk,r3,r3_11.csv,LOW,0.0,15
1900-01-01 09:45:00,DOWN,0.0,0.0,0.0,0.0,0.0,RTOChowk,r3,r3_11.csv,LOW,0.0,15
1900-01-01 09:45:00,LEFT,36.0,28.0,0.0,4.0,68.0,RTOChowk,r3,r3_11.csv,MEDIUM,62.0,33
1900-01-01 09:45:00,RIGHT,0.0,0.0,0.0,0.0,0.0,RTOChowk,r3,r3_11.csv,LOW,0.0,15
1900-01-01 09:45:00,UP,0.0,0.0,0.0,0.0,0.0,RTOChowk,r3,r3_11.csv,LOW,0.0,15
1900-01-01 09:50:00,DOWN,0.0,0.0,0.0,0.0,0.0,RTOChowk,r3,r3_11.csv,LOW,0.0,15
1900-01-01 09:50:00,LEFT,42.0,48.0,1.0,8.0,99.0,RTOChowk,r3,r3_11.csv,HIGH,92.5,42
1900-01-01 09:50:00,RIGHT,0.0,1.0,0.0,0.0,1.0,RTOChowk,r3,r3_11.csv,LOW,0.5,15
1900-01-01 09:50:00,UP,0.0,0.0,0.0,0.0,0.0,RTOChowk,r3,r3_11.csv,LOW,0.0,15
1900-01-01 09:55:00,DOWN,0.0,0.0,0.0,0.0,0.0,RTOChowk,r3,r3_11.csv,LOW,0.0,15
1900-01-01 09:55:00,LEFT,31.0,39.0,0.0,14.0,84.0,RTOChowk,r3,r3_11.csv,HIGH,92.5,42
1900-01-01 09:55:00,RIGHT,0.0,1.0,0.0,0.0,1.0,RTOChowk,r3,r3_11.csv,LOW,0.5,15
1900-01-01 09:55:00,UP,0.0,0.0,0.0,0.0,0.0,RTOChowk,r3,r3_11.csv,LOW,0.0,15
1900-01-01 10:00:00,DOWN,0.0,0.0,0.0,0.0,0.0,RTOChowk,r3,r3_11.csv,LOW,0.0,15
1900-01-01 10:00:00,LEFT,21.0,40.0,0.0,10.0,71.0,RTOChowk,r3,r3_11.csv,MEDIUM,71.0,36
1900-01-01 10:00:00,RIGHT,0.0,6.0,0.0,0.0,6.0,RTOChowk,r3,r3_11.csv,MEDIUM,3.0,16
1900-01-01 10:00:00,UP,0.0,0.0,0.0,0.0,0.0,RTOChowk,r3,r3_11.csv,LOW,0.0,15
1900-01-01 10:05:00,DOWN,0.0,0.0,0.0,0.0,0.0,RTOChowk,r3,r3_11.csv,LOW,0.0,15
1900-01-01 10:05:00,LEFT,36.0,47.0,2.0,13.0,98.0,RTOChowk,r3,r3_11.csv,HIGH,103.5,45
1900-01-01 10:05:00,RIGHT,0.0,0.0,0.0,0.0,0.0,RTOChowk,r3,r3_11.csv,LOW,0.0,15
1900-01-01 10:05:00,UP,0.0,0.0,0.0,0.0,0.0,RTOChowk,r3,r3_11.csv,LOW,0.0,15
1900-01-01 10:10:00,DOWN,0.0,0.0,0.0,0.0,0.0,RTOChowk,r3,r3_11.csv,LOW,0.0,15
1900-01-01 10:10:00,LEFT,28.0,32.0,0.0,11.0,71.0,RTOChowk,r3,r3_11.csv,MEDIUM,77.0,37
1900-01-01 10:10:00,RIGHT,0.0,1.0,0.0,1.0,2.0,RTOChowk,r3,r3_11.csv,LOW,3.5,16
1900-01-01 10:10:00,UP,0.0,0.0,0.0,0.0,0.0,RTOChowk,r3,r3_11.csv,LOW,0.0,15
1900-01-01 10:15:00,DOWN,0.0,0.0,0.0,0.0,0.0,RTOChowk,r3,r3_11.csv,LOW,0.0,15
1900-01-01 10:15:00,LEFT,25.0,42.0,0.0,11.0,78.0,RTOChowk,r3,r3_11.csv,HIGH,79.0,38
1900-01-01 10:15:00,RIGHT,0.0,1.0,0.0,0.0,1.0,RTOChowk,r3,r3_11.csv,LOW,0.5,15
1900-01-01 10:15:00,UP,0.0,0.0,0.0,0.0,0.0,RTOChowk,r3,r3_11.csv,LOW,0.0,15
1900-01-01 10:20:00,DOWN,0.0,0.0,0.0,0.0,0.0,RTOChowk,r3,r3_11.csv,LOW,0.0,15
1900-01-01 10:20:00,LEFT,31.0,48.0,0.0,16.0,95.0,RTOChowk,r3,r3_11.csv,HIGH,103.0,45
1900-01-01 10:20:00,RIGHT,0.0,0.0,0.0,0.0,0.0,RTOChowk,r3,r3_11.csv,LOW,0.0,15
1900-01-01 10:20:00,UP,0.0,0.0,0.0,0.0,0.0,RTOChowk,r3,r3_11.csv,LOW,0.0,15
1900-01-01 10:25:00,DOWN,0.0,0.0,0.0,0.0,0.0,RTOChowk,r3,r3_11.csv,LOW,0.0,15
1900-01-01 10:25:00,LEFT,28.0,48.0,0.0,8.0,84.0,RTOChowk,r3,r3_11.csv,HIGH,76.0,37
1900-01-01 10:25:00,RIGHT,0.0,1.0,0.0,0.0,1.0,RTOChowk,r3,r3_11.csv,LOW,0.5,15
1900-01-01 10:25:00,UP,0.0,0.0,0.0,0.0,0.0,RTOChowk,r3,r3_11.csv,LOW,0.0,15
1900-01-01 10:30:00,DOWN,0.0,0.0,0.0,0.0,0.0,RTOChowk,r3,r3_11.csv,LOW,0.0,15
1900-01-01 10:30:00,LEFT,30.0,37.0,0.0,9.0,76.0,RTOChowk,r3,r3_11.csv,HIGH,75.5,37
1900-01-01 10:30:00,RIGHT,0.0,0.0,0.0,0.0,0.0,RTOChowk,r3,r3_11.csv,LOW,0.0,15
1900-01-01 10:30:00,UP,0.0,0.0,0.0,0.0,0.0,RTOChowk,r3,r3_11.csv,LOW,0.0,15
1900-01-01 10:35:00,DOWN,0.0,0.0,0.0,0.0,0.0,RTOChowk,r3,r3_11.csv,LOW,0.0,15
1900-01-01 10:35:00,LEFT,36.0,45.0,0.0,15.0,96.0,RTOChowk,r3,r3_11.csv,HIGH,103.5,45
1900-01-01 10:35:00,RIGHT,0.0,0.0,0.0,0.0,0.0,RTOChowk,r3,r3_11.csv,LOW,0.0,15
1900-01-01 10:35:00,UP,0.0,0.0,0.0,0.0,0.0,RTOChowk,r3,r3_11.csv,LOW,0.0,15
1900-01-01 10:40:00,DOWN,0.0,0.0,0.0,0.0,0.0,RTOChowk,r3,r3_11.csv,LOW,0.0,15
1900-01-01 10:40:00,LEFT,53.0,38.0,0.0,15.0,106.0,RTOChowk,r3,r3_11.csv,HIGH,117.0,49
1900-01-01 10:40:00,RIGHT,0.0,0.0,0.0,0.0,0.0,RTOChowk,r3,r3_11.csv,LOW,0.0,15
1900-01-01 10:40:00,UP,0.0,0.0,0.0,0.0,0.0,RTOChowk,r3,r3_11.csv,LOW,0.0,15
1900-01-01 10:45:00,DOWN,0.0,0.0,0.0,0.0,0.0,RTOChowk,r3,r3_11.csv,LOW,0.0,15
1900-01-01 10:45:00,LEFT,54.0,58.0,0.0,6.0,118.0,RTOChowk,r3,r3_11.csv,HIGH,101.0,44
1900-01-01 10:45:00,RIGHT,0.0,1.0,0.0,0.0,1.0,RTOChowk,r3,r3_11.csv,LOW,0.5,15
1900-01-01 10:45:00,UP,0.0,0.0,0.0,0.0,0.0,RTOChowk,r3,r3_11.csv,LOW,0.0,15
1900-01-01 10:50:00,DOWN,0.0,0.0,0.0,0.0,0.0,RTOChowk,r3,r3_11.csv,LOW,0.0,15
1900-01-01 10:50:00,LEFT,48.0,36.0,1.0,14.0,99.0,RTOChowk,r3,r3_11.csv,HIGH,110.5,47
1900-01-01 10:50:00,RIGHT,0.0,0.0,0.0,0.0,0.0,RTOChowk,r3,r3_11.csv,LOW,0.0,15
1900-01-01 10:50:00,UP,0.0,0.0,0.0,0.0,0.0,RTOChowk,r3,r3_11.csv,LOW,0.0,15
1900-01-01 10:55:00,DOWN,0.0,0.0,0.0,0.0,0.0,RTOChowk,r3,r3_11.csv,LOW,0.0,15
1900-01-01 10:55:00,LEFT,45.0,36.0,0.0,16.0,97.0,RTOChowk,r3,r3_11.csv,HIGH,111.0,47
1900-01-01 10:55:00,RIGHT,0.0,0.0,0.0,0.0,0.0,RTOChowk,r3,r3_11.csv,LOW,0.0,15
1900-01-01 10:55:00,UP,0.0,0.0,0.0,0.0,0.0,RTOChowk,r3,r3_11.csv,LOW,0.0,15
1900-01-01 11:00:00,DOWN,0.0,0.0,0.0,0.0,0.0,RTOChowk,r3,r3_11.csv,LOW,0.0,15
1900-01-01 11:00:00,LEFT,46.0,52.0,1.0,11.0,110.0,RTOChowk,r3,r3_11.csv,HIGH,107.5,46
1900-01-01 11:00:00,RIGHT,0.0,0.0,0.0,0.0,0.0,RTOChowk,r3,r3_11.csv,LOW,0.0,15
1900-01-01 11:00:00,UP,0.0,0.0,0.0,0.0,0.0,RTOChowk,r3,r3_11.csv,LOW,0.0,15
1900-01-01 11:05:00,DOWN,0.0,0.0,0.0,0.0,0.0,RTOChowk,r3,r3_11.csv,LOW,0.0,15
1900-01-01 11:05:00,LEFT,56.0,47.0,0.0,13.0,116.0,RTOChowk,r3,r3_11.csv,HIGH,118.5,49
1900-01-01 11:05:00,RIGHT,0.0,0.0,0.0,0.0,0.0,RTOChowk,r3,r3_11.csv,LOW,0.0,15
1900-01-01 11:05:00,UP,0.0,0.0,0.0,0.0,0.0,RTOChowk,r3,r3_11.csv,LOW,0.0,15
1900-01-01 11:10:00,DOWN,0.0,0.0,0.0,0.0,0.0,RTOChowk,r3,r3_11.csv,LOW,0.0,15
1900-01-01 11:10:00,LEFT,36.0,53.0,0.0,17.0,106.0,RTOChowk,r3,r3_11.csv,HIGH,113.5,48
1900-01-01 11:10:00,RIGHT,0.0,0.0,0.0,0.0,0.0,RTOChowk,r3,r3_11.csv,LOW,0.0,15
1900-01-01 11:10:00,UP,1.0,0.0,0.0,0.0,1.0,RTOChowk,r3,r3_11.csv,LOW,1.0,15
1900-01-01 11:15:00,DOWN,0.0,0.0,0.0,0.0,0.0,RTOChowk,r3,r3_11.csv,LOW,0.0,15
1900-01-01 11:15:00,LEFT,53.0,52.0,0.0,11.0,116.0,RTOChowk,r3,r3_11.csv,HIGH,112.0,47
1900-01-01 11:15:00,RIGHT,0.0,0.0,0.0,0.0,0.0,RTOChowk,r3,r3_11.csv,LOW,0.0,15
1900-01-01 11:15:00,UP,0.0,0.0,0.0,0.0,0.0,RTOChowk,r3,r3_11.csv,LOW,0.0,15
1900-01-01 11:20:00,DOWN,0.0,0.0,0.0,0.0,0.0,RTOChowk,r3,r3_11.csv,LOW,0.0,15
1900-01-01 11:20:00,LEFT,33.0,47.0,0.0,17.0,97.0,RTOChowk,r3,r3_11.csv,HIGH,107.5,46
1900-01-01 11:20:00,RIGHT,0.0,1.0,0.0,0.0,1.0,RTOChowk,r3,r3_11.csv,LOW,0.5,15
1900-01-01 11:20:00,UP,0.0,0.0,0.0,0.0,0.0,RTOChowk,r3,r3_11.csv,LOW,0.0,15
1900-01-01 11:25:00,DOWN,0.0,0.0,0.0,0.0,0.0,RTOChowk,r3,r3_11.csv,LOW,0.0,15
1900-01-01 11:25:00,LEFT,59.0,44.0,1.0,15.0,119.0,RTOChowk,r3,r3_11.csv,HIGH,128.5,52
1900-01-01 11:25:00,RIGHT,0.0,0.0,0.0,0.0,0.0,RTOChowk,r3,r3_11.csv,LOW,0.0,15
1900-01-01 11:25:00,UP,1.0,0.0,1.0,0.0,2.0,RTOChowk,r3,r3_11.csv,LOW,3.5,16
1900-01-01 11:30:00,DOWN,0.0,0.0,0.0,0.0,0.0,RTOChowk,r3,r3_11.csv,LOW,0.0,15
1900-01-01 11:30:00,LEFT,35.0,47.0,0.0,14.0,96.0,RTOChowk,r3,r3_11.csv,HIGH,100.5,44
1900-01-01 11:30:00,RIGHT,0.0,0.0,0.0,0.0,0.0,RTOChowk,r3,r3_11.csv,LOW,0.0,15
1900-01-01 11:30:00,UP,0.0,2.0,0.0,0.0,2.0,RTOChowk,r3,r3_11.csv,LOW,1.0,15
1900-01-01 11:35:00,DOWN,0.0,0.0,0.0,1.0,1.0,RTOChowk,r3,r3_11.csv,LOW,3.0,16
1900-01-01 11:35:00,LEFT,46.0,62.0,0.0,17.0,125.0,RTOChowk,r3,r3_11.csv,HIGH,128.0,52
1900-01-01 11:35:00,RIGHT,0.0,0.0,0.0,0.0,0.0,RTOChowk,r3,r3_11.csv,LOW,0.0,15
1900-01-01 11:35:00,UP,0.0,0.0,0.0,0.0,0.0,RTOChowk,r3,r3_11.csv,LOW,0.0,15
1900-01-01 11:40:00,DOWN,0.0,0.0,0.0,0.0,0.0,RTOChowk,r3,r3_11.csv,LOW,0.0,15
1900-01-01 11:40:00,LEFT,45.0,46.0,0.0,15.0,106.0,RTOChowk,r3,r3_11.csv,HIGH,113.0,48
1900-01-01 11:40:00,RIGHT,2.0,1.0,0.0,0.0,3.0,RTOChowk,r3,r3_11.csv,LOW,2.5,16
1900-01-01 11:40:00,UP,0.0,1.0,0.0,0.0,1.0,RTOChowk,r3,r3_11.csv,LOW,0.5,15
1900-01-01 11:45:00,DOWN,0.0,1.0,0.0,0.0,1.0,RTOChowk,r3,r3_11.csv,LOW,0.5,15
1900-01-01 11:45:00,LEFT,46.0,54.0,0.0,10.0,110.0,RTOChowk,r3,r3_11.csv,HIGH,103.0,45
1900-01-01 11:45:00,RIGHT,1.0,6.0,0.0,0.0,7.0,RTOChowk,r3,r3_11.csv,MEDIUM,4.0,16
1900-01-01 11:45:00,UP,0.0,0.0,0.0,0.0,0.0,RTOChowk,r3,r3_11.csv,LOW,0.0,15
1900-01-01 11:50:00,DOWN,0.0,0.0,0.0,0.0,0.0,RTOChowk,r3,r3_11.csv,LOW,0.0,15
1900-01-01 11:50:00,LEFT,46.0,43.0,0.0,21.0,110.0,RTOChowk,r3,r3_11.csv,HIGH,130.5,53
1900-01-01 11:50:00,RIGHT,0.0,2.0,0.0,0.0,2.0,RTOChowk,r3,r3_11.csv,LOW,1.0,15
1900-01-01 11:50:00,UP,0.0,0.0,0.0,1.0,1.0,RTOChowk,r3,r3_11.csv,LOW,3.0,16
1900-01-01 11:55:00,DOWN,0.0,0.0,0.0,0.0,0.0,RTOChowk,r3,r3_11.csv,LOW,0.0,15
1900-01-01 11:55:00,LEFT,41.0,44.0,1.0,3.0,89.0,RTOChowk,r3,r3_11.csv,HIGH,74.5,37
1900-01-01 11:55:00,RIGHT,1.0,0.0,0.0,0.0,1.0,RTOChowk,r3,r3_11.csv,LOW,1.0,15
1900-01-01 11:55:00,UP,0.0,0.0,0.0,0.0,0.0,RTOChowk,r3,r3_11.csv,LOW,0.0,15
1900-01-01 12:00:00,DOWN,0.0,0.0,0.0,0.0,0.0,RTOChowk,r3,r3_11.csv,LOW,0.0,15
1900-01-01 12:00:00,LEFT,12.0,32.0,0.0,11.0,55.0,RTOChowk,r3,r3_11.csv,MEDIUM,61.0,33
1900-01-01 12:00:00,RIGHT,0.0,0.0,0.0,0.0,0.0,RTOChowk,r3,r3_11.csv,LOW,0.0,15
1900-01-01 12:00:00,UP,0.0,0.0,0.0,0.0,0.0,RTOChowk,r3,r3_11.csv,LOW,0.0,15
1900-01-01 11:25:00,DOWN,13.0,23.0,0.0,2.0,38.0,RTOChowk,r2,r2_11_one.csv,MEDIUM,30.5,24
1900-01-01 11:25:00,LEFT,49.0,33.0,2.0,17.0,101.0,RTOChowk,r2,r2_11_one.csv,HIGH,121.5,50
1900-01-01 11:25:00,RIGHT,4.0,6.0,1.0,2.0,13.0,RTOChowk,r2,r2_11_one.csv,MEDIUM,15.5,19
1900-01-01 11:25:00,UP,5.0,4.0,0.0,0.0,9.0,RTOChowk,r2,r2_11_one.csv,MEDIUM,7.0,17
1900-01-01 11:30:00,DOWN,7.0,18.0,2.0,2.0,29.0,RTOChowk,r2,r2_11_one.csv,MEDIUM,27.0,23
1900-01-01 11:30:00,LEFT,71.0,32.0,3.0,20.0,126.0,RTOChowk,r2,r2_11_one.csv,HIGH,154.5,60
1900-01-01 11:30:00,RIGHT,6.0,3.0,0.0,3.0,12.0,RTOChowk,r2,r2_11_one.csv,MEDIUM,16.5,20
1900-01-01 11:30:00,UP,6.0,1.0,0.0,0.0,7.0,RTOChowk,r2,r2_11_one.csv,MEDIUM,6.5,17
1900-01-01 11:35:00,DOWN,10.0,26.0,1.0,1.0,38.0,RTOChowk,r2,r2_11_one.csv,MEDIUM,28.5,23
1900-01-01 11:35:00,LEFT,58.0,52.0,1.0,22.0,133.0,RTOChowk,r2,r2_11_one.csv,HIGH,152.5,59
1900-01-01 11:35:00,RIGHT,3.0,5.0,0.0,0.0,8.0,RTOChowk,r2,r2_11_one.csv,MEDIUM,5.5,17
1900-01-01 11:35:00,UP,11.0,7.0,1.0,2.0,21.0,RTOChowk,r2,r2_11_one.csv,MEDIUM,23.0,22
1900-01-01 11:40:00,DOWN,15.0,28.0,2.0,5.0,50.0,RTOChowk,r2,r2_11_one.csv,MEDIUM,49.0,29
1900-01-01 11:40:00,LEFT,66.0,32.0,6.0,28.0,132.0,RTOChowk,r2,r2_11_one.csv,HIGH,181.0,60
1900-01-01 11:40:00,RIGHT,7.0,9.0,0.0,1.0,17.0,RTOChowk,r2,r2_11_one.csv,MEDIUM,14.5,19
1900-01-01 11:40:00,UP,10.0,4.0,0.0,0.0,14.0,RTOChowk,r2,r2_11_one.csv,MEDIUM,12.0,18
1900-01-01 11:45:00,DOWN,14.0,30.0,1.0,1.0,46.0,RTOChowk,r2,r2_11_one.csv,MEDIUM,34.5,25
1900-01-01 11:45:00,LEFT,80.0,24.0,4.0,31.0,139.0,RTOChowk,r2,r2_11_one.csv,HIGH,195.0,60
1900-01-01 11:45:00,RIGHT,6.0,6.0,0.0,2.0,14.0,RTOChowk,r2,r2_11_one.csv,MEDIUM,15.0,19
1900-01-01 11:45:00,UP,10.0,2.0,0.0,0.0,12.0,RTOChowk,r2,r2_11_one.csv,MEDIUM,11.0,18
1900-01-01 11:50:00,DOWN,16.0,25.0,3.0,7.0,51.0,RTOChowk,r2,r2_11_one.csv,MEDIUM,57.0,31
1900-01-01 11:50:00,LEFT,65.0,29.0,3.0,18.0,115.0,RTOChowk,r2,r2_11_one.csv,HIGH,141.0,56
1900-01-01 11:50:00,RIGHT,6.0,9.0,0.0,0.0,15.0,RTOChowk,r2,r2_11_one.csv,MEDIUM,10.5,18
1900-01-01 11:50:00,UP,6.0,4.0,1.0,1.0,12.0,RTOChowk,r2,r2_11_one.csv,MEDIUM,13.5,19
1900-01-01 11:55:00,DOWN,23.0,22.0,2.0,2.0,49.0,RTOChowk,r2,r2_11_one.csv,MEDIUM,45.0,28
1900-01-01 11:55:00,LEFT,54.0,39.0,6.0,20.0,119.0,RTOChowk,r2,r2_11_one.csv,HIGH,148.5,58
1900-01-01 11:55:00,RIGHT,5.0,12.0,2.0,1.0,20.0,RTOChowk,r2,r2_11_one.csv,MEDIUM,19.0,20
1900-01-01 11:55:00,UP,7.0,8.0,1.0,1.0,17.0,RTOChowk,r2,r2_11_one.csv,MEDIUM,16.5,20
1900-01-01 12:00:00,DOWN,1.0,2.0,0.0,0.0,3.0,RTOChowk,r2,r2_11_one.csv,LOW,2.0,16
1900-01-01 12:00:00,LEFT,5.0,1.0,0.0,3.0,9.0,RTOChowk,r2,r2_11_one.csv,MEDIUM,14.5,19
1900-01-01 12:00:00,RIGHT,0.0,3.0,0.0,0.0,3.0,RTOChowk,r2,r2_11_one.csv,LOW,1.5,15
1900-01-01 12:00:00,UP,0.0,0.0,0.0,0.0,0.0,RTOChowk,r2,r2_11_one.csv,LOW,0.0,15
1900-01-01 11:25:00,DOWN,4.0,7.0,2.0,0.0,13.0,RTOChowk,r2,r2_18_one.csv,MEDIUM,12.5,19
1900-01-01 11:25:00,LEFT,6.0,6.0,1.0,3.0,16.0,RTOChowk,r2,r2_18_one.csv,MEDIUM,20.5,21
1900-01-01 11:25:00,RIGHT,0.0,2.0,0.0,0.0,2.0,RTOChowk,r2,r2_18_one.csv,LOW,1.0,15
1900-01-01 11:25:00,UP,0.0,0.0,1.0,0.0,1.0,RTOChowk,r2,r2_18_one.csv,LOW,2.5,16
1900-01-01 11:30:00,DOWN,10.0,26.0,0.0,5.0,41.0,RTOChowk,r2,r2_18_one.csv,MEDIUM,38.0,26
1900-01-01 11:30:00,LEFT,61.0,46.0,3.0,24.0,134.0,RTOChowk,r2,r2_18_one.csv,HIGH,163.5,60
1900-01-01 11:30:00,RIGHT,2.0,19.0,1.0,5.0,27.0,RTOChowk,r2,r2_18_one.csv,MEDIUM,29.0,23
1900-01-01 11:30:00,UP,1.0,7.0,0.0,0.0,8.0,RTOChowk,r2,r2_18_one.csv,MEDIUM,4.5,16
1900-01-01 11:35:00,DOWN,24.0,34.0,1.0,3.0,62.0,RTOChowk,r2,r2_18_one.csv,MEDIUM,52.5,30
1900-01-01 11:35:00,LEFT,73.0,31.0,6.0,20.0,130.0,RTOChowk,r2,r2_18_one.csv,HIGH,163.5,60
1900-01-01 11:35:00,RIGHT,12.0,14.0,0.0,0.0,26.0,RTOChowk,r2,r2_18_one.csv,MEDIUM,19.0,20
1900-01-01 11:35:00,UP,8.0,2.0,0.0,0.0,10.0,RTOChowk,r2,r2_18_one.csv,MEDIUM,9.0,18
1900-01-01 11:40:00,DOWN,11.0,17.0,1.0,4.0,33.0,RTOChowk,r2,r2_18_one.csv,MEDIUM,34.0,25
1900-01-01 11:40:00,LEFT,54.0,54.0,5.0,29.0,142.0,RTOChowk,r2,r2_18_one.csv,HIGH,180.5,60
1900-01-01 11:40:00,RIGHT,5.0,6.0,1.0,0.0,12.0,RTOChowk,r2,r2_18_one.csv,MEDIUM,10.5,18
1900-01-01 11:40:00,UP,4.0,4.0,0.0,0.0,8.0,RTOChowk,r2,r2_18_one.csv,MEDIUM,6.0,17
1900-01-01 11:45:00,DOWN,13.0,34.0,2.0,3.0,52.0,RTOChowk,r2,r2_18_one.csv,MEDIUM,44.0,28
1900-01-01 11:45:00,LEFT,73.0,35.0,4.0,26.0,138.0,RTOChowk,r2,r2_18_one.csv,HIGH,178.5,60
1900-01-01 11:45:00,RIGHT,11.0,14.0,0.0,0.0,25.0,RTOChowk,r2,r2_18_one.csv,MEDIUM,18.0,20
1900-01-01 11:45:00,UP,5.0,6.0,0.0,1.0,12.0,RTOChowk,r2,r2_18_one.csv,MEDIUM,11.0,18
1900-01-01 11:50:00,DOWN,19.0,21.0,3.0,4.0,47.0,RTOChowk,r2,r2_18_one.csv,MEDIUM,49.0,29
1900-01-01 11:50:00,LEFT,58.0,44.0,6.0,14.0,122.0,RTOChowk,r2,r2_18_one.csv,HIGH,137.0,55
1900-01-01 11:50:00,RIGHT,4.0,7.0,1.0,3.0,15.0,RTOChowk,r2,r2_18_one.csv,MEDIUM,19.0,20
1900-01-01 11:50:00,UP,11.0,3.0,0.0,3.0,17.0,RTOChowk,r2,r2_18_one.csv,MEDIUM,21.5,21
1900-01-01 11:55:00,DOWN,24.0,20.0,0.0,3.0,47.0,RTOChowk,r2,r2_18_one.csv,MEDIUM,43.0,27
1900-01-01 11:55:00,LEFT,69.0,31.0,2.0,22.0,124.0,RTOChowk,r2,r2_18_one.csv,HIGH,155.5,60
1900-01-01 11:55:00,RIGHT,3.0,4.0,1.0,3.0,11.0,RTOChowk,r2,r2_18_one.csv,MEDIUM,16.5,20
1900-01-01 11:55:00,UP,4.0,3.0,1.0,1.0,9.0,RTOChowk,r2,r2_18_one.csv,MEDIUM,11.0,18
1900-01-01 12:00:00,DOWN,0.0,6.0,0.0,0.0,6.0,RTOChowk,r2,r2_18_one.csv,MEDIUM,3.0,16
1900-01-01 12:00:00,LEFT,30.0,10.0,3.0,4.0,47.0,RTOChowk,r2,r2_18_one.csv,MEDIUM,54.5,31
1900-01-01 12:00:00,RIGHT,0.0,1.0,0.0,0.0,1.0,RTOChowk,r2,r2_18_one.csv,LOW,0.5,15
1900-01-01 12:00:00,UP,1.0,0.0,0.0,0.0,1.0,RTOChowk,r2,r2_18_one.csv,LOW,1.0,15
1900-01-01 08:55:00,DOWN,0.0,6.0,0.0,0.0,6.0,RTOChowk,r2,r2_17.csv,MEDIUM,3.0,16
1900-01-01 08:55:00,LEFT,1.0,0.0,0.0,0.0,1.0,RTOChowk,r2,r2_17.csv,LOW,1.0,15
1900-01-01 08:55:00,RIGHT,0.0,2.0,0.0,0.0,2.0,RTOChowk,r2,r2_17.csv,LOW,1.0,15
1900-01-01 08:55:00,UP,0.0,0.0,0.0,0.0,0.0,RTOChowk,r2,r2_17.csv,LOW,0.0,15
1900-01-01 09:00:00,DOWN,11.0,68.0,3.0,5.0,87.0,RTOChowk,r2,r2_17.csv,HIGH,67.5,35
1900-01-01 09:00:00,LEFT,47.0,63.0,4.0,16.0,130.0,RTOChowk,r2,r2_17.csv,HIGH,136.5,55
1900-01-01 09:00:00,RIGHT,4.0,23.0,1.0,0.0,28.0,RTOChowk,r2,r2_17.csv,MEDIUM,18.0,20
1900-01-01 09:00:00,UP,5.0,8.0,1.0,0.0,14.0,RTOChowk,r2,r2_17.csv,MEDIUM,11.5,18
1900-01-01 09:05:00,DOWN,22.0,41.0,1.0,3.0,67.0,RTOChowk,r2,r2_17.csv,MEDIUM,54.0,31
1900-01-01 09:05:00,LEFT,73.0,40.0,6.0,15.0,134.0,RTOChowk,r2,r2_17.csv,HIGH,153.0,59
1900-01-01 09:05:00,RIGHT,10.0,13.0,0.0,0.0,23.0,RTOChowk,r2,r2_17.csv,MEDIUM,16.5,20
1900-01-01 09:05:00,UP,5.0,1.0,0.0,0.0,6.0,RTOChowk,r2,r2_17.csv,MEDIUM,5.5,17
1900-01-01 09:10:00,DOWN,17.0,57.0,2.0,6.0,82.0,RTOChowk,r2,r2_17.csv,HIGH,68.5,35
1900-01-01 09:10:00,LEFT,65.0,74.0,7.0,14.0,160.0,RTOChowk,r2,r2_17.csv,VERY_HIGH,161.5,60
1900-01-01 09:10:00,RIGHT,6.0,13.0,1.0,1.0,21.0,RTOChowk,r2,r2_17.csv,MEDIUM,18.0,20
1900-01-01 09:10:00,UP,10.0,13.0,0.0,2.0,25.0,RTOChowk,r2,r2_17.csv,MEDIUM,22.5,22
1900-01-01 09:15:00,DOWN,20.0,51.0,0.0,2.0,73.0,RTOChowk,r2,r2_17.csv,MEDIUM,51.5,30
1900-01-01 09:15:00,LEFT,41.0,61.0,5.0,15.0,122.0,RTOChowk,r2,r2_17.csv,HIGH,129.0,52
1900-01-01 09:15:00,RIGHT,9.0,22.0,0.0,4.0,35.0,RTOChowk,r2,r2_17.csv,MEDIUM,32.0,24
1900-01-01 09:15:00,UP,5.0,9.0,2.0,0.0,16.0,RTOChowk,r2,r2_17.csv,MEDIUM,14.5,19
1900-01-01 09:20:00,DOWN,13.0,55.0,2.0,4.0,74.0,RTOChowk,r2,r2_17.csv,MEDIUM,57.5,32
1900-01-01 09:20:00,LEFT,54.0,50.0,3.0,18.0,125.0,RTOChowk,r2,r2_17.csv,HIGH,140.5,56
1900-01-01 09:20:00,RIGHT,14.0,16.0,1.0,2.0,33.0,RTOChowk,r2,r2_17.csv,MEDIUM,30.5,24
1900-01-01 09:20:00,UP,7.0,6.0,0.0,0.0,13.0,RTOChowk,r2,r2_17.csv,MEDIUM,10.0,18
1900-01-01 09:25:00,DOWN,17.0,50.0,2.0,2.0,71.0,RTOChowk,r2,r2_17.csv,MEDIUM,53.0,30
1900-01-01 09:25:00,LEFT,63.0,64.0,2.0,13.0,142.0,RTOChowk,r2,r2_17.csv,HIGH,139.0,55
1900-01-01 09:25:00,RIGHT,8.0,25.0,1.0,2.0,36.0,RTOChowk,r2,r2_17.csv,MEDIUM,29.0,23
1900-01-01 09:25:00,UP,6.0,12.0,1.0,1.0,20.0,RTOChowk,r2,r2_17.csv,MEDIUM,17.5,20
1900-01-01 09:30:00,DOWN,31.0,60.0,1.0,5.0,97.0,RTOChowk,r2,r2_17.csv,HIGH,78.5,38
1900-01-01 09:30:00,LEFT,93.0,37.0,4.0,27.0,161.0,RTOChowk,r2,r2_17.csv,VERY_HIGH,202.5,60
1900-01-01 09:30:00,RIGHT,17.0,16.0,1.0,0.0,34.0,RTOChowk,r2,r2_17.csv,MEDIUM,27.5,23
1900-01-01 09:30:00,UP,12.0,5.0,2.0,0.0,19.0,RTOChowk,r2,r2_17.csv,MEDIUM,19.5,21
1900-01-01 09:35:00,DOWN,16.0,32.0,2.0,2.0,52.0,RTOChowk,r2,r2_17.csv,MEDIUM,43.0,27
1900-01-01 09:35:00,LEFT,91.0,44.0,4.0,22.0,161.0,RTOChowk,r2,r2_17.csv,VERY_HIGH,189.0,60
1900-01-01 09:35:00,RIGHT,6.0,12.0,0.0,4.0,22.0,RTOChowk,r2,r2_17.csv,MEDIUM,24.0,22
1900-01-01 09:35:00,UP,8.0,11.0,3.0,0.0,22.0,RTOChowk,r2,r2_17.csv,MEDIUM,21.0,21
1900-01-01 09:40:00,DOWN,14.0,49.0,3.0,5.0,71.0,RTOChowk,r2,r2_17.csv,MEDIUM,61.0,33
1900-01-01 09:40:00,LEFT,95.0,76.0,4.0,17.0,192.0,RTOChowk,r2,r2_17.csv,VERY_HIGH,194.0,60
1900-01-01 09:40:00,RIGHT,4.0,12.0,2.0,0.0,18.0,RTOChowk,r2,r2_17.csv,MEDIUM,15.0,19
1900-01-01 09:40:00,UP,7.0,8.0,2.0,0.0,17.0,RTOChowk,r2,r2_17.csv,MEDIUM,16.0,20
1900-01-01 09:45:00,DOWN,15.0,43.0,1.0,3.0,62.0,RTOChowk,r2,r2_17.csv,MEDIUM,48.0,29
1900-01-01 09:45:00,LEFT,61.0,49.0,8.0,11.0,129.0,RTOChowk,r2,r2_17.csv,HIGH,138.5,55
1900-01-01 09:45:00,RIGHT,4.0,19.0,1.0,2.0,26.0,RTOChowk,r2,r2_17.csv,MEDIUM,22.0,21
1900-01-01 09:45:00,UP,3.0,7.0,0.0,2.0,12.0,RTOChowk,r2,r2_17.csv,MEDIUM,12.5,19
1900-01-01 09:50:00,DOWN,23.0,54.0,2.0,3.0,82.0,RTOChowk,r2,r2_17.csv,HIGH,64.0,34
1900-01-01 09:50:00,LEFT,82.0,63.0,4.0,25.0,174.0,RTOChowk,r2,r2_17.csv,VERY_HIGH,198.5,60
1900-01-01 09:50:00,RIGHT,5.0,21.0,0.0,0.0,26.0,RTOChowk,r2,r2_17.csv,MEDIUM,15.5,19
1900-01-01 09:50:00,UP,10.0,6.0,1.0,0.0,17.0,RTOChowk,r2,r2_17.csv,MEDIUM,15.5,19
1900-01-01 09:55:00,DOWN,24.0,58.0,2.0,4.0,88.0,RTOChowk,r2,r2_17.csv,HIGH,70.0,35
1900-01-01 09:55:00,LEFT,69.0,48.0,6.0,16.0,139.0,RTOChowk,r2,r2_17.csv,HIGH,156.0,60
1900-01-01 09:55:00,RIGHT,11.0,29.0,0.0,1.0,41.0,RTOChowk,r2,r2_17.csv,MEDIUM,28.5,23
1900-01-01 09:55:00,UP,8.0,6.0,1.0,0.0,15.0,RTOChowk,r2,r2_17.csv,MEDIUM,13.5,19
1900-01-01 10:00:00,DOWN,19.0,58.0,1.0,2.0,80.0,RTOChowk,r2,r2_17.csv,HIGH,56.5,31
1900-01-01 10:00:00,LEFT,73.0,60.0,8.0,21.0,162.0,RTOChowk,r2,r2_17.csv,VERY_HIGH,186.0,60
1900-01-01 10:00:00,RIGHT,7.0,22.0,2.0,2.0,33.0,RTOChowk,r2,r2_17.csv,MEDIUM,29.0,23
1900-01-01 10:00:00,UP,7.0,9.0,0.0,1.0,17.0,RTOChowk,r2,r2_17.csv,MEDIUM,14.5,19
1900-01-01 10:05:00,DOWN,20.0,57.0,2.0,2.0,81.0,RTOChowk,r2,r2_17.csv,HIGH,59.5,32
1900-01-01 10:05:00,LEFT,91.0,76.0,4.0,21.0,192.0,RTOChowk,r2,r2_17.csv,VERY_HIGH,202.0,60
1900-01-01 10:05:00,RIGHT,15.0,19.0,0.0,0.0,34.0,RTOChowk,r2,r2_17.csv,MEDIUM,24.5,22
1900-01-01 10:05:00,UP,9.0,4.0,1.0,1.0,15.0,RTOChowk,r2,r2_17.csv,MEDIUM,16.5,20
1900-01-01 10:10:00,DOWN,14.0,33.0,0.0,1.0,48.0,RTOChowk,r2,r2_17.csv,MEDIUM,33.5,25
1900-01-01 10:10:00,LEFT,79.0,58.0,4.0,22.0,163.0,RTOChowk,r2,r2_17.csv,VERY_HIGH,184.0,60
1900-01-01 10:10:00,RIGHT,5.0,12.0,0.0,1.0,18.0,RTOChowk,r2,r2_17.csv,MEDIUM,14.0,19
1900-01-01 10:10:00,UP,6.0,10.0,1.0,1.0,18.0,RTOChowk,r2,r2_17.csv,MEDIUM,16.5,20
1900-01-01 10:15:00,DOWN,17.0,52.0,0.0,6.0,75.0,RTOChowk,r2,r2_17.csv,HIGH,61.0,33
1900-01-01 10:15:00,LEFT,55.0,64.0,7.0,23.0,149.0,RTOChowk,r2,r2_17.csv,HIGH,173.5,60
1900-01-01 10:15:00,RIGHT,3.0,20.0,0.0,3.0,26.0,RTOChowk,r2,r2_17.csv,MEDIUM,22.0,21
1900-01-01 10:15:00,UP,4.0,5.0,1.0,4.0,14.0,RTOChowk,r2,r2_17.csv,MEDIUM,21.0,21
1900-01-01 10:20:00,DOWN,22.0,48.0,3.0,1.0,74.0,RTOChowk,r2,r2_17.csv,MEDIUM,56.5,31
1900-01-01 10:20:00,LEFT,77.0,47.0,6.0,26.0,156.0,RTOChowk,r2,r2_17.csv,VERY_HIGH,193.5,60
1900-01-01 10:20:00,RIGHT,6.0,20.0,1.0,4.0,31.0,RTOChowk,r2,r2_17.csv,MEDIUM,30.5,24
1900-01-01 10:20:00,UP,9.0,7.0,0.0,2.0,18.0,RTOChowk,r2,r2_17.csv,MEDIUM,18.5,20
1900-01-01 10:25:00,DOWN,13.0,46.0,1.0,2.0,62.0,RTOChowk,r2,r2_17.csv,MEDIUM,44.5,28
1900-01-01 10:25:00,LEFT,73.0,62.0,5.0,19.0,159.0,RTOChowk,r2,r2_17.csv,VERY_HIGH,173.5,60
1900-01-01 10:25:00,RIGHT,8.0,24.0,1.0,0.0,33.0,RTOChowk,r2,r2_17.csv,MEDIUM,22.5,22
1900-01-01 10:25:00,UP,7.0,9.0,0.0,0.0,16.0,RTOChowk,r2,r2_17.csv,MEDIUM,11.5,18
1900-01-01 10:30:00,DOWN,18.0,46.0,0.0,4.0,68.0,RTOChowk,r2,r2_17.csv,MEDIUM,53.0,30
1900-01-01 10:30:00,LEFT,78.0,48.0,5.0,33.0,164.0,RTOChowk,r2,r2_17.csv,VERY_HIGH,213.5,60
1900-01-01 10:30:00,RIGHT,8.0,23.0,2.0,2.0,35.0,RTOChowk,r2,r2_17.csv,MEDIUM,30.5,24
1900-01-01 10:30:00,UP,8.0,1.0,1.0,0.0,10.0,RTOChowk,r2,r2_17.csv,MEDIUM,11.0,18
1900-01-01 10:35:00,DOWN,19.0,44.0,0.0,2.0,65.0,RTOChowk,r2,r2_17.csv,MEDIUM,47.0,29
1900-01-01 10:35:00,LEFT,91.0,55.0,4.0,23.0,173.0,RTOChowk,r2,r2_17.csv,VERY_HIGH,197.5,60
1900-01-01 10:35:00,RIGHT,8.0,19.0,1.0,2.0,30.0,RTOChowk,r2,r2_17.csv,MEDIUM,26.0,23
1900-01-01 10:35:00,UP,9.0,4.0,0.0,0.0,13.0,RTOChowk,r2,r2_17.csv,MEDIUM,11.0,18
1900-01-01 10:40:00,DOWN,19.0,39.0,3.0,2.0,63.0,RTOChowk,r2,r2_17.csv,MEDIUM,52.0,30
1900-01-01 10:40:00,LEFT,75.0,50.0,6.0,20.0,151.0,RTOChowk,r2,r2_17.csv,HIGH,175.0,60
1900-01-01 10:40:00,RIGHT,7.0,16.0,3.0,3.0,29.0,RTOChowk,r2,r2_17.csv,MEDIUM,31.5,24
1900-01-01 10:40:00,UP,7.0,1.0,0.0,0.0,8.0,RTOChowk,r2,r2_17.csv,MEDIUM,7.5,17
1900-01-01 10:45:00,DOWN,9.0,32.0,0.0,1.0,42.0,RTOChowk,r2,r2_17.csv,MEDIUM,28.0,23
1900-01-01 10:45:00,LEFT,73.0,46.0,4.0,30.0,153.0,RTOChowk,r2,r2_17.csv,HIGH,196.0,60
1900-01-01 10:45:00,RIGHT,2.0,11.0,0.0,1.0,14.0,RTOChowk,r2,r2_17.csv,MEDIUM,10.5,18
1900-01-01 10:45:00,UP,5.0,4.0,2.0,1.0,12.0,RTOChowk,r2,r2_17.csv,MEDIUM,15.0,19
1900-01-01 10:50:00,DOWN,15.0,47.0,4.0,2.0,68.0,RTOChowk,r2,r2_17.csv,MEDIUM,54.5,31
1900-01-01 10:50:00,LEFT,83.0,61.0,5.0,19.0,168.0,RTOChowk,r2,r2_17.csv,VERY_HIGH,183.0,60
1900-01-01 10:50:00,RIGHT,7.0,5.0,0.0,1.0,13.0,RTOChowk,r2,r2_17.csv,MEDIUM,12.5,19
1900-01-01 10:50:00,UP,3.0,3.0,0.0,1.0,7.0,RTOChowk,r2,r2_17.csv,MEDIUM,7.5,17
1900-01-01 10:55:00,DOWN,16.0,44.0,0.0,6.0,66.0,RTOChowk,r2,r2_17.csv,MEDIUM,56.0,31
1900-01-01 10:55:00,LEFT,93.0,43.0,12.0,17.0,165.0,RTOChowk,r2,r2_17.csv,VERY_HIGH,195.5,60
1900-01-01 10:55:00,RIGHT,18.0,16.0,0.0,0.0,34.0,RTOChowk,r2,r2_17.csv,MEDIUM,26.0,23
1900-01-01 10:55:00,UP,12.0,5.0,0.0,0.0,17.0,RTOChowk,r2,r2_17.csv,MEDIUM,14.5,19
1900-01-01 11:00:00,DOWN,21.0,43.0,4.0,4.0,72.0,RTOChowk,r2,r2_17.csv,MEDIUM,64.5,34
1900-01-01 11:00:00,LEFT,79.0,40.0,4.0,21.0,144.0,RTOChowk,r2,r2_17.csv,HIGH,172.0,60
1900-01-01 11:00:00,RIGHT,11.0,25.0,1.0,3.0,40.0,RTOChowk,r2,r2_17.csv,MEDIUM,35.0,25
1900-01-01 11:00:00,UP,10.0,16.0,0.0,0.0,26.0,RTOChowk,r2,r2_17.csv,MEDIUM,18.0,20
1900-01-01 11:05:00,DOWN,24.0,42.0,1.0,6.0,73.0,RTOChowk,r2,r2_17.csv,MEDIUM,65.5,34
1900-01-01 11:05:00,LEFT,74.0,51.0,5.0,25.0,155.0,RTOChowk,r2,r2_17.csv,VERY_HIGH,187.0,60
1900-01-01 11:05:00,RIGHT,6.0,13.0,0.0,3.0,22.0,RTOChowk,r2,r2_17.csv,MEDIUM,21.5,21
1900-01-01 11:05:00,UP,4.0,6.0,0.0,1.0,11.0,RTOChowk,r2,r2_17.csv,MEDIUM,10.0,18
1900-01-01 11:10:00,DOWN,16.0,29.0,2.0,7.0,54.0,RTOChowk,r2,r2_17.csv,MEDIUM,56.5,31
1900-01-01 11:10:00,LEFT,72.0,43.0,5.0,25.0,145.0,RTOChowk,r2,r2_17.csv,HIGH,181.0,60
1900-01-01 11:10:00,RIGHT,13.0,13.0,0.0,5.0,31.0,RTOChowk,r2,r2_17.csv,MEDIUM,34.5,25
1900-01-01 11:10:00,UP,8.0,7.0,0.0,0.0,15.0,RTOChowk,r2,r2_17.csv,MEDIUM,11.5,18
1900-01-01 11:15:00,DOWN,18.0,27.0,0.0,6.0,51.0,RTOChowk,r2,r2_17.csv,MEDIUM,49.5,29
1900-01-01 11:15:00,LEFT,80.0,41.0,5.0,21.0,147.0,RTOChowk,r2,r2_17.csv,HIGH,176.0,60
1900-01-01 11:15:00,RIGHT,12.0,12.0,0.0,5.0,29.0,RTOChowk,r2,r2_17.csv,MEDIUM,33.0,25
1900-01-01 11:15:00,UP,9.0,7.0,2.0,1.0,19.0,RTOChowk,r2,r2_17.csv,MEDIUM,20.5,21
1900-01-01 11:20:00,DOWN,15.0,33.0,3.0,5.0,56.0,RTOChowk,r2,r2_17.csv,MEDIUM,54.0,31
1900-01-01 11:20:00,LEFT,83.0,39.0,6.0,26.0,154.0,RTOChowk,r2,r2_17.csv,VERY_HIGH,195.5,60
1900-01-01 11:20:00,RIGHT,8.0,10.0,0.0,3.0,21.0,RTOChowk,r2,r2_17.csv,MEDIUM,22.0,21
1900-01-01 11:20:00,UP,6.0,6.0,0.0,0.0,12.0,RTOChowk,r2,r2_17.csv,MEDIUM,9.0,18
1900-01-01 11:25:00,DOWN,6.0,15.0,0.0,1.0,22.0,RTOChowk,r2,r2_17.csv,MEDIUM,16.5,20
1900-01-01 11:25:00,LEFT,30.0,10.0,1.0,9.0,50.0,RTOChowk,r2,r2_17.csv,MEDIUM,64.5,34
1900-01-01 11:25:00,RIGHT,2.0,4.0,2.0,0.0,8.0,RTOChowk,r2,r2_17.csv,MEDIUM,9.0,18
1900-01-01 11:25:00,UP,1.0,1.0,0.0,0.0,2.0,RTOChowk,r2,r2_17.csv,LOW,1.5,15
1900-01-01 08:55:00,DOWN,2.0,2.0,0.0,0.0,4.0,RTOChowk,r2,r2_16.csv,LOW,3.0,16
1900-01-01 08:55:00,LEFT,1.0,4.0,0.0,0.0,5.0,RTOChowk,r2,r2_16.csv,MEDIUM,3.0,16
1900-01-01 08:55:00,RIGHT,0.0,0.0,0.0,0.0,0.0,RTOChowk,r2,r2_16.csv,LOW,0.0,15
1900-01-01 08:55:00,UP,0.0,0.0,0.0,0.0,0.0,RTOChowk,r2,r2_16.csv,LOW,0.0,15
1900-01-01 09:00:00,DOWN,21.0,63.0,1.0,5.0,90.0,RTOChowk,r2,r2_16.csv,HIGH,70.0,35
1900-01-01 09:00:00,LEFT,66.0,46.0,8.0,19.0,139.0,RTOChowk,r2,r2_16.csv,HIGH,166.0,60
1900-01-01 09:00:00,RIGHT,4.0,12.0,1.0,2.0,19.0,RTOChowk,r2,r2_16.csv,MEDIUM,18.5,20
1900-01-01 09:00:00,UP,4.0,2.0,0.0,1.0,7.0,RTOChowk,r2,r2_16.csv,MEDIUM,8.0,17
1900-01-01 09:05:00,DOWN,11.0,58.0,2.0,5.0,76.0,RTOChowk,r2,r2_16.csv,HIGH,60.0,32
1900-01-01 09:05:00,LEFT,79.0,45.0,3.0,17.0,144.0,RTOChowk,r2,r2_16.csv,HIGH,160.0,60
1900-01-01 09:05:00,RIGHT,5.0,15.0,0.0,0.0,20.0,RTOChowk,r2,r2_16.csv,MEDIUM,12.5,19
1900-01-01 09:05:00,UP,4.0,6.0,0.0,0.0,10.0,RTOChowk,r2,r2_16.csv,MEDIUM,7.0,17
1900-01-01 09:10:00,DOWN,22.0,51.0,2.0,9.0,84.0,RTOChowk,r2,r2_16.csv,HIGH,79.5,38
1900-01-01 09:10:00,LEFT,63.0,42.0,3.0,12.0,120.0,RTOChowk,r2,r2_16.csv,HIGH,127.5,52
1900-01-01 09:10:00,RIGHT,7.0,19.0,0.0,3.0,29.0,RTOChowk,r2,r2_16.csv,MEDIUM,25.5,22
1900-01-01 09:10:00,UP,4.0,5.0,0.0,0.0,9.0,RTOChowk,r2,r2_16.csv,MEDIUM,6.5,17
1900-01-01 09:15:00,DOWN,23.0,53.0,2.0,6.0,84.0,RTOChowk,r2,r2_16.csv,HIGH,72.5,36
1900-01-01 09:15:00,LEFT,58.0,28.0,5.0,17.0,108.0,RTOChowk,r2,r2_16.csv,HIGH,135.5,54
1900-01-01 09:15:00,RIGHT,6.0,31.0,1.0,2.0,40.0,RTOChowk,r2,r2_16.csv,MEDIUM,30.0,24
1900-01-01 09:15:00,UP,5.0,14.0,1.0,0.0,20.0,RTOChowk,r2,r2_16.csv,MEDIUM,14.5,19
1900-01-01 09:20:00,DOWN,31.0,74.0,2.0,3.0,110.0,RTOChowk,r2,r2_16.csv,HIGH,82.0,39
1900-01-01 09:20:00,LEFT,75.0,51.0,2.0,6.0,134.0,RTOChowk,r2,r2_16.csv,HIGH,123.5,51
1900-01-01 09:20:00,RIGHT,14.0,25.0,0.0,2.0,41.0,RTOChowk,r2,r2_16.csv,MEDIUM,32.5,24
1900-01-01 09:20:00,UP,8.0,12.0,0.0,0.0,20.0,RTOChowk,r2,r2_16.csv,MEDIUM,14.0,19
1900-01-01 09:25:00,DOWN,21.0,67.0,4.0,2.0,94.0,RTOChowk,r2,r2_16.csv,HIGH,70.5,35
1900-01-01 09:25:00,LEFT,70.0,48.0,1.0,18.0,137.0,RTOChowk,r2,r2_16.csv,HIGH,150.5,59
1900-01-01 09:25:00,RIGHT,10.0,19.0,2.0,3.0,34.0,RTOChowk,r2,r2_16.csv,MEDIUM,33.5,25
1900-01-01 09:25:00,UP,9.0,17.0,1.0,1.0,28.0,RTOChowk,r2,r2_16.csv,MEDIUM,23.0,22
1900-01-01 09:30:00,DOWN,10.0,53.0,1.0,3.0,67.0,RTOChowk,r2,r2_16.csv,MEDIUM,48.0,29
1900-01-01 09:30:00,LEFT,70.0,45.0,5.0,17.0,137.0,RTOChowk,r2,r2_16.csv,HIGH,156.0,60
1900-01-01 09:30:00,RIGHT,8.0,20.0,4.0,3.0,35.0,RTOChowk,r2,r2_16.csv,MEDIUM,37.0,26
1900-01-01 09:30:00,UP,11.0,13.0,1.0,1.0,26.0,RTOChowk,r2,r2_16.csv,MEDIUM,23.0,22
1900-01-01 09:35:00,DOWN,14.0,80.0,4.0,1.0,99.0,RTOChowk,r2,r2_16.csv,HIGH,67.0,34
1900-01-01 09:35:00,LEFT,89.0,38.0,5.0,16.0,148.0,RTOChowk,r2,r2_16.csv,HIGH,168.5,60
1900-01-01 09:35:00,RIGHT,11.0,31.0,1.0,0.0,43.0,RTOChowk,r2,r2_16.csv,MEDIUM,29.0,23
1900-01-01 09:35:00,UP,7.0,4.0,2.0,2.0,15.0,RTOChowk,r2,r2_16.csv,MEDIUM,20.0,21
1900-01-01 09:40:00,DOWN,23.0,65.0,1.0,3.0,92.0,RTOChowk,r2,r2_16.csv,HIGH,67.0,34
1900-01-01 09:40:00,LEFT,86.0,32.0,3.0,20.0,141.0,RTOChowk,r2,r2_16.csv,HIGH,169.5,60
1900-01-01 09:40:00,RIGHT,11.0,18.0,0.0,1.0,30.0,RTOChowk,r2,r2_16.csv,MEDIUM,23.0,22
1900-01-01 09:40:00,UP,13.0,5.0,2.0,1.0,21.0,RTOChowk,r2,r2_16.csv,MEDIUM,23.5,22
1900-01-01 09:45:00,DOWN,25.0,93.0,1.0,8.0,127.0,RTOChowk,r2,r2_16.csv,HIGH,98.0,43
1900-01-01 09:45:00,LEFT,69.0,32.0,6.0,19.0,126.0,RTOChowk,r2,r2_16.csv,HIGH,157.0,60
1900-01-01 09:45:00,RIGHT,9.0,36.0,1.0,1.0,47.0,RTOChowk,r2,r2_16.csv,MEDIUM,32.5,24
1900-01-01 09:45:00,UP,7.0,6.0,1.0,1.0,15.0,RTOChowk,r2,r2_16.csv,MEDIUM,15.5,19
1900-01-01 09:50:00,DOWN,14.0,60.0,1.0,2.0,77.0,RTOChowk,r2,r2_16.csv,HIGH,52.5,30
1900-01-01 09:50:00,LEFT,68.0,28.0,6.0,16.0,118.0,RTOChowk,r2,r2_16.csv,HIGH,145.0,57
1900-01-01 09:50:00,RIGHT,9.0,14.0,0.0,0.0,23.0,RTOChowk,r2,r2_16.csv,MEDIUM,16.0,20
1900-01-01 09:50:00,UP,8.0,10.0,1.0,0.0,19.0,RTOChowk,r2,r2_16.csv,MEDIUM,15.5,19
1900-01-01 09:55:00,DOWN,21.0,56.0,3.0,5.0,85.0,RTOChowk,r2,r2_16.csv,HIGH,71.5,36
1900-01-01 09:55:00,LEFT,82.0,43.0,7.0,18.0,150.0,RTOChowk,r2,r2_16.csv,HIGH,175.0,60
1900-01-01 09:55:00,RIGHT,13.0,25.0,1.0,1.0,40.0,RTOChowk,r2,r2_16.csv,MEDIUM,31.0,24
1900-01-01 09:55:00,UP,5.0,15.0,1.0,0.0,21.0,RTOChowk,r2,r2_16.csv,MEDIUM,15.0,19
1900-01-01 10:00:00,DOWN,25.0,45.0,2.0,1.0,73.0,RTOChowk,r2,r2_16.csv,MEDIUM,55.5,31
1900-01-01 10:00:00,LEFT,91.0,32.0,3.0,22.0,148.0,RTOChowk,r2,r2_16.csv,HIGH,180.5,60
1900-01-01 10:00:00,RIGHT,6.0,15.0,0.0,0.0,21.0,RTOChowk,r2,r2_16.csv,MEDIUM,13.5,19
1900-01-01 10:00:00,UP,9.0,11.0,2.0,0.0,22.0,RTOChowk,r2,r2_16.csv,MEDIUM,19.5,21
1900-01-01 10:05:00,DOWN,27.0,45.0,2.0,4.0,78.0,RTOChowk,r2,r2_16.csv,HIGH,66.5,34
1900-01-01 10:05:00,LEFT,76.0,36.0,6.0,18.0,136.0,RTOChowk,r2,r2_16.csv,HIGH,163.0,60
1900-01-01 10:05:00,RIGHT,9.0,38.0,0.0,0.0,47.0,RTOChowk,r2,r2_16.csv,MEDIUM,28.0,23
1900-01-01 10:05:00,UP,13.0,7.0,0.0,0.0,20.0,RTOChowk,r2,r2_16.csv,MEDIUM,16.5,20
1900-01-01 10:10:00,DOWN,28.0,37.0,4.0,3.0,72.0,RTOChowk,r2,r2_16.csv,MEDIUM,65.5,34
1900-01-01 10:10:00,LEFT,90.0,46.0,4.0,14.0,154.0,RTOChowk,r2,r2_16.csv,VERY_HIGH,165.0,60
1900-01-01 10:10:00,RIGHT,9.0,17.0,1.0,5.0,32.0,RTOChowk,r2,r2_16.csv,MEDIUM,35.0,25
1900-01-01 10:10:00,UP,6.0,1.0,0.0,0.0,7.0,RTOChowk,r2,r2_16.csv,MEDIUM,6.5,17
1900-01-01 10:15:00,DOWN,25.0,33.0,4.0,2.0,64.0,RTOChowk,r2,r2_16.csv,MEDIUM,57.5,32
1900-01-01 10:15:00,LEFT,70.0,46.0,9.0,17.0,142.0,RTOChowk,r2,r2_16.csv,HIGH,166.5,60
1900-01-01 10:15:00,RIGHT,7.0,16.0,1.0,2.0,26.0,RTOChowk,r2,r2_16.csv,MEDIUM,23.5,22
1900-01-01 10:15:00,UP,7.0,6.0,0.0,0.0,13.0,RTOChowk,r2,r2_16.csv,MEDIUM,10.0,18
1900-01-01 10:20:00,DOWN,29.0,63.0,3.0,6.0,101.0,RTOChowk,r2,r2_16.csv,HIGH,86.0,40
1900-01-01 10:20:00,LEFT,88.0,26.0,8.0,4.0,126.0,RTOChowk,r2,r2_16.csv,HIGH,133.0,53
1900-01-01 10:20:00,RIGHT,15.0,26.0,5.0,3.0,49.0,RTOChowk,r2,r2_16.csv,MEDIUM,49.5,29
1900-01-01 10:20:00,UP,8.0,4.0,0.0,1.0,13.0,RTOChowk,r2,r2_16.csv,MEDIUM,13.0,19
1900-01-01 10:25:00,DOWN,17.0,41.0,5.0,4.0,67.0,RTOChowk,r2,r2_16.csv,MEDIUM,62.0,33
1900-01-01 10:25:00,LEFT,77.0,56.0,6.0,22.0,161.0,RTOChowk,r2,r2_16.csv,VERY_HIGH,186.0,60
1900-01-01 10:25:00,RIGHT,11.0,26.0,1.0,1.0,39.0,RTOChowk,r2,r2_16.csv,MEDIUM,29.5,24
1900-01-01 10:25:00,UP,8.0,6.0,0.0,0.0,14.0,RTOChowk,r2,r2_16.csv,MEDIUM,11.0,18
1900-01-01 10:30:00,DOWN,28.0,55.0,0.0,4.0,87.0,RTOChowk,r2,r2_16.csv,HIGH,67.5,35
1900-01-01 10:30:00,LEFT,82.0,35.0,5.0,20.0,142.0,RTOChowk,r2,r2_16.csv,HIGH,172.0,60
1900-01-01 10:30:00,RIGHT,9.0,31.0,2.0,2.0,44.0,RTOChowk,r2,r2_16.csv,MEDIUM,35.5,25
1900-01-01 10:30:00,UP,7.0,5.0,0.0,1.0,13.0,RTOChowk,r2,r2_16.csv,MEDIUM,12.5,19
1900-01-01 10:35:00,DOWN,36.0,47.0,3.0,3.0,89.0,RTOChowk,r2,r2_16.csv,HIGH,76.0,37
1900-01-01 10:35:00,LEFT,83.0,47.0,3.0,17.0,150.0,RTOChowk,r2,r2_16.csv,HIGH,165.0,60
1900-01-01 10:35:00,RIGHT,8.0,21.0,0.0,1.0,30.0,RTOChowk,r2,r2_16.csv,MEDIUM,21.5,21
1900-01-01 10:35:00,UP,4.0,13.0,0.0,1.0,18.0,RTOChowk,r2,r2_16.csv,MEDIUM,13.5,19
1900-01-01 10:40:00,DOWN,24.0,30.0,5.0,3.0,62.0,RTOChowk,r2,r2_16.csv,MEDIUM,60.5,33
1900-01-01 10:40:00,LEFT,73.0,46.0,2.0,18.0,139.0,RTOChowk,r2,r2_16.csv,HIGH,155.0,60
1900-01-01 10:40:00,RIGHT,13.0,24.0,3.0,2.0,42.0,RTOChowk,r2,r2_16.csv,MEDIUM,38.5,26
1900-01-01 10:40:00,UP,5.0,15.0,0.0,1.0,21.0,RTOChowk,r2,r2_16.csv,MEDIUM,15.5,19
1900-01-01 10:45:00,DOWN,23.0,40.0,3.0,2.0,68.0,RTOChowk,r2,r2_16.csv,MEDIUM,56.5,31
1900-01-01 10:45:00,LEFT,79.0,17.0,10.0,19.0,125.0,RTOChowk,r2,r2_16.csv,HIGH,169.5,60
1900-01-01 10:45:00,RIGHT,10.0,39.0,0.0,0.0,49.0,RTOChowk,r2,r2_16.csv,MEDIUM,29.5,24
1900-01-01 10:45:00,UP,4.0,11.0,1.0,2.0,18.0,RTOChowk,r2,r2_16.csv,MEDIUM,18.0,20
1900-01-01 10:50:00,DOWN,24.0,29.0,3.0,0.0,56.0,RTOChowk,r2,r2_16.csv,MEDIUM,46.0,28
1900-01-01 10:50:00,LEFT,93.0,42.0,12.0,15.0,162.0,RTOChowk,r2,r2_16.csv,VERY_HIGH,189.0,60
1900-01-01 10:50:00,RIGHT,9.0,25.0,1.0,2.0,37.0,RTOChowk,r2,r2_16.csv,MEDIUM,30.0,24
1900-01-01 10:50:00,UP,12.0,9.0,0.0,1.0,22.0,RTOChowk,r2,r2_16.csv,MEDIUM,19.5,21
1900-01-01 10:55:00,DOWN,19.0,16.0,2.0,3.0,40.0,RTOChowk,r2,r2_16.csv,MEDIUM,41.0,27
1900-01-01 10:55:00,LEFT,83.0,27.0,4.0,13.0,127.0,RTOChowk,r2,r2_16.csv,HIGH,145.5,57
1900-01-01 10:55:00,RIGHT,4.0,15.0,1.0,3.0,23.0,RTOChowk,r2,r2_16.csv,MEDIUM,23.0,22
1900-01-01 10:55:00,UP,10.0,2.0,0.0,1.0,13.0,RTOChowk,r2,r2_16.csv,MEDIUM,14.0,19
1900-01-01 11:00:00,DOWN,22.0,28.0,1.0,5.0,56.0,RTOChowk,r2,r2_16.csv,MEDIUM,53.5,30
1900-01-01 11:00:00,LEFT,62.0,15.0,7.0,10.0,94.0,RTOChowk,r2,r2_16.csv,HIGH,117.0,49
1900-01-01 11:00:00,RIGHT,10.0,9.0,2.0,5.0,26.0,RTOChowk,r2,r2_16.csv,MEDIUM,34.5,25
1900-01-01 11:00:00,UP,7.0,3.0,1.0,0.0,11.0,RTOChowk,r2,r2_16.csv,MEDIUM,11.0,18
1900-01-01 11:05:00,DOWN,18.0,21.0,4.0,3.0,46.0,RTOChowk,r2,r2_16.csv,MEDIUM,47.5,29
1900-01-01 11:05:00,LEFT,75.0,31.0,11.0,12.0,129.0,RTOChowk,r2,r2_16.csv,HIGH,154.0,60
1900-01-01 11:05:00,RIGHT,17.0,9.0,2.0,3.0,31.0,RTOChowk,r2,r2_16.csv,MEDIUM,35.5,25
1900-01-01 11:05:00,UP,5.0,2.0,0.0,0.0,7.0,RTOChowk,r2,r2_16.csv,MEDIUM,6.0,17
1900-01-01 11:10:00,DOWN,29.0,36.0,5.0,6.0,76.0,RTOChowk,r2,r2_16.csv,HIGH,77.5,37
1900-01-01 11:10:00,LEFT,79.0,21.0,5.0,13.0,118.0,RTOChowk,r2,r2_16.csv,HIGH,141.0,56
1900-01-01 11:10:00,RIGHT,13.0,22.0,3.0,2.0,40.0,RTOChowk,r2,r2_16.csv,MEDIUM,37.5,26
1900-01-01 11:10:00,UP,8.0,0.0,1.0,0.0,9.0,RTOChowk,r2,r2_16.csv,MEDIUM,10.5,18
1900-01-01 11:15:00,DOWN,18.0,26.0,2.0,4.0,50.0,RTOChowk,r2,r2_16.csv,MEDIUM,48.0,29
1900-01-01 11:15:00,LEFT,78.0,27.0,8.0,19.0,132.0,RTOChowk,r2,r2_16.csv,HIGH,168.5,60
1900-01-01 11:15:00,RIGHT,13.0,7.0,1.0,2.0,23.0,RTOChowk,r2,r2_16.csv,MEDIUM,25.0,22
1900-01-01 11:15:00,UP,12.0,10.0,0.0,0.0,22.0,RTOChowk,r2,r2_16.csv,MEDIUM,17.0,20
1900-01-01 11:20:00,DOWN,22.0,27.0,2.0,2.0,53.0,RTOChowk,r2,r2_16.csv,MEDIUM,46.5,28
1900-01-01 11:20:00,LEFT,67.0,26.0,15.0,21.0,129.0,RTOChowk,r2,r2_16.csv,HIGH,180.5,60
1900-01-01 11:20:00,RIGHT,12.0,27.0,1.0,1.0,41.0,RTOChowk,r2,r2_16.csv,MEDIUM,31.0,24
1900-01-01 11:20:00,UP,9.0,6.0,0.0,1.0,16.0,RTOChowk,r2,r2_16.csv,MEDIUM,15.0,19
1900-01-01 11:25:00,DOWN,3.0,10.0,0.0,1.0,14.0,RTOChowk,r2,r2_16.csv,MEDIUM,11.0,18
1900-01-01 11:25:00,LEFT,40.0,21.0,3.0,13.0,77.0,RTOChowk,r2,r2_16.csv,HIGH,97.0,43
1900-01-01 11:25:00,RIGHT,5.0,6.0,0.0,0.0,11.0,RTOChowk,r2,r2_16.csv,MEDIUM,8.0,17
1900-01-01 11:25:00,UP,2.0,4.0,0.0,1.0,7.0,RTOChowk,r2,r2_16.csv,MEDIUM,7.0,17
1900-01-01 11:20:00,DOWN,0.0,0.0,0.0,0.0,0.0,RTOChowk,r2,r2_13_one.csv,LOW,0.0,15
1900-01-01 11:20:00,LEFT,1.0,1.0,0.0,0.0,2.0,RTOChowk,r2,r2_13_one.csv,LOW,1.5,15
1900-01-01 11:20:00,RIGHT,0.0,0.0,0.0,0.0,0.0,RTOChowk,r2,r2_13_one.csv,LOW,0.0,15
1900-01-01 11:20:00,UP,0.0,0.0,0.0,0.0,0.0,RTOChowk,r2,r2_13_one.csv,LOW,0.0,15
1900-01-01 11:25:00,DOWN,12.0,38.0,0.0,0.0,50.0,RTOChowk,r2,r2_13_one.csv,MEDIUM,31.0,24
1900-01-01 11:25:00,LEFT,57.0,52.0,6.0,8.0,123.0,RTOChowk,r2,r2_13_one.csv,HIGH,122.0,50
1900-01-01 11:25:00,RIGHT,1.0,14.0,0.0,0.0,15.0,RTOChowk,r2,r2_13_one.csv,MEDIUM,8.0,17
1900-01-01 11:25:00,UP,5.0,8.0,0.0,0.0,13.0,RTOChowk,r2,r2_13_one.csv,MEDIUM,9.0,18
1900-01-01 11:30:00,DOWN,10.0,41.0,0.0,0.0,51.0,RTOChowk,r2,r2_13_one.csv,MEDIUM,30.5,24
1900-01-01 11:30:00,LEFT,64.0,67.0,2.0,10.0,143.0,RTOChowk,r2,r2_13_one.csv,HIGH,132.5,53
1900-01-01 11:30:00,RIGHT,6.0,32.0,1.0,0.0,39.0,RTOChowk,r2,r2_13_one.csv,MEDIUM,24.5,22
1900-01-01 11:30:00,UP,5.0,12.0,3.0,1.0,21.0,RTOChowk,r2,r2_13_one.csv,MEDIUM,21.5,21
1900-01-01 11:35:00,DOWN,10.0,37.0,1.0,0.0,48.0,RTOChowk,r2,r2_13_one.csv,MEDIUM,31.0,24
1900-01-01 11:35:00,LEFT,48.0,58.0,1.0,14.0,121.0,RTOChowk,r2,r2_13_one.csv,HIGH,121.5,50
1900-01-01 11:35:00,RIGHT,4.0,14.0,0.0,1.0,19.0,RTOChowk,r2,r2_13_one.csv,MEDIUM,14.0,19
1900-01-01 11:35:00,UP,4.0,6.0,1.0,1.0,12.0,RTOChowk,r2,r2_13_one.csv,MEDIUM,12.5,19
1900-01-01 11:40:00,DOWN,9.0,45.0,0.0,1.0,55.0,RTOChowk,r2,r2_13_one.csv,MEDIUM,34.5,25
1900-01-01 11:40:00,LEFT,73.0,65.0,3.0,14.0,155.0,RTOChowk,r2,r2_13_one.csv,VERY_HIGH,155.0,60
1900-01-01 11:40:00,RIGHT,6.0,15.0,0.0,0.0,21.0,RTOChowk,r2,r2_13_one.csv,MEDIUM,13.5,19
1900-01-01 11:40:00,UP,2.0,5.0,0.0,1.0,8.0,RTOChowk,r2,r2_13_one.csv,MEDIUM,7.5,17
1900-01-01 11:45:00,DOWN,17.0,62.0,0.0,0.0,79.0,RTOChowk,r2,r2_13_one.csv,HIGH,48.0,29
1900-01-01 11:45:00,LEFT,56.0,46.0,7.0,11.0,120.0,RTOChowk,r2,r2_13_one.csv,HIGH,129.5,52
1900-01-01 11:45:00,RIGHT,2.0,21.0,0.0,2.0,25.0,RTOChowk,r2,r2_13_one.csv,MEDIUM,18.5,20
1900-01-01 11:45:00,UP,5.0,12.0,0.0,1.0,18.0,RTOChowk,r2,r2_13_one.csv,MEDIUM,14.0,19
1900-01-01 11:50:00,DOWN,12.0,56.0,0.0,0.0,68.0,RTOChowk,r2,r2_13_one.csv,MEDIUM,40.0,27
1900-01-01 11:50:00,LEFT,67.0,52.0,1.0,10.0,130.0,RTOChowk,r2,r2_13_one.csv,HIGH,125.5,51
1900-01-01 11:50:00,RIGHT,7.0,11.0,0.0,0.0,18.0,RTOChowk,r2,r2_13_one.csv,MEDIUM,12.5,19
1900-01-01 11:50:00,UP,5.0,8.0,0.0,0.0,13.0,RTOChowk,r2,r2_13_one.csv,MEDIUM,9.0,18
1900-01-01 11:55:00,DOWN,9.0,33.0,1.0,1.0,44.0,RTOChowk,r2,r2_13_one.csv,MEDIUM,31.0,24
1900-01-01 11:55:00,LEFT,21.0,37.0,2.0,11.0,71.0,RTOChowk,r2,r2_13_one.csv,MEDIUM,77.5,37
1900-01-01 11:55:00,RIGHT,2.0,14.0,0.0,1.0,17.0,RTOChowk,r2,r2_13_one.csv,MEDIUM,12.0,18
1900-01-01 11:55:00,UP,1.0,8.0,0.0,1.0,10.0,RTOChowk,r2,r2_13_one.csv,MEDIUM,8.0,17
1900-01-01 08:55:00,DOWN,0.0,0.0,1.0,0.0,1.0,RTOChowk,r2,r2_14.csv,LOW,2.5,16
1900-01-01 08:55:00,LEFT,0.0,0.0,0.0,0.0,0.0,RTOChowk,r2,r2_14.csv,LOW,0.0,15
1900-01-01 08:55:00,RIGHT,0.0,0.0,0.0,1.0,1.0,RTOChowk,r2,r2_14.csv,LOW,3.0,16
1900-01-01 08:55:00,UP,0.0,0.0,0.0,0.0,0.0,RTOChowk,r2,r2_14.csv,LOW,0.0,15
1900-01-01 09:00:00,DOWN,22.0,63.0,2.0,3.0,90.0,RTOChowk,r2,r2_14.csv,HIGH,67.5,35
1900-01-01 09:00:00,LEFT,83.0,52.0,2.0,8.0,145.0,RTOChowk,r2,r2_14.csv,HIGH,138.0,55
1900-01-01 09:00:00,RIGHT,5.0,18.0,2.0,0.0,25.0,RTOChowk,r2,r2_14.csv,MEDIUM,19.0,20
1900-01-01 09:00:00,UP,6.0,12.0,0.0,2.0,20.0,RTOChowk,r2,r2_14.csv,MEDIUM,18.0,20
1900-01-01 09:05:00,DOWN,31.0,77.0,1.0,0.0,109.0,RTOChowk,r2,r2_14.csv,HIGH,72.0,36
1900-01-01 09:05:00,LEFT,76.0,47.0,5.0,12.0,140.0,RTOChowk,r2,r2_14.csv,HIGH,148.0,58
1900-01-01 09:05:00,RIGHT,18.0,26.0,2.0,2.0,48.0,RTOChowk,r2,r2_14.csv,MEDIUM,42.0,27
1900-01-01 09:05:00,UP,7.0,14.0,3.0,3.0,27.0,RTOChowk,r2,r2_14.csv,MEDIUM,30.5,24
1900-01-01 09:10:00,DOWN,28.0,58.0,2.0,5.0,93.0,RTOChowk,r2,r2_14.csv,HIGH,77.0,37
1900-01-01 09:10:00,LEFT,88.0,59.0,7.0,8.0,162.0,RTOChowk,r2,r2_14.csv,VERY_HIGH,159.0,60
1900-01-01 09:10:00,RIGHT,8.0,34.0,3.0,2.0,47.0,RTOChowk,r2,r2_14.csv,MEDIUM,38.5,26
1900-01-01 09:10:00,UP,8.0,10.0,2.0,1.0,21.0,RTOChowk,r2,r2_14.csv,MEDIUM,21.0,21
1900-01-01 09:15:00,DOWN,23.0,61.0,2.0,5.0,91.0,RTOChowk,r2,r2_14.csv,HIGH,73.5,36
1900-01-01 09:15:00,LEFT,85.0,38.0,2.0,18.0,143.0,RTOChowk,r2,r2_14.csv,HIGH,163.0,60
1900-01-01 09:15:00,RIGHT,14.0,25.0,1.0,3.0,43.0,RTOChowk,r2,r2_14.csv,MEDIUM,38.0,26
1900-01-01 09:15:00,UP,5.0,9.0,0.0,0.0,14.0,RTOChowk,r2,r2_14.csv,MEDIUM,9.5,18
1900-01-01 09:20:00,DOWN,30.0,50.0,0.0,11.0,91.0,RTOChowk,r2,r2_14.csv,HIGH,88.0,40
1900-01-01 09:20:00,LEFT,79.0,28.0,5.0,13.0,125.0,RTOChowk,r2,r2_14.csv,HIGH,144.5,57
1900-01-01 09:20:00,RIGHT,14.0,20.0,2.0,0.0,36.0,RTOChowk,r2,r2_14.csv,MEDIUM,29.0,23
1900-01-01 09:20:00,UP,8.0,12.0,0.0,0.0,20.0,RTOChowk,r2,r2_14.csv,MEDIUM,14.0,19
1900-01-01 09:25:00,DOWN,33.0,59.0,3.0,1.0,96.0,RTOChowk,r2,r2_14.csv,HIGH,73.0,36
1900-01-01 09:25:00,LEFT,89.0,54.0,3.0,15.0,161.0,RTOChowk,r2,r2_14.csv,VERY_HIGH,168.5,60
1900-01-01 09:25:00,RIGHT,10.0,28.0,0.0,1.0,39.0,RTOChowk,r2,r2_14.csv,MEDIUM,27.0,23
1900-01-01 09:25:00,UP,5.0,9.0,2.0,2.0,18.0,RTOChowk,r2,r2_14.csv,MEDIUM,20.5,21
1900-01-01 09:30:00,DOWN,28.0,58.0,6.0,4.0,96.0,RTOChowk,r2,r2_14.csv,HIGH,84.0,39
1900-01-01 09:30:00,LEFT,108.0,55.0,2.0,19.0,184.0,RTOChowk,r2,r2_14.csv,VERY_HIGH,197.5,60
1900-01-01 09:30:00,RIGHT,9.0,24.0,1.0,3.0,37.0,RTOChowk,r2,r2_14.csv,MEDIUM,32.5,24
1900-01-01 09:30:00,UP,11.0,12.0,2.0,0.0,25.0,RTOChowk,r2,r2_14.csv,MEDIUM,22.0,21
1900-01-01 09:35:00,DOWN,23.0,70.0,4.0,4.0,101.0,RTOChowk,r2,r2_14.csv,HIGH,80.0,38
1900-01-01 09:35:00,LEFT,76.0,74.0,2.0,13.0,165.0,RTOChowk,r2,r2_14.csv,VERY_HIGH,157.0,60
1900-01-01 09:35:00,RIGHT,5.0,27.0,1.0,0.0,33.0,RTOChowk,r2,r2_14.csv,MEDIUM,21.0,21
1900-01-01 09:35:00,UP,8.0,10.0,1.0,1.0,20.0,RTOChowk,r2,r2_14.csv,MEDIUM,18.5,20
1900-01-01 09:40:00,DOWN,26.0,64.0,2.0,3.0,95.0,RTOChowk,r2,r2_14.csv,HIGH,72.0,36
1900-01-01 09:40:00,LEFT,90.0,43.0,7.0,16.0,156.0,RTOChowk,r2,r2_14.csv,VERY_HIGH,177.0,60
1900-01-01 09:40:00,RIGHT,13.0,27.0,0.0,0.0,40.0,RTOChowk,r2,r2_14.csv,MEDIUM,26.5,23
1900-01-01 09:40:00,UP,6.0,8.0,1.0,0.0,15.0,RTOChowk,r2,r2_14.csv,MEDIUM,12.5,19
1900-01-01 09:45:00,DOWN,27.0,65.0,3.0,6.0,101.0,RTOChowk,r2,r2_14.csv,HIGH,85.0,40
1900-01-01 09:45:00,LEFT,82.0,44.0,6.0,10.0,142.0,RTOChowk,r2,r2_14.csv,HIGH,149.0,58
1900-01-01 09:45:00,RIGHT,9.0,30.0,1.0,1.0,41.0,RTOChowk,r2,r2_14.csv,MEDIUM,29.5,24
1900-01-01 09:45:00,UP,5.0,10.0,0.0,0.0,15.0,RTOChowk,r2,r2_14.csv,MEDIUM,10.0,18
1900-01-01 09:50:00,DOWN,24.0,57.0,5.0,1.0,87.0,RTOChowk,r2,r2_14.csv,HIGH,68.0,35
1900-01-01 09:50:00,LEFT,79.0,26.0,4.0,12.0,121.0,RTOChowk,r2,r2_14.csv,HIGH,138.0,55
1900-01-01 09:50:00,RIGHT,11.0,23.0,2.0,1.0,37.0,RTOChowk,r2,r2_14.csv,MEDIUM,30.5,24
1900-01-01 09:50:00,UP,10.0,12.0,2.0,0.0,24.0,RTOChowk,r2,r2_14.csv,MEDIUM,21.0,21
1900-01-01 09:55:00,DOWN,22.0,73.0,2.0,4.0,101.0,RTOChowk,r2,r2_14.csv,HIGH,75.5,37
1900-01-01 09:55:00,LEFT,95.0,28.0,6.0,9.0,138.0,RTOChowk,r2,r2_14.csv,HIGH,151.0,59
1900-01-01 09:55:00,RIGHT,11.0,25.0,1.0,4.0,41.0,RTOChowk,r2,r2_14.csv,MEDIUM,38.0,26
1900-01-01 09:55:00,UP,5.0,6.0,3.0,0.0,14.0,RTOChowk,r2,r2_14.csv,MEDIUM,15.5,19
1900-01-01 10:00:00,DOWN,23.0,68.0,1.0,2.0,94.0,RTOChowk,r2,r2_14.csv,HIGH,65.5,34
1900-01-01 10:00:00,LEFT,88.0,38.0,3.0,13.0,142.0,RTOChowk,r2,r2_14.csv,HIGH,153.5,59
1900-01-01 10:00:00,RIGHT,9.0,16.0,3.0,1.0,29.0,RTOChowk,r2,r2_14.csv,MEDIUM,27.5,23
1900-01-01 10:00:00,UP,14.0,5.0,0.0,0.0,19.0,RTOChowk,r2,r2_14.csv,MEDIUM,16.5,20
1900-01-01 10:05:00,DOWN,18.0,40.0,0.0,4.0,62.0,RTOChowk,r2,r2_14.csv,MEDIUM,50.0,29
1900-01-01 10:05:00,LEFT,86.0,52.0,5.0,7.0,150.0,RTOChowk,r2,r2_14.csv,HIGH,145.5,57
1900-01-01 10:05:00,RIGHT,6.0,12.0,1.0,1.0,20.0,RTOChowk,r2,r2_14.csv,MEDIUM,17.5,20
1900-01-01 10:05:00,UP,6.0,5.0,0.0,0.0,11.0,RTOChowk,r2,r2_14.csv,MEDIUM,8.5,17
1900-01-01 10:10:00,DOWN,23.0,54.0,1.0,1.0,79.0,RTOChowk,r2,r2_14.csv,HIGH,55.5,31
1900-01-01 10:10:00,LEFT,83.0,54.0,0.0,23.0,160.0,RTOChowk,r2,r2_14.csv,VERY_HIGH,179.0,60
1900-01-01 10:10:00,RIGHT,10.0,36.0,0.0,1.0,47.0,RTOChowk,r2,r2_14.csv,MEDIUM,31.0,24
1900-01-01 10:10:00,UP,12.0,5.0,1.0,0.0,18.0,RTOChowk,r2,r2_14.csv,MEDIUM,17.0,20
1900-01-01 10:15:00,DOWN,26.0,33.0,4.0,4.0,67.0,RTOChowk,r2,r2_14.csv,MEDIUM,64.5,34
1900-01-01 10:15:00,LEFT,77.0,19.0,4.0,8.0,108.0,RTOChowk,r2,r2_14.csv,HIGH,120.5,50
1900-01-01 10:15:00,RIGHT,19.0,16.0,6.0,1.0,42.0,RTOChowk,r2,r2_14.csv,MEDIUM,45.0,28
1900-01-01 10:15:00,UP,14.0,4.0,0.0,2.0,20.0,RTOChowk,r2,r2_14.csv,MEDIUM,22.0,21
1900-01-01 10:20:00,DOWN,21.0,39.0,2.0,4.0,66.0,RTOChowk,r2,r2_14.csv,MEDIUM,57.5,32
1900-01-01 10:20:00,LEFT,78.0,37.0,4.0,15.0,134.0,RTOChowk,r2,r2_14.csv,HIGH,151.5,59
1900-01-01 10:20:00,RIGHT,10.0,14.0,0.0,1.0,25.0,RTOChowk,r2,r2_14.csv,MEDIUM,20.0,21
1900-01-01 10:20:00,UP,7.0,2.0,3.0,0.0,12.0,RTOChowk,r2,r2_14.csv,MEDIUM,15.5,19
1900-01-01 10:25:00,DOWN,19.0,59.0,0.0,4.0,82.0,RTOChowk,r2,r2_14.csv,HIGH,60.5,33
1900-01-01 10:25:00,LEFT,85.0,50.0,2.0,14.0,151.0,RTOChowk,r2,r2_14.csv,HIGH,157.0,60
1900-01-01 10:25:00,RIGHT,9.0,18.0,0.0,3.0,30.0,RTOChowk,r2,r2_14.csv,MEDIUM,27.0,23
1900-01-01 10:25:00,UP,10.0,6.0,0.0,2.0,18.0,RTOChowk,r2,r2_14.csv,MEDIUM,19.0,20
1900-01-01 10:30:00,DOWN,20.0,63.0,1.0,7.0,91.0,RTOChowk,r2,r2_14.csv,HIGH,75.0,37
1900-01-01 10:30:00,LEFT,83.0,43.0,6.0,10.0,142.0,RTOChowk,r2,r2_14.csv,HIGH,149.5,58
1900-01-01 10:30:00,RIGHT,6.0,22.0,3.0,0.0,31.0,RTOChowk,r2,r2_14.csv,MEDIUM,24.5,22
1900-01-01 10:30:00,UP,6.0,8.0,1.0,2.0,17.0,RTOChowk,r2,r2_14.csv,MEDIUM,18.5,20
1900-01-01 10:35:00,DOWN,22.0,72.0,1.0,0.0,95.0,RTOChowk,r2,r2_14.csv,HIGH,60.5,33
1900-01-01 10:35:00,LEFT,100.0,45.0,3.0,23.0,171.0,RTOChowk,r2,r2_14.csv,VERY_HIGH,199.0,60
1900-01-01 10:35:00,RIGHT,12.0,17.0,0.0,1.0,30.0,RTOChowk,r2,r2_14.csv,MEDIUM,23.5,22
1900-01-01 10:35:00,UP,7.0,8.0,0.0,0.0,15.0,RTOChowk,r2,r2_14.csv,MEDIUM,11.0,18
1900-01-01 10:40:00,DOWN,13.0,47.0,1.0,2.0,63.0,RTOChowk,r2,r2_14.csv,MEDIUM,45.0,28
1900-01-01 10:40:00,LEFT,92.0,53.0,6.0,20.0,171.0,RTOChowk,r2,r2_14.csv,VERY_HIGH,193.5,60
1900-01-01 10:40:00,RIGHT,11.0,23.0,0.0,0.0,34.0,RTOChowk,r2,r2_14.csv,MEDIUM,22.5,22
1900-01-01 10:40:00,UP,12.0,9.0,0.0,0.0,21.0,RTOChowk,r2,r2_14.csv,MEDIUM,16.5,20
1900-01-01 10:45:00,DOWN,20.0,33.0,6.0,0.0,59.0,RTOChowk,r2,r2_14.csv,MEDIUM,51.5,30
1900-01-01 10:45:00,LEFT,92.0,32.0,5.0,16.0,145.0,RTOChowk,r2,r2_14.csv,HIGH,168.5,60
1900-01-01 10:45:00,RIGHT,11.0,27.0,2.0,1.0,41.0,RTOChowk,r2,r2_14.csv,MEDIUM,32.5,24
1900-01-01 10:45:00,UP,8.0,8.0,0.0,1.0,17.0,RTOChowk,r2,r2_14.csv,MEDIUM,15.0,19
1900-01-01 10:50:00,DOWN,18.0,34.0,2.0,3.0,57.0,RTOChowk,r2,r2_14.csv,MEDIUM,49.0,29
1900-01-01 10:50:00,LEFT,93.0,56.0,8.0,19.0,176.0,RTOChowk,r2,r2_14.csv,VERY_HIGH,198.0,60
1900-01-01 10:50:00,RIGHT,14.0,9.0,2.0,1.0,26.0,RTOChowk,r2,r2_14.csv,MEDIUM,26.5,23
1900-01-01 10:50:00,UP,16.0,4.0,1.0,1.0,22.0,RTOChowk,r2,r2_14.csv,MEDIUM,23.5,22
1900-01-01 10:55:00,DOWN,17.0,39.0,2.0,2.0,60.0,RTOChowk,r2,r2_14.csv,MEDIUM,47.5,29
1900-01-01 10:55:00,LEFT,63.0,58.0,8.0,20.0,149.0,RTOChowk,r2,r2_14.csv,HIGH,172.0,60
1900-01-01 10:55:00,RIGHT,9.0,10.0,1.0,4.0,24.0,RTOChowk,r2,r2_14.csv,MEDIUM,28.5,23
1900-01-01 10:55:00,UP,5.0,6.0,0.0,1.0,12.0,RTOChowk,r2,r2_14.csv,MEDIUM,11.0,18
1900-01-01 11:00:00,DOWN,25.0,25.0,8.0,2.0,60.0,RTOChowk,r2,r2_14.csv,MEDIUM,63.5,33
1900-01-01 11:00:00,LEFT,83.0,46.0,6.0,14.0,149.0,RTOChowk,r2,r2_14.csv,HIGH,163.0,60
1900-01-01 11:00:00,RIGHT,8.0,26.0,1.0,0.0,35.0,RTOChowk,r2,r2_14.csv,MEDIUM,23.5,22
1900-01-01 11:00:00,UP,15.0,4.0,0.0,0.0,19.0,RTOChowk,r2,r2_14.csv,MEDIUM,17.0,20
1900-01-01 11:05:00,DOWN,22.0,42.0,4.0,1.0,69.0,RTOChowk,r2,r2_14.csv,MEDIUM,56.0,31
1900-01-01 11:05:00,LEFT,78.0,21.0,8.0,11.0,118.0,RTOChowk,r2,r2_14.csv,HIGH,141.5,56
1900-01-01 11:05:00,RIGHT,17.0,17.0,2.0,1.0,37.0,RTOChowk,r2,r2_14.csv,MEDIUM,33.5,25
1900-01-01 11:05:00,UP,8.0,6.0,0.0,1.0,15.0,RTOChowk,r2,r2_14.csv,MEDIUM,14.0,19
1900-01-01 11:10:00,DOWN,17.0,29.0,2.0,2.0,50.0,RTOChowk,r2,r2_14.csv,MEDIUM,42.5,27
1900-01-01 11:10:00,LEFT,73.0,46.0,4.0,17.0,140.0,RTOChowk,r2,r2_14.csv,HIGH,157.0,60
1900-01-01 11:10:00,RIGHT,8.0,20.0,1.0,0.0,29.0,RTOChowk,r2,r2_14.csv,MEDIUM,20.5,21
1900-01-01 11:10:00,UP,8.0,3.0,1.0,0.0,12.0,RTOChowk,r2,r2_14.csv,MEDIUM,12.0,18
1900-01-01 11:15:00,DOWN,28.0,25.0,2.0,2.0,57.0,RTOChowk,r2,r2_14.csv,MEDIUM,51.5,30
1900-01-01 11:15:00,LEFT,91.0,28.0,6.0,19.0,144.0,RTOChowk,r2,r2_14.csv,HIGH,177.0,60
1900-01-01 11:15:00,RIGHT,13.0,14.0,0.0,3.0,30.0,RTOChowk,r2,r2_14.csv,MEDIUM,29.0,23
1900-01-01 11:15:00,UP,13.0,2.0,0.0,0.0,15.0,RTOChowk,r2,r2_14.csv,MEDIUM,14.0,19
1900-01-01 11:20:00,DOWN,19.0,46.0,0.0,5.0,70.0,RTOChowk,r2,r2_14.csv,MEDIUM,57.0,31
1900-01-01 11:20:00,LEFT,78.0,38.0,7.0,17.0,140.0,RTOChowk,r2,r2_14.csv,HIGH,165.5,60
1900-01-01 11:20:00,RIGHT,9.0,19.0,0.0,0.0,28.0,RTOChowk,r2,r2_14.csv,MEDIUM,18.5,20
1900-01-01 11:20:00,UP,14.0,9.0,1.0,1.0,25.0,RTOChowk,r2,r2_14.csv,MEDIUM,24.0,22
1900-01-01 11:25:00,DOWN,3.0,6.0,0.0,0.0,9.0,RTOChowk,r2,r2_14.csv,MEDIUM,6.0,17
1900-01-01 11:25:00,LEFT,15.0,4.0,0.0,6.0,25.0,RTOChowk,r2,r2_14.csv,MEDIUM,35.0,25
1900-01-01 11:25:00,RIGHT,0.0,2.0,0.0,0.0,2.0,RTOChowk,r2,r2_14.csv,LOW,1.0,15
1900-01-01 11:25:00,UP,1.0,2.0,0.0,1.0,4.0,RTOChowk,r2,r2_14.csv,LOW,5.0,16
1900-01-01 08:55:00,DOWN,0.0,0.0,0.0,0.0,0.0,RTOChowk,r2,r2_15.csv,LOW,0.0,15
1900-01-01 08:55:00,LEFT,0.0,1.0,0.0,0.0,1.0,RTOChowk,r2,r2_15.csv,LOW,0.5,15
1900-01-01 08:55:00,RIGHT,0.0,0.0,0.0,0.0,0.0,RTOChowk,r2,r2_15.csv,LOW,0.0,15
1900-01-01 08:55:00,UP,0.0,0.0,0.0,0.0,0.0,RTOChowk,r2,r2_15.csv,LOW,0.0,15
1900-01-01 09:00:00,DOWN,23.0,56.0,0.0,3.0,82.0,RTOChowk,r2,r2_15.csv,HIGH,60.0,32
1900-01-01 09:00:00,LEFT,76.0,33.0,8.0,19.0,136.0,RTOChowk,r2,r2_15.csv,HIGH,169.5,60
1900-01-01 09:00:00,RIGHT,5.0,15.0,2.0,1.0,23.0,RTOChowk,r2,r2_15.csv,MEDIUM,20.5,21
1900-01-01 09:00:00,UP,5.0,6.0,2.0,0.0,13.0,RTOChowk,r2,r2_15.csv,MEDIUM,13.0,19
1900-01-01 09:05:00,DOWN,24.0,86.0,7.0,5.0,122.0,RTOChowk,r2,r2_15.csv,HIGH,99.5,44
1900-01-01 09:05:00,LEFT,87.0,52.0,4.0,18.0,161.0,RTOChowk,r2,r2_15.csv,VERY_HIGH,177.0,60
1900-01-01 09:05:00,RIGHT,4.0,37.0,1.0,2.0,44.0,RTOChowk,r2,r2_15.csv,MEDIUM,31.0,24
1900-01-01 09:05:00,UP,7.0,14.0,0.0,0.0,21.0,RTOChowk,r2,r2_15.csv,MEDIUM,14.0,19
1900-01-01 09:10:00,DOWN,28.0,49.0,6.0,3.0,86.0,RTOChowk,r2,r2_15.csv,HIGH,76.5,37
1900-01-01 09:10:00,LEFT,84.0,72.0,3.0,17.0,176.0,RTOChowk,r2,r2_15.csv,VERY_HIGH,178.5,60
1900-01-01 09:10:00,RIGHT,8.0,21.0,2.0,2.0,33.0,RTOChowk,r2,r2_15.csv,MEDIUM,29.5,24
1900-01-01 09:10:00,UP,4.0,5.0,0.0,1.0,10.0,RTOChowk,r2,r2_15.csv,MEDIUM,9.5,18
1900-01-01 09:15:00,DOWN,25.0,66.0,2.0,5.0,98.0,RTOChowk,r2,r2_15.csv,HIGH,78.0,38
1900-01-01 09:15:00,LEFT,69.0,51.0,1.0,11.0,132.0,RTOChowk,r2,r2_15.csv,HIGH,130.0,53
1900-01-01 09:15:00,RIGHT,6.0,28.0,0.0,1.0,35.0,RTOChowk,r2,r2_15.csv,MEDIUM,23.0,22
1900-01-01 09:15:00,UP,8.0,4.0,1.0,0.0,13.0,RTOChowk,r2,r2_15.csv,MEDIUM,12.5,19
1900-01-01 09:20:00,DOWN,24.0,63.0,3.0,6.0,96.0,RTOChowk,r2,r2_15.csv,HIGH,81.0,38
1900-01-01 09:20:00,LEFT,85.0,56.0,5.0,14.0,160.0,RTOChowk,r2,r2_15.csv,VERY_HIGH,167.5,60
1900-01-01 09:20:00,RIGHT,5.0,21.0,0.0,3.0,29.0,RTOChowk,r2,r2_15.csv,MEDIUM,24.5,22
1900-01-01 09:20:00,UP,12.0,4.0,1.0,1.0,18.0,RTOChowk,r2,r2_15.csv,MEDIUM,19.5,21
1900-01-01 09:25:00,DOWN,22.0,54.0,0.0,6.0,82.0,RTOChowk,r2,r2_15.csv,HIGH,67.0,34
1900-01-01 09:25:00,LEFT,86.0,48.0,6.0,10.0,150.0,RTOChowk,r2,r2_15.csv,HIGH,155.0,60
1900-01-01 09:25:00,RIGHT,13.0,27.0,2.0,3.0,45.0,RTOChowk,r2,r2_15.csv,MEDIUM,40.5,27
1900-01-01 09:25:00,UP,7.0,5.0,0.0,1.0,13.0,RTOChowk,r2,r2_15.csv,MEDIUM,12.5,19
1900-01-01 09:30:00,DOWN,22.0,51.0,4.0,4.0,81.0,RTOChowk,r2,r2_15.csv,HIGH,69.5,35
1900-01-01 09:30:00,LEFT,85.0,44.0,11.0,16.0,156.0,RTOChowk,r2,r2_15.csv,VERY_HIGH,182.5,60
1900-01-01 09:30:00,RIGHT,8.0,32.0,0.0,1.0,41.0,RTOChowk,r2,r2_15.csv,MEDIUM,27.0,23
1900-01-01 09:30:00,UP,5.0,5.0,2.0,1.0,13.0,RTOChowk,r2,r2_15.csv,MEDIUM,15.5,19
1900-01-01 09:35:00,DOWN,30.0,53.0,2.0,2.0,87.0,RTOChowk,r2,r2_15.csv,HIGH,67.5,35
1900-01-01 09:35:00,LEFT,96.0,42.0,3.0,10.0,151.0,RTOChowk,r2,r2_15.csv,HIGH,154.5,60
1900-01-01 09:35:00,RIGHT,13.0,30.0,0.0,2.0,45.0,RTOChowk,r2,r2_15.csv,MEDIUM,34.0,25
1900-01-01 09:35:00,UP,12.0,4.0,1.0,1.0,18.0,RTOChowk,r2,r2_15.csv,MEDIUM,19.5,21
1900-01-01 09:40:00,DOWN,19.0,41.0,5.0,5.0,70.0,RTOChowk,r2,r2_15.csv,MEDIUM,67.0,34
1900-01-01 09:40:00,LEFT,87.0,48.0,8.0,15.0,158.0,RTOChowk,r2,r2_15.csv,VERY_HIGH,176.0,60
1900-01-01 09:40:00,RIGHT,9.0,24.0,1.0,0.0,34.0,RTOChowk,r2,r2_15.csv,MEDIUM,23.5,22
1900-01-01 09:40:00,UP,6.0,13.0,1.0,0.0,20.0,RTOChowk,r2,r2_15.csv,MEDIUM,15.0,19
1900-01-01 09:45:00,DOWN,28.0,43.0,1.0,6.0,78.0,RTOChowk,r2,r2_15.csv,HIGH,70.0,35
1900-01-01 09:45:00,LEFT,84.0,45.0,4.0,10.0,143.0,RTOChowk,r2,r2_15.csv,HIGH,146.5,57
1900-01-01 09:45:00,RIGHT,10.0,33.0,0.0,3.0,46.0,RTOChowk,r2,r2_15.csv,MEDIUM,35.5,25
1900-01-01 09:45:00,UP,9.0,7.0,0.0,3.0,19.0,RTOChowk,r2,r2_15.csv,MEDIUM,21.5,21
1900-01-01 09:50:00,DOWN,31.0,57.0,5.0,2.0,95.0,RTOChowk,r2,r2_15.csv,HIGH,78.0,38
1900-01-01 09:50:00,LEFT,82.0,37.0,7.0,17.0,143.0,RTOChowk,r2,r2_15.csv,HIGH,169.0,60
1900-01-01 09:50:00,RIGHT,15.0,33.0,2.0,1.0,51.0,RTOChowk,r2,r2_15.csv,MEDIUM,39.5,26
1900-01-01 09:50:00,UP,8.0,8.0,0.0,0.0,16.0,RTOChowk,r2,r2_15.csv,MEDIUM,12.0,18
1900-01-01 09:55:00,DOWN,20.0,62.0,3.0,2.0,87.0,RTOChowk,r2,r2_15.csv,HIGH,64.5,34
1900-01-01 09:55:00,LEFT,104.0,28.0,4.0,22.0,158.0,RTOChowk,r2,r2_15.csv,VERY_HIGH,194.0,60
1900-01-01 09:55:00,RIGHT,11.0,21.0,1.0,3.0,36.0,RTOChowk,r2,r2_15.csv,MEDIUM,33.0,25
1900-01-01 09:55:00,UP,11.0,8.0,0.0,0.0,19.0,RTOChowk,r2,r2_15.csv,MEDIUM,15.0,19
1900-01-01 10:00:00,DOWN,23.0,57.0,2.0,1.0,83.0,RTOChowk,r2,r2_15.csv,HIGH,59.5,32
1900-01-01 10:00:00,LEFT,70.0,40.0,7.0,16.0,133.0,RTOChowk,r2,r2_15.csv,HIGH,155.5,60
1900-01-01 10:00:00,RIGHT,9.0,25.0,0.0,1.0,35.0,RTOChowk,r2,r2_15.csv,MEDIUM,24.5,22
1900-01-01 10:00:00,UP,11.0,8.0,0.0,0.0,19.0,RTOChowk,r2,r2_15.csv,MEDIUM,15.0,19
1900-01-01 10:05:00,DOWN,14.0,45.0,2.0,1.0,62.0,RTOChowk,r2,r2_15.csv,MEDIUM,44.5,28
1900-01-01 10:05:00,LEFT,86.0,53.0,4.0,22.0,165.0,RTOChowk,r2,r2_15.csv,VERY_HIGH,188.5,60
1900-01-01 10:05:00,RIGHT,13.0,3.0,0.0,1.0,17.0,RTOChowk,r2,r2_15.csv,MEDIUM,17.5,20
1900-01-01 10:05:00,UP,5.0,2.0,0.0,1.0,8.0,RTOChowk,r2,r2_15.csv,MEDIUM,9.0,18
1900-01-01 10:10:00,DOWN,19.0,41.0,4.0,3.0,67.0,RTOChowk,r2,r2_15.csv,MEDIUM,58.5,32
1900-01-01 10:10:00,LEFT,66.0,52.0,8.0,17.0,143.0,RTOChowk,r2,r2_15.csv,HIGH,163.0,60
1900-01-01 10:10:00,RIGHT,11.0,20.0,1.0,1.0,33.0,RTOChowk,r2,r2_15.csv,MEDIUM,26.5,23
1900-01-01 10:10:00,UP,8.0,8.0,1.0,0.0,17.0,RTOChowk,r2,r2_15.csv,MEDIUM,14.5,19
1900-01-01 10:15:00,DOWN,21.0,43.0,2.0,3.0,69.0,RTOChowk,r2,r2_15.csv,MEDIUM,56.5,31
1900-01-01 10:15:00,LEFT,76.0,41.0,12.0,13.0,142.0,RTOChowk,r2,r2_15.csv,HIGH,165.5,60
1900-01-01 10:15:00,RIGHT,6.0,12.0,1.0,4.0,23.0,RTOChowk,r2,r2_15.csv,MEDIUM,26.5,23
1900-01-01 10:15:00,UP,4.0,6.0,0.0,0.0,10.0,RTOChowk,r2,r2_15.csv,MEDIUM,7.0,17
1900-01-01 10:20:00,DOWN,18.0,67.0,1.0,3.0,89.0,RTOChowk,r2,r2_15.csv,HIGH,63.0,33
1900-01-01 10:20:00,LEFT,83.0,55.0,5.0,20.0,163.0,RTOChowk,r2,r2_15.csv,VERY_HIGH,183.0,60
1900-01-01 10:20:00,RIGHT,5.0,28.0,0.0,1.0,34.0,RTOChowk,r2,r2_15.csv,MEDIUM,22.0,21
1900-01-01 10:20:00,UP,5.0,5.0,1.0,0.0,11.0,RTOChowk,r2,r2_15.csv,MEDIUM,10.0,18
1900-01-01 10:25:00,DOWN,25.0,45.0,2.0,3.0,75.0,RTOChowk,r2,r2_15.csv,HIGH,61.5,33
1900-01-01 10:25:00,LEFT,76.0,31.0,4.0,14.0,125.0,RTOChowk,r2,r2_15.csv,HIGH,143.5,57
1900-01-01 10:25:00,RIGHT,14.0,28.0,0.0,0.0,42.0,RTOChowk,r2,r2_15.csv,MEDIUM,28.0,23
1900-01-01 10:25:00,UP,11.0,9.0,0.0,1.0,21.0,RTOChowk,r2,r2_15.csv,MEDIUM,18.5,20
1900-01-01 10:30:00,DOWN,20.0,22.0,1.0,1.0,44.0,RTOChowk,r2,r2_15.csv,MEDIUM,36.5,26
1900-01-01 10:30:00,LEFT,87.0,32.0,5.0,10.0,134.0,RTOChowk,r2,r2_15.csv,HIGH,145.5,57
1900-01-01 10:30:00,RIGHT,11.0,18.0,0.0,0.0,29.0,RTOChowk,r2,r2_15.csv,MEDIUM,20.0,21
1900-01-01 10:30:00,UP,6.0,3.0,0.0,2.0,11.0,RTOChowk,r2,r2_15.csv,MEDIUM,13.5,19
1900-01-01 10:35:00,DOWN,18.0,40.0,3.0,7.0,68.0,RTOChowk,r2,r2_15.csv,MEDIUM,66.5,34
1900-01-01 10:35:00,LEFT,85.0,28.0,4.0,15.0,132.0,RTOChowk,r2,r2_15.csv,HIGH,154.0,60
1900-01-01 10:35:00,RIGHT,12.0,16.0,2.0,2.0,32.0,RTOChowk,r2,r2_15.csv,MEDIUM,31.0,24
1900-01-01 10:35:00,UP,12.0,7.0,0.0,0.0,19.0,RTOChowk,r2,r2_15.csv,MEDIUM,15.5,19
1900-01-01 10:40:00,DOWN,15.0,26.0,2.0,2.0,45.0,RTOChowk,r2,r2_15.csv,MEDIUM,39.0,26
1900-01-01 10:40:00,LEFT,69.0,31.0,1.0,13.0,114.0,RTOChowk,r2,r2_15.csv,HIGH,126.0,51
1900-01-01 10:40:00,RIGHT,6.0,15.0,0.0,2.0,23.0,RTOChowk,r2,r2_15.csv,MEDIUM,19.5,21
1900-01-01 10:40:00,UP,10.0,1.0,0.0,0.0,11.0,RTOChowk,r2,r2_15.csv,MEDIUM,10.5,18
1900-01-01 10:45:00,DOWN,17.0,19.0,3.0,2.0,41.0,RTOChowk,r2,r2_15.csv,MEDIUM,40.0,27
1900-01-01 10:45:00,LEFT,72.0,55.0,4.0,23.0,154.0,RTOChowk,r2,r2_15.csv,VERY_HIGH,178.5,60
1900-01-01 10:45:00,RIGHT,13.0,7.0,4.0,1.0,25.0,RTOChowk,r2,r2_15.csv,MEDIUM,29.5,24
1900-01-01 10:45:00,UP,11.0,1.0,0.0,0.0,12.0,RTOChowk,r2,r2_15.csv,MEDIUM,11.5,18
1900-01-01 10:50:00,DOWN,18.0,40.0,3.0,3.0,64.0,RTOChowk,r2,r2_15.csv,MEDIUM,54.5,31
1900-01-01 10:50:00,LEFT,80.0,43.0,3.0,12.0,138.0,RTOChowk,r2,r2_15.csv,HIGH,145.0,57
1900-01-01 10:50:00,RIGHT,6.0,21.0,1.0,3.0,31.0,RTOChowk,r2,r2_15.csv,MEDIUM,28.0,23
1900-01-01 10:50:00,UP,8.0,7.0,0.0,0.0,15.0,RTOChowk,r2,r2_15.csv,MEDIUM,11.5,18
1900-01-01 10:55:00,DOWN,17.0,23.0,2.0,4.0,46.0,RTOChowk,r2,r2_15.csv,MEDIUM,45.5,28
1900-01-01 10:55:00,LEFT,102.0,41.0,12.0,15.0,170.0,RTOChowk,r2,r2_15.csv,VERY_HIGH,197.5,60
1900-01-01 10:55:00,RIGHT,7.0,11.0,0.0,1.0,19.0,RTOChowk,r2,r2_15.csv,MEDIUM,15.5,19
1900-01-01 10:55:00,UP,16.0,3.0,1.0,0.0,20.0,RTOChowk,r2,r2_15.csv,MEDIUM,20.0,21
1900-01-01 11:00:00,DOWN,27.0,57.0,0.0,3.0,87.0,RTOChowk,r2,r2_15.csv,HIGH,64.5,34
1900-01-01 11:00:00,LEFT,82.0,36.0,10.0,17.0,145.0,RTOChowk,r2,r2_15.csv,HIGH,176.0,60
1900-01-01 11:00:00,RIGHT,9.0,18.0,0.0,1.0,28.0,RTOChowk,r2,r2_15.csv,MEDIUM,21.0,21
1900-01-01 11:00:00,UP,13.0,17.0,1.0,0.0,31.0,RTOChowk,r2,r2_15.csv,MEDIUM,24.0,22
1900-01-01 11:05:00,DOWN,41.0,65.0,3.0,10.0,119.0,RTOChowk,r2,r2_15.csv,HIGH,111.0,47
1900-01-01 11:05:00,LEFT,63.0,43.0,8.0,8.0,122.0,RTOChowk,r2,r2_15.csv,HIGH,128.5,52
1900-01-01 11:05:00,RIGHT,17.0,20.0,0.0,1.0,38.0,RTOChowk,r2,r2_15.csv,MEDIUM,30.0,24
1900-01-01 11:05:00,UP,7.0,7.0,2.0,0.0,16.0,RTOChowk,r2,r2_15.csv,MEDIUM,15.5,19
1900-01-01 11:10:00,DOWN,21.0,48.0,1.0,2.0,72.0,RTOChowk,r2,r2_15.csv,MEDIUM,53.5,30
1900-01-01 11:10:00,LEFT,58.0,32.0,3.0,15.0,108.0,RTOChowk,r2,r2_15.csv,HIGH,126.5,52
1900-01-01 11:10:00,RIGHT,12.0,7.0,0.0,1.0,20.0,RTOChowk,r2,r2_15.csv,MEDIUM,18.5,20
1900-01-01 11:10:00,UP,15.0,9.0,1.0,2.0,27.0,RTOChowk,r2,r2_15.csv,MEDIUM,28.0,23
1900-01-01 11:15:00,DOWN,12.0,51.0,0.0,5.0,68.0,RTOChowk,r2,r2_15.csv,MEDIUM,52.5,30
1900-01-01 11:15:00,LEFT,86.0,30.0,10.0,29.0,155.0,RTOChowk,r2,r2_15.csv,VERY_HIGH,213.0,60
1900-01-01 11:15:00,RIGHT,5.0,13.0,0.0,2.0,20.0,RTOChowk,r2,r2_15.csv,MEDIUM,17.5,20
1900-01-01 11:15:00,UP,6.0,3.0,1.0,2.0,12.0,RTOChowk,r2,r2_15.csv,MEDIUM,16.0,20
1900-01-01 11:20:00,DOWN,25.0,64.0,3.0,4.0,96.0,RTOChowk,r2,r2_15.csv,HIGH,76.5,37
1900-01-01 11:20:00,LEFT,60.0,70.0,4.0,18.0,152.0,RTOChowk,r2,r2_15.csv,HIGH,159.0,60
1900-01-01 11:20:00,RIGHT,7.0,21.0,1.0,1.0,30.0,RTOChowk,r2,r2_15.csv,MEDIUM,23.0,22
1900-01-01 11:20:00,UP,9.0,3.0,1.0,0.0,13.0,RTOChowk,r2,r2_15.csv,MEDIUM,13.0,19
1900-01-01 11:25:00,DOWN,1.0,0.0,0.0,0.0,1.0,RTOChowk,r2,r2_15.csv,LOW,1.0,15
1900-01-01 11:25:00,LEFT,6.0,0.0,0.0,0.0,6.0,RTOChowk,r2,r2_15.csv,MEDIUM,6.0,17
1900-01-01 11:25:00,RIGHT,0.0,0.0,0.0,0.0,0.0,RTOChowk,r2,r2_15.csv,LOW,0.0,15
1900-01-01 11:25:00,UP,0.0,0.0,0.0,0.0,0.0,RTOChowk,r2,r2_15.csv,LOW,0.0,15
1900-01-01 08:55:00,DOWN,0.0,0.0,0.0,0.0,0.0,RTOChowk,r2,r2_11.csv,LOW,0.0,15
1900-01-01 08:55:00,LEFT,2.0,1.0,0.0,1.0,4.0,RTOChowk,r2,r2_11.csv,LOW,5.5,17
1900-01-01 08:55:00,RIGHT,0.0,0.0,0.0,0.0,0.0,RTOChowk,r2,r2_11.csv,LOW,0.0,15
1900-01-01 08:55:00,UP,0.0,0.0,0.0,0.0,0.0,RTOChowk,r2,r2_11.csv,LOW,0.0,15
1900-01-01 09:00:00,DOWN,6.0,23.0,0.0,3.0,32.0,RTOChowk,r2,r2_11.csv,MEDIUM,26.5,23
1900-01-01 09:00:00,LEFT,51.0,39.0,2.0,13.0,105.0,RTOChowk,r2,r2_11.csv,HIGH,114.5,48
1900-01-01 09:00:00,RIGHT,2.0,3.0,0.0,2.0,7.0,RTOChowk,r2,r2_11.csv,MEDIUM,9.5,18
1900-01-01 09:00:00,UP,5.0,5.0,0.0,1.0,11.0,RTOChowk,r2,r2_11.csv,MEDIUM,10.5,18
1900-01-01 09:05:00,DOWN,11.0,17.0,0.0,5.0,33.0,RTOChowk,r2,r2_11.csv,MEDIUM,34.5,25
1900-01-01 09:05:00,LEFT,31.0,48.0,8.0,26.0,113.0,RTOChowk,r2,r2_11.csv,HIGH,153.0,59
1900-01-01 09:05:00,RIGHT,3.0,5.0,1.0,0.0,9.0,RTOChowk,r2,r2_11.csv,MEDIUM,8.0,17
1900-01-01 09:05:00,UP,1.0,2.0,0.0,0.0,3.0,RTOChowk,r2,r2_11.csv,LOW,2.0,16
1900-01-01 09:10:00,DOWN,12.0,15.0,2.0,3.0,32.0,RTOChowk,r2,r2_11.csv,MEDIUM,33.5,25
1900-01-01 09:10:00,LEFT,25.0,55.0,5.0,28.0,113.0,RTOChowk,r2,r2_11.csv,HIGH,149.0,58
1900-01-01 09:10:00,RIGHT,8.0,2.0,1.0,2.0,13.0,RTOChowk,r2,r2_11.csv,MEDIUM,17.5,20
1900-01-01 09:10:00,UP,3.0,2.0,0.0,0.0,5.0,RTOChowk,r2,r2_11.csv,MEDIUM,4.0,16
1900-01-01 09:15:00,DOWN,14.0,24.0,1.0,1.0,40.0,RTOChowk,r2,r2_11.csv,MEDIUM,31.5,24
1900-01-01 09:15:00,LEFT,32.0,37.0,0.0,20.0,89.0,RTOChowk,r2,r2_11.csv,HIGH,110.5,47
1900-01-01 09:15:00,RIGHT,3.0,2.0,0.0,1.0,6.0,RTOChowk,r2,r2_11.csv,MEDIUM,7.0,17
1900-01-01 09:15:00,UP,5.0,3.0,2.0,1.0,11.0,RTOChowk,r2,r2_11.csv,MEDIUM,14.5,19
1900-01-01 09:20:00,DOWN,8.0,32.0,2.0,2.0,44.0,RTOChowk,r2,r2_11.csv,MEDIUM,35.0,25
1900-01-01 09:20:00,LEFT,44.0,38.0,8.0,26.0,116.0,RTOChowk,r2,r2_11.csv,HIGH,161.0,60
1900-01-01 09:20:00,RIGHT,0.0,6.0,0.0,1.0,7.0,RTOChowk,r2,r2_11.csv,MEDIUM,6.0,17
1900-01-01 09:20:00,UP,5.0,2.0,1.0,1.0,9.0,RTOChowk,r2,r2_11.csv,MEDIUM,11.5,18
1900-01-01 09:25:00,DOWN,5.0,19.0,3.0,4.0,31.0,RTOChowk,r2,r2_11.csv,MEDIUM,34.0,25
1900-01-01 09:25:00,LEFT,50.0,59.0,4.0,23.0,136.0,RTOChowk,r2,r2_11.csv,HIGH,158.5,60
1900-01-01 09:25:00,RIGHT,2.0,9.0,0.0,3.0,14.0,RTOChowk,r2,r2_11.csv,MEDIUM,15.5,19
1900-01-01 09:25:00,UP,6.0,6.0,2.0,1.0,15.0,RTOChowk,r2,r2_11.csv,MEDIUM,17.0,20
1900-01-01 09:30:00,DOWN,11.0,17.0,2.0,3.0,33.0,RTOChowk,r2,r2_11.csv,MEDIUM,33.5,25
1900-01-01 09:30:00,LEFT,36.0,48.0,3.0,15.0,102.0,RTOChowk,r2,r2_11.csv,HIGH,112.5,48
1900-01-01 09:30:00,RIGHT,2.0,7.0,0.0,2.0,11.0,RTOChowk,r2,r2_11.csv,MEDIUM,11.5,18
1900-01-01 09:30:00,UP,3.0,6.0,0.0,1.0,10.0,RTOChowk,r2,r2_11.csv,MEDIUM,9.0,18
1900-01-01 09:35:00,DOWN,10.0,25.0,0.0,3.0,38.0,RTOChowk,r2,r2_11.csv,MEDIUM,31.5,24
1900-01-01 09:35:00,LEFT,49.0,46.0,3.0,25.0,123.0,RTOChowk,r2,r2_11.csv,HIGH,154.5,60
1900-01-01 09:35:00,RIGHT,2.0,8.0,0.0,2.0,12.0,RTOChowk,r2,r2_11.csv,MEDIUM,12.0,18
1900-01-01 09:35:00,UP,2.0,4.0,2.0,0.0,8.0,RTOChowk,r2,r2_11.csv,MEDIUM,9.0,18
1900-01-01 09:40:00,DOWN,8.0,16.0,1.0,2.0,27.0,RTOChowk,r2,r2_11.csv,MEDIUM,24.5,22
1900-01-01 09:40:00,LEFT,34.0,35.0,6.0,17.0,92.0,RTOChowk,r2,r2_11.csv,HIGH,117.5,49
1900-01-01 09:40:00,RIGHT,6.0,6.0,1.0,0.0,13.0,RTOChowk,r2,r2_11.csv,MEDIUM,11.5,18
1900-01-01 09:40:00,UP,5.0,5.0,1.0,0.0,11.0,RTOChowk,r2,r2_11.csv,MEDIUM,10.0,18
1900-01-01 09:45:00,DOWN,7.0,35.0,1.0,3.0,46.0,RTOChowk,r2,r2_11.csv,MEDIUM,36.0,25
1900-01-01 09:45:00,LEFT,49.0,30.0,5.0,21.0,105.0,RTOChowk,r2,r2_11.csv,HIGH,139.5,55
1900-01-01 09:45:00,RIGHT,3.0,6.0,0.0,1.0,10.0,RTOChowk,r2,r2_11.csv,MEDIUM,9.0,18
1900-01-01 09:45:00,UP,5.0,1.0,1.0,1.0,8.0,RTOChowk,r2,r2_11.csv,MEDIUM,11.0,18
1900-01-01 09:50:00,DOWN,8.0,26.0,3.0,3.0,40.0,RTOChowk,r2,r2_11.csv,MEDIUM,37.5,26
1900-01-01 09:50:00,LEFT,45.0,60.0,4.0,30.0,139.0,RTOChowk,r2,r2_11.csv,HIGH,175.0,60
1900-01-01 09:50:00,RIGHT,2.0,9.0,1.0,3.0,15.0,RTOChowk,r2,r2_11.csv,MEDIUM,18.0,20
1900-01-01 09:50:00,UP,4.0,5.0,0.0,1.0,10.0,RTOChowk,r2,r2_11.csv,MEDIUM,9.5,18
1900-01-01 09:55:00,DOWN,12.0,21.0,3.0,1.0,37.0,RTOChowk,r2,r2_11.csv,MEDIUM,33.0,25
1900-01-01 09:55:00,LEFT,45.0,41.0,3.0,22.0,111.0,RTOChowk,r2,r2_11.csv,HIGH,139.0,55
1900-01-01 09:55:00,RIGHT,2.0,7.0,2.0,2.0,13.0,RTOChowk,r2,r2_11.csv,MEDIUM,16.5,20
1900-01-01 09:55:00,UP,3.0,4.0,2.0,1.0,10.0,RTOChowk,r2,r2_11.csv,MEDIUM,13.0,19
1900-01-01 10:00:00,DOWN,17.0,27.0,2.0,6.0,52.0,RTOChowk,r2,r2_11.csv,MEDIUM,53.5,30
1900-01-01 10:00:00,LEFT,44.0,54.0,5.0,35.0,138.0,RTOChowk,r2,r2_11.csv,HIGH,188.5,60
1900-01-01 10:00:00,RIGHT,5.0,10.0,1.0,0.0,16.0,RTOChowk,r2,r2_11.csv,MEDIUM,12.5,19
1900-01-01 10:00:00,UP,4.0,5.0,0.0,3.0,12.0,RTOChowk,r2,r2_11.csv,MEDIUM,15.5,19
1900-01-01 10:05:00,DOWN,12.0,20.0,0.0,2.0,34.0,RTOChowk,r2,r2_11.csv,MEDIUM,28.0,23
1900-01-01 10:05:00,LEFT,53.0,45.0,5.0,20.0,123.0,RTOChowk,r2,r2_11.csv,HIGH,148.0,58
1900-01-01 10:05:00,RIGHT,1.0,5.0,0.0,2.0,8.0,RTOChowk,r2,r2_11.csv,MEDIUM,9.5,18
1900-01-01 10:05:00,UP,1.0,3.0,0.0,0.0,4.0,RTOChowk,r2,r2_11.csv,LOW,2.5,16
1900-01-01 10:10:00,DOWN,10.0,21.0,0.0,3.0,34.0,RTOChowk,r2,r2_11.csv,MEDIUM,29.5,24
1900-01-01 10:10:00,LEFT,42.0,55.0,4.0,15.0,116.0,RTOChowk,r2,r2_11.csv,HIGH,124.5,51
1900-01-01 10:10:00,RIGHT,2.0,9.0,0.0,2.0,13.0,RTOChowk,r2,r2_11.csv,MEDIUM,12.5,19
1900-01-01 10:10:00,UP,3.0,5.0,0.0,1.0,9.0,RTOChowk,r2,r2_11.csv,MEDIUM,8.5,17
1900-01-01 10:15:00,DOWN,10.0,25.0,3.0,4.0,42.0,RTOChowk,r2,r2_11.csv,MEDIUM,42.0,27
1900-01-01 10:15:00,LEFT,40.0,36.0,8.0,11.0,95.0,RTOChowk,r2,r2_11.csv,HIGH,111.0,47
1900-01-01 10:15:00,RIGHT,2.0,9.0,0.0,2.0,13.0,RTOChowk,r2,r2_11.csv,MEDIUM,12.5,19
1900-01-01 10:15:00,UP,3.0,3.0,0.0,0.0,6.0,RTOChowk,r2,r2_11.csv,MEDIUM,4.5,16
1900-01-01 10:20:00,DOWN,20.0,34.0,3.0,5.0,62.0,RTOChowk,r2,r2_11.csv,MEDIUM,59.5,32
1900-01-01 10:20:00,LEFT,37.0,47.0,1.0,22.0,107.0,RTOChowk,r2,r2_11.csv,HIGH,129.0,52
1900-01-01 10:20:00,RIGHT,3.0,10.0,0.0,2.0,15.0,RTOChowk,r2,r2_11.csv,MEDIUM,14.0,19
1900-01-01 10:20:00,UP,1.0,3.0,0.0,0.0,4.0,RTOChowk,r2,r2_11.csv,LOW,2.5,16
1900-01-01 10:25:00,DOWN,7.0,21.0,1.0,2.0,31.0,RTOChowk,r2,r2_11.csv,MEDIUM,26.0,23
1900-01-01 10:25:00,LEFT,51.0,59.0,3.0,19.0,132.0,RTOChowk,r2,r2_11.csv,HIGH,145.0,57
1900-01-01 10:25:00,RIGHT,6.0,9.0,1.0,1.0,17.0,RTOChowk,r2,r2_11.csv,MEDIUM,16.0,20
1900-01-01 10:25:00,UP,6.0,2.0,0.0,0.0,8.0,RTOChowk,r2,r2_11.csv,MEDIUM,7.0,17
1900-01-01 10:30:00,DOWN,11.0,16.0,2.0,2.0,31.0,RTOChowk,r2,r2_11.csv,MEDIUM,30.0,24
1900-01-01 10:30:00,LEFT,55.0,31.0,5.0,26.0,117.0,RTOChowk,r2,r2_11.csv,HIGH,161.0,60
1900-01-01 10:30:00,RIGHT,8.0,9.0,2.0,1.0,20.0,RTOChowk,r2,r2_11.csv,MEDIUM,20.5,21
1900-01-01 10:30:00,UP,9.0,2.0,0.0,1.0,12.0,RTOChowk,r2,r2_11.csv,MEDIUM,13.0,19
1900-01-01 10:35:00,DOWN,16.0,19.0,1.0,1.0,37.0,RTOChowk,r2,r2_11.csv,MEDIUM,31.0,24
1900-01-01 10:35:00,LEFT,59.0,44.0,3.0,14.0,120.0,RTOChowk,r2,r2_11.csv,HIGH,130.5,53
1900-01-01 10:35:00,RIGHT,9.0,7.0,0.0,4.0,20.0,RTOChowk,r2,r2_11.csv,MEDIUM,24.5,22
1900-01-01 10:35:00,UP,10.0,2.0,1.0,1.0,14.0,RTOChowk,r2,r2_11.csv,MEDIUM,16.5,20
1900-01-01 10:40:00,DOWN,15.0,15.0,0.0,4.0,34.0,RTOChowk,r2,r2_11.csv,MEDIUM,34.5,25
1900-01-01 10:40:00,LEFT,56.0,23.0,7.0,20.0,106.0,RTOChowk,r2,r2_11.csv,HIGH,145.0,57
1900-01-01 10:40:00,RIGHT,5.0,2.0,0.0,3.0,10.0,RTOChowk,r2,r2_11.csv,MEDIUM,15.0,19
1900-01-01 10:40:00,UP,3.0,3.0,0.0,1.0,7.0,RTOChowk,r2,r2_11.csv,MEDIUM,7.5,17
1900-01-01 10:45:00,DOWN,17.0,15.0,1.0,4.0,37.0,RTOChowk,r2,r2_11.csv,MEDIUM,39.0,26
1900-01-01 10:45:00,LEFT,50.0,37.0,3.0,15.0,105.0,RTOChowk,r2,r2_11.csv,HIGH,121.0,50
1900-01-01 10:45:00,RIGHT,5.0,12.0,0.0,0.0,17.0,RTOChowk,r2,r2_11.csv,MEDIUM,11.0,18
1900-01-01 10:45:00,UP,14.0,4.0,0.0,0.0,18.0,RTOChowk,r2,r2_11.csv,MEDIUM,16.0,20
1900-01-01 10:50:00,DOWN,14.0,24.0,0.0,3.0,41.0,RTOChowk,r2,r2_11.csv,MEDIUM,35.0,25
1900-01-01 10:50:00,LEFT,75.0,53.0,1.0,23.0,152.0,RTOChowk,r2,r2_11.csv,HIGH,173.0,60
1900-01-01 10:50:00,RIGHT,6.0,11.0,0.0,2.0,19.0,RTOChowk,r2,r2_11.csv,MEDIUM,17.5,20
1900-01-01 10:50:00,UP,4.0,2.0,1.0,2.0,9.0,RTOChowk,r2,r2_11.csv,MEDIUM,13.5,19
1900-01-01 10:55:00,DOWN,10.0,15.0,4.0,3.0,32.0,RTOChowk,r2,r2_11.csv,MEDIUM,36.5,26
1900-01-01 10:55:00,LEFT,61.0,23.0,5.0,14.0,103.0,RTOChowk,r2,r2_11.csv,HIGH,127.0,52
1900-01-01 10:55:00,RIGHT,5.0,14.0,2.0,0.0,21.0,RTOChowk,r2,r2_11.csv,MEDIUM,17.0,20
1900-01-01 10:55:00,UP,9.0,1.0,0.0,0.0,10.0,RTOChowk,r2,r2_11.csv,MEDIUM,9.5,18
1900-01-01 11:00:00,DOWN,8.0,10.0,0.0,4.0,22.0,RTOChowk,r2,r2_11.csv,MEDIUM,25.0,22
1900-01-01 11:00:00,LEFT,55.0,51.0,7.0,20.0,133.0,RTOChowk,r2,r2_11.csv,HIGH,158.0,60
1900-01-01 11:00:00,RIGHT,5.0,6.0,0.0,8.0,19.0,RTOChowk,r2,r2_11.csv,MEDIUM,32.0,24
1900-01-01 11:00:00,UP,4.0,5.0,0.0,0.0,9.0,RTOChowk,r2,r2_11.csv,MEDIUM,6.5,17
1900-01-01 11:05:00,DOWN,8.0,22.0,0.0,3.0,33.0,RTOChowk,r2,r2_11.csv,MEDIUM,28.0,23
1900-01-01 11:05:00,LEFT,62.0,52.0,8.0,23.0,145.0,RTOChowk,r2,r2_11.csv,HIGH,177.0,60
1900-01-01 11:05:00,RIGHT,4.0,11.0,1.0,2.0,18.0,RTOChowk,r2,r2_11.csv,MEDIUM,18.0,20
1900-01-01 11:05:00,UP,8.0,5.0,2.0,1.0,16.0,RTOChowk,r2,r2_11.csv,MEDIUM,18.5,20
1900-01-01 11:10:00,DOWN,6.0,26.0,3.0,4.0,39.0,RTOChowk,r2,r2_11.csv,MEDIUM,38.5,26
1900-01-01 11:10:00,LEFT,57.0,33.0,1.0,26.0,117.0,RTOChowk,r2,r2_11.csv,HIGH,154.0,60
1900-01-01 11:10:00,RIGHT,3.0,5.0,0.0,2.0,10.0,RTOChowk,r2,r2_11.csv,MEDIUM,11.5,18
1900-01-01 11:10:00,UP,2.0,3.0,0.0,0.0,5.0,RTOChowk,r2,r2_11.csv,MEDIUM,3.5,16
1900-01-01 11:15:00,DOWN,9.0,19.0,0.0,3.0,31.0,RTOChowk,r2,r2_11.csv,MEDIUM,27.5,23
1900-01-01 11:15:00,LEFT,58.0,34.0,3.0,23.0,118.0,RTOChowk,r2,r2_11.csv,HIGH,151.5,59
1900-01-01 11:15:00,RIGHT,3.0,10.0,0.0,1.0,14.0,RTOChowk,r2,r2_11.csv,MEDIUM,11.0,18
1900-01-01 11:15:00,UP,6.0,4.0,0.0,0.0,10.0,RTOChowk,r2,r2_11.csv,MEDIUM,8.0,17
1900-01-01 11:20:00,DOWN,13.0,34.0,0.0,0.0,47.0,RTOChowk,r2,r2_11.csv,MEDIUM,30.0,24
1900-01-01 11:20:00,LEFT,57.0,37.0,4.0,17.0,115.0,RTOChowk,r2,r2_11.csv,HIGH,136.5,55
1900-01-01 11:20:00,RIGHT,1.0,15.0,0.0,1.0,17.0,RTOChowk,r2,r2_11.csv,MEDIUM,11.5,18
1900-01-01 11:20:00,UP,5.0,0.0,1.0,2.0,8.0,RTOChowk,r2,r2_11.csv,MEDIUM,13.5,19
1900-01-01 11:25:00,DOWN,0.0,2.0,0.0,0.0,2.0,RTOChowk,r2,r2_11.csv,LOW,1.0,15
1900-01-01 11:25:00,LEFT,13.0,1.0,2.0,2.0,18.0,RTOChowk,r2,r2_11.csv,MEDIUM,24.5,22
1900-01-01 11:25:00,RIGHT,0.0,0.0,0.0,0.0,0.0,RTOChowk,r2,r2_11.csv,LOW,0.0,15
1900-01-01 11:25:00,UP,0.0,0.0,0.0,0.0,0.0,RTOChowk,r2,r2_11.csv,LOW,0.0,15
1900-01-01 08:55:00,DOWN,0.0,0.0,0.0,0.0,0.0,RTOChowk,r2,r2_12.csv,LOW,0.0,15
1900-01-01 08:55:00,LEFT,1.0,2.0,0.0,0.0,3.0,RTOChowk,r2,r2_12.csv,LOW,2.0,16
1900-01-01 08:55:00,RIGHT,0.0,0.0,0.0,0.0,0.0,RTOChowk,r2,r2_12.csv,LOW,0.0,15
1900-01-01 08:55:00,UP,0.0,0.0,0.0,0.0,0.0,RTOChowk,r2,r2_12.csv,LOW,0.0,15
1900-01-01 09:00:00,DOWN,28.0,71.0,0.0,1.0,100.0,RTOChowk,r2,r2_12.csv,HIGH,66.5,34
1900-01-01 09:00:00,LEFT,71.0,42.0,5.0,14.0,132.0,RTOChowk,r2,r2_12.csv,HIGH,146.5,57
1900-01-01 09:00:00,RIGHT,9.0,31.0,1.0,0.0,41.0,RTOChowk,r2,r2_12.csv,MEDIUM,27.0,23
1900-01-01 09:00:00,UP,9.0,10.0,0.0,1.0,20.0,RTOChowk,r2,r2_12.csv,MEDIUM,17.0,20
1900-01-01 09:05:00,DOWN,26.0,68.0,1.0,1.0,96.0,RTOChowk,r2,r2_12.csv,HIGH,65.5,34
1900-01-01 09:05:00,LEFT,80.0,57.0,5.0,11.0,153.0,RTOChowk,r2,r2_12.csv,HIGH,154.0,60
1900-01-01 09:05:00,RIGHT,3.0,23.0,0.0,0.0,26.0,RTOChowk,r2,r2_12.csv,MEDIUM,14.5,19
1900-01-01 09:05:00,UP,6.0,13.0,0.0,1.0,20.0,RTOChowk,r2,r2_12.csv,MEDIUM,15.5,19
1900-01-01 09:10:00,DOWN,24.0,77.0,0.0,2.0,103.0,RTOChowk,r2,r2_12.csv,HIGH,68.5,35
1900-01-01 09:10:00,LEFT,74.0,39.0,1.0,11.0,125.0,RTOChowk,r2,r2_12.csv,HIGH,129.0,52
1900-01-01 09:10:00,RIGHT,5.0,24.0,0.0,3.0,32.0,RTOChowk,r2,r2_12.csv,MEDIUM,26.0,23
1900-01-01 09:10:00,UP,10.0,12.0,0.0,1.0,23.0,RTOChowk,r2,r2_12.csv,MEDIUM,19.0,20
1900-01-01 09:15:00,DOWN,26.0,61.0,1.0,2.0,90.0,RTOChowk,r2,r2_12.csv,HIGH,65.0,34
1900-01-01 09:15:00,LEFT,74.0,49.0,2.0,14.0,139.0,RTOChowk,r2,r2_12.csv,HIGH,145.5,57
1900-01-01 09:15:00,RIGHT,7.0,28.0,0.0,1.0,36.0,RTOChowk,r2,r2_12.csv,MEDIUM,24.0,22
1900-01-01 09:15:00,UP,7.0,13.0,1.0,0.0,21.0,RTOChowk,r2,r2_12.csv,MEDIUM,16.0,20
1900-01-01 09:20:00,DOWN,12.0,61.0,1.0,2.0,76.0,RTOChowk,r2,r2_12.csv,HIGH,51.0,30
1900-01-01 09:20:00,LEFT,80.0,47.0,3.0,8.0,138.0,RTOChowk,r2,r2_12.csv,HIGH,135.0,54
1900-01-01 09:20:00,RIGHT,6.0,30.0,1.0,1.0,38.0,RTOChowk,r2,r2_12.csv,MEDIUM,26.5,23
1900-01-01 09:20:00,UP,5.0,12.0,1.0,0.0,18.0,RTOChowk,r2,r2_12.csv,MEDIUM,13.5,19
1900-01-01 09:25:00,DOWN,24.0,67.0,1.0,2.0,94.0,RTOChowk,r2,r2_12.csv,HIGH,66.0,34
1900-01-01 09:25:00,LEFT,85.0,44.0,1.0,4.0,134.0,RTOChowk,r2,r2_12.csv,HIGH,121.5,50
1900-01-01 09:25:00,RIGHT,9.0,24.0,0.0,2.0,35.0,RTOChowk,r2,r2_12.csv,MEDIUM,27.0,23
1900-01-01 09:25:00,UP,3.0,9.0,0.0,0.0,12.0,RTOChowk,r2,r2_12.csv,MEDIUM,7.5,17
1900-01-01 09:30:00,DOWN,24.0,61.0,0.0,1.0,86.0,RTOChowk,r2,r2_12.csv,HIGH,57.5,32
1900-01-01 09:30:00,LEFT,85.0,54.0,3.0,12.0,154.0,RTOChowk,r2,r2_12.csv,VERY_HIGH,155.5,60
1900-01-01 09:30:00,RIGHT,6.0,41.0,0.0,0.0,47.0,RTOChowk,r2,r2_12.csv,MEDIUM,26.5,23
1900-01-01 09:30:00,UP,7.0,14.0,0.0,0.0,21.0,RTOChowk,r2,r2_12.csv,MEDIUM,14.0,19
1900-01-01 09:35:00,DOWN,23.0,63.0,2.0,4.0,92.0,RTOChowk,r2,r2_12.csv,HIGH,71.5,36
1900-01-01 09:35:00,LEFT,89.0,73.0,3.0,13.0,178.0,RTOChowk,r2,r2_12.csv,VERY_HIGH,172.0,60
1900-01-01 09:35:00,RIGHT,5.0,28.0,0.0,1.0,34.0,RTOChowk,r2,r2_12.csv,MEDIUM,22.0,21
1900-01-01 09:35:00,UP,9.0,17.0,0.0,1.0,27.0,RTOChowk,r2,r2_12.csv,MEDIUM,20.5,21
1900-01-01 09:40:00,DOWN,28.0,82.0,0.0,4.0,114.0,RTOChowk,r2,r2_12.csv,HIGH,81.0,38
1900-01-01 09:40:00,LEFT,89.0,57.0,5.0,17.0,168.0,RTOChowk,r2,r2_12.csv,VERY_HIGH,181.0,60
1900-01-01 09:40:00,RIGHT,6.0,25.0,0.0,1.0,32.0,RTOChowk,r2,r2_12.csv,MEDIUM,21.5,21
1900-01-01 09:40:00,UP,9.0,11.0,1.0,0.0,21.0,RTOChowk,r2,r2_12.csv,MEDIUM,17.0,20
1900-01-01 09:45:00,DOWN,16.0,69.0,4.0,1.0,90.0,RTOChowk,r2,r2_12.csv,HIGH,63.5,33
1900-01-01 09:45:00,LEFT,73.0,62.0,5.0,9.0,149.0,RTOChowk,r2,r2_12.csv,HIGH,143.5,57
1900-01-01 09:45:00,RIGHT,9.0,20.0,0.0,0.0,29.0,RTOChowk,r2,r2_12.csv,MEDIUM,19.0,20
1900-01-01 09:45:00,UP,12.0,14.0,1.0,0.0,27.0,RTOChowk,r2,r2_12.csv,MEDIUM,21.5,21
1900-01-01 09:50:00,DOWN,24.0,70.0,2.0,1.0,97.0,RTOChowk,r2,r2_12.csv,HIGH,67.0,34
1900-01-01 09:50:00,LEFT,79.0,46.0,4.0,13.0,142.0,RTOChowk,r2,r2_12.csv,HIGH,151.0,59
1900-01-01 09:50:00,RIGHT,12.0,35.0,0.0,1.0,48.0,RTOChowk,r2,r2_12.csv,MEDIUM,32.5,24
1900-01-01 09:50:00,UP,10.0,20.0,1.0,0.0,31.0,RTOChowk,r2,r2_12.csv,MEDIUM,22.5,22
1900-01-01 09:55:00,DOWN,17.0,42.0,1.0,2.0,62.0,RTOChowk,r2,r2_12.csv,MEDIUM,46.5,28
1900-01-01 09:55:00,LEFT,89.0,46.0,3.0,6.0,144.0,RTOChowk,r2,r2_12.csv,HIGH,137.5,55
1900-01-01 09:55:00,RIGHT,5.0,30.0,0.0,1.0,36.0,RTOChowk,r2,r2_12.csv,MEDIUM,23.0,22
1900-01-01 09:55:00,UP,6.0,8.0,0.0,0.0,14.0,RTOChowk,r2,r2_12.csv,MEDIUM,10.0,18
1900-01-01 10:00:00,DOWN,23.0,49.0,0.0,1.0,73.0,RTOChowk,r2,r2_12.csv,MEDIUM,50.5,30
1900-01-01 10:00:00,LEFT,86.0,64.0,3.0,12.0,165.0,RTOChowk,r2,r2_12.csv,VERY_HIGH,161.5,60
1900-01-01 10:00:00,RIGHT,5.0,36.0,0.0,1.0,42.0,RTOChowk,r2,r2_12.csv,MEDIUM,26.0,23
1900-01-01 10:00:00,UP,9.0,12.0,1.0,1.0,23.0,RTOChowk,r2,r2_12.csv,MEDIUM,20.5,21
1900-01-01 10:05:00,DOWN,21.0,51.0,2.0,0.0,74.0,RTOChowk,r2,r2_12.csv,MEDIUM,51.5,30
1900-01-01 10:05:00,LEFT,70.0,65.0,6.0,10.0,151.0,RTOChowk,r2,r2_12.csv,HIGH,147.5,58
1900-01-01 10:05:00,RIGHT,12.0,21.0,0.0,2.0,35.0,RTOChowk,r2,r2_12.csv,MEDIUM,28.5,23
1900-01-01 10:05:00,UP,8.0,7.0,0.0,2.0,17.0,RTOChowk,r2,r2_12.csv,MEDIUM,17.5,20
1900-01-01 10:10:00,DOWN,14.0,62.0,0.0,1.0,77.0,RTOChowk,r2,r2_12.csv,HIGH,48.0,29
1900-01-01 10:10:00,LEFT,90.0,39.0,6.0,9.0,144.0,RTOChowk,r2,r2_12.csv,HIGH,151.5,59
1900-01-01 10:10:00,RIGHT,8.0,27.0,1.0,1.0,37.0,RTOChowk,r2,r2_12.csv,MEDIUM,27.0,23
1900-01-01 10:10:00,UP,10.0,10.0,0.0,0.0,20.0,RTOChowk,r2,r2_12.csv,MEDIUM,15.0,19
1900-01-01 10:15:00,DOWN,28.0,70.0,0.0,0.0,98.0,RTOChowk,r2,r2_12.csv,HIGH,63.0,33
1900-01-01 10:15:00,LEFT,69.0,59.0,4.0,15.0,147.0,RTOChowk,r2,r2_12.csv,HIGH,153.5,59
1900-01-01 10:15:00,RIGHT,9.0,27.0,0.0,3.0,39.0,RTOChowk,r2,r2_12.csv,MEDIUM,31.5,24
1900-01-01 10:15:00,UP,13.0,6.0,1.0,0.0,20.0,RTOChowk,r2,r2_12.csv,MEDIUM,18.5,20
1900-01-01 10:20:00,DOWN,22.0,54.0,3.0,2.0,81.0,RTOChowk,r2,r2_12.csv,HIGH,62.5,33
1900-01-01 10:20:00,LEFT,65.0,68.0,3.0,15.0,151.0,RTOChowk,r2,r2_12.csv,HIGH,151.5,59
1900-01-01 10:20:00,RIGHT,8.0,24.0,3.0,0.0,35.0,RTOChowk,r2,r2_12.csv,MEDIUM,27.5,23
1900-01-01 10:20:00,UP,9.0,21.0,1.0,1.0,32.0,RTOChowk,r2,r2_12.csv,MEDIUM,25.0,22
1900-01-01 10:25:00,DOWN,19.0,52.0,0.0,2.0,73.0,RTOChowk,r2,r2_12.csv,MEDIUM,51.0,30
1900-01-01 10:25:00,LEFT,81.0,54.0,4.0,9.0,148.0,RTOChowk,r2,r2_12.csv,HIGH,145.0,57
1900-01-01 10:25:00,RIGHT,5.0,26.0,0.0,0.0,31.0,RTOChowk,r2,r2_12.csv,MEDIUM,18.0,20
1900-01-01 10:25:00,UP,14.0,15.0,0.0,1.0,30.0,RTOChowk,r2,r2_12.csv,MEDIUM,24.5,22
1900-01-01 10:30:00,DOWN,20.0,57.0,0.0,1.0,78.0,RTOChowk,r2,r2_12.csv,HIGH,51.5,30
1900-01-01 10:30:00,LEFT,77.0,83.0,2.0,17.0,179.0,RTOChowk,r2,r2_12.csv,VERY_HIGH,174.5,60
1900-01-01 10:30:00,RIGHT,5.0,30.0,1.0,0.0,36.0,RTOChowk,r2,r2_12.csv,MEDIUM,22.5,22
1900-01-01 10:30:00,UP,13.0,5.0,0.0,1.0,19.0,RTOChowk,r2,r2_12.csv,MEDIUM,18.5,20
1900-01-01 10:35:00,DOWN,24.0,49.0,0.0,0.0,73.0,RTOChowk,r2,r2_12.csv,MEDIUM,48.5,29
1900-01-01 10:35:00,LEFT,72.0,48.0,3.0,13.0,136.0,RTOChowk,r2,r2_12.csv,HIGH,142.5,56
1900-01-01 10:35:00,RIGHT,10.0,14.0,0.0,1.0,25.0,RTOChowk,r2,r2_12.csv,MEDIUM,20.0,21
1900-01-01 10:35:00,UP,13.0,6.0,1.0,1.0,21.0,RTOChowk,r2,r2_12.csv,MEDIUM,21.5,21
1900-01-01 10:40:00,DOWN,21.0,51.0,0.0,0.0,72.0,RTOChowk,r2,r2_12.csv,MEDIUM,46.5,28
1900-01-01 10:40:00,LEFT,85.0,62.0,4.0,14.0,165.0,RTOChowk,r2,r2_12.csv,VERY_HIGH,168.0,60
1900-01-01 10:40:00,RIGHT,7.0,22.0,0.0,0.0,29.0,RTOChowk,r2,r2_12.csv,MEDIUM,18.0,20
1900-01-01 10:40:00,UP,5.0,11.0,0.0,0.0,16.0,RTOChowk,r2,r2_12.csv,MEDIUM,10.5,18
1900-01-01 10:45:00,DOWN,22.0,37.0,0.0,0.0,59.0,RTOChowk,r2,r2_12.csv,MEDIUM,40.5,27
1900-01-01 10:45:00,LEFT,101.0,40.0,5.0,12.0,158.0,RTOChowk,r2,r2_12.csv,VERY_HIGH,169.5,60
1900-01-01 10:45:00,RIGHT,7.0,23.0,0.0,2.0,32.0,RTOChowk,r2,r2_12.csv,MEDIUM,24.5,22
1900-01-01 10:45:00,UP,6.0,7.0,0.0,2.0,15.0,RTOChowk,r2,r2_12.csv,MEDIUM,15.5,19
1900-01-01 10:50:00,DOWN,22.0,68.0,1.0,1.0,92.0,RTOChowk,r2,r2_12.csv,HIGH,61.5,33
1900-01-01 10:50:00,LEFT,75.0,62.0,4.0,9.0,150.0,RTOChowk,r2,r2_12.csv,HIGH,143.0,56
1900-01-01 10:50:00,RIGHT,4.0,20.0,1.0,0.0,25.0,RTOChowk,r2,r2_12.csv,MEDIUM,16.5,20
1900-01-01 10:50:00,UP,6.0,6.0,0.0,0.0,12.0,RTOChowk,r2,r2_12.csv,MEDIUM,9.0,18
1900-01-01 10:55:00,DOWN,18.0,58.0,1.0,1.0,78.0,RTOChowk,r2,r2_12.csv,HIGH,52.5,30
1900-01-01 10:55:00,LEFT,71.0,28.0,8.0,22.0,129.0,RTOChowk,r2,r2_12.csv,HIGH,171.0,60
1900-01-01 10:55:00,RIGHT,7.0,22.0,0.0,0.0,29.0,RTOChowk,r2,r2_12.csv,MEDIUM,18.0,20
1900-01-01 10:55:00,UP,7.0,5.0,0.0,0.0,12.0,RTOChowk,r2,r2_12.csv,MEDIUM,9.5,18
1900-01-01 11:00:00,DOWN,13.0,64.0,0.0,1.0,78.0,RTOChowk,r2,r2_12.csv,HIGH,48.0,29
1900-01-01 11:00:00,LEFT,81.0,25.0,5.0,10.0,121.0,RTOChowk,r2,r2_12.csv,HIGH,136.0,54
1900-01-01 11:00:00,RIGHT,6.0,11.0,0.0,0.0,17.0,RTOChowk,r2,r2_12.csv,MEDIUM,11.5,18
1900-01-01 11:00:00,UP,8.0,10.0,0.0,0.0,18.0,RTOChowk,r2,r2_12.csv,MEDIUM,13.0,19
1900-01-01 11:05:00,DOWN,19.0,52.0,1.0,0.0,72.0,RTOChowk,r2,r2_12.csv,MEDIUM,47.5,29
1900-01-01 11:05:00,LEFT,83.0,73.0,5.0,12.0,173.0,RTOChowk,r2,r2_12.csv,VERY_HIGH,168.0,60
1900-01-01 11:05:00,RIGHT,4.0,27.0,0.0,2.0,33.0,RTOChowk,r2,r2_12.csv,MEDIUM,23.5,22
1900-01-01 11:05:00,UP,9.0,11.0,0.0,0.0,20.0,RTOChowk,r2,r2_12.csv,MEDIUM,14.5,19
1900-01-01 11:10:00,DOWN,16.0,39.0,2.0,1.0,58.0,RTOChowk,r2,r2_12.csv,MEDIUM,43.5,28
1900-01-01 11:10:00,LEFT,68.0,46.0,5.0,8.0,127.0,RTOChowk,r2,r2_12.csv,HIGH,127.5,52
1900-01-01 11:10:00,RIGHT,2.0,16.0,1.0,0.0,19.0,RTOChowk,r2,r2_12.csv,MEDIUM,12.5,19
1900-01-01 11:10:00,UP,12.0,12.0,0.0,0.0,24.0,RTOChowk,r2,r2_12.csv,MEDIUM,18.0,20
1900-01-01 11:15:00,DOWN,14.0,48.0,0.0,2.0,64.0,RTOChowk,r2,r2_12.csv,MEDIUM,44.0,28
1900-01-01 11:15:00,LEFT,69.0,43.0,4.0,9.0,125.0,RTOChowk,r2,r2_12.csv,HIGH,127.5,52
1900-01-01 11:15:00,RIGHT,6.0,21.0,0.0,0.0,27.0,RTOChowk,r2,r2_12.csv,MEDIUM,16.5,20
1900-01-01 11:15:00,UP,6.0,8.0,0.0,1.0,15.0,RTOChowk,r2,r2_12.csv,MEDIUM,13.0,19
1900-01-01 11:20:00,DOWN,11.0,48.0,0.0,0.0,59.0,RTOChowk,r2,r2_12.csv,MEDIUM,35.0,25
1900-01-01 11:20:00,LEFT,71.0,48.0,6.0,13.0,138.0,RTOChowk,r2,r2_12.csv,HIGH,149.0,58
1900-01-01 11:20:00,RIGHT,5.0,20.0,0.0,0.0,25.0,RTOChowk,r2,r2_12.csv,MEDIUM,15.0,19
1900-01-01 11:20:00,UP,7.0,6.0,0.0,0.0,13.0,RTOChowk,r2,r2_12.csv,MEDIUM,10.0,18
1900-01-01 11:25:00,DOWN,4.0,9.0,0.0,0.0,13.0,RTOChowk,r2,r2_12.csv,MEDIUM,8.5,17
1900-01-01 11:25:00,LEFT,20.0,17.0,0.0,4.0,41.0,RTOChowk,r2,r2_12.csv,MEDIUM,40.5,27
1900-01-01 11:25:00,RIGHT,1.0,8.0,0.0,0.0,9.0,RTOChowk,r2,r2_12.csv,MEDIUM,5.0,16
1900-01-01 11:25:00,UP,0.0,1.0,0.0,0.0,1.0,RTOChowk,r2,r2_12.csv,LOW,0.5,15
1900-01-01 08:55:00,DOWN,0.0,0.0,0.0,0.0,0.0,RTOChowk,r2,r2_13.csv,LOW,0.0,15
1900-01-01 08:55:00,LEFT,0.0,3.0,0.0,0.0,3.0,RTOChowk,r2,r2_13.csv,LOW,1.5,15
1900-01-01 08:55:00,RIGHT,0.0,1.0,0.0,0.0,1.0,RTOChowk,r2,r2_13.csv,LOW,0.5,15
1900-01-01 08:55:00,UP,0.0,0.0,0.0,0.0,0.0,RTOChowk,r2,r2_13.csv,LOW,0.0,15
1900-01-01 09:00:00,DOWN,25.0,58.0,0.0,1.0,84.0,RTOChowk,r2,r2_13.csv,HIGH,57.0,31
1900-01-01 09:00:00,LEFT,57.0,52.0,3.0,12.0,124.0,RTOChowk,r2,r2_13.csv,HIGH,126.5,52
1900-01-01 09:00:00,RIGHT,6.0,18.0,0.0,0.0,24.0,RTOChowk,r2,r2_13.csv,MEDIUM,15.0,19
1900-01-01 09:00:00,UP,6.0,8.0,0.0,3.0,17.0,RTOChowk,r2,r2_13.csv,MEDIUM,19.0,20
1900-01-01 09:05:00,DOWN,12.0,53.0,0.0,1.0,66.0,RTOChowk,r2,r2_13.csv,MEDIUM,41.5,27
1900-01-01 09:05:00,LEFT,53.0,78.0,5.0,9.0,145.0,RTOChowk,r2,r2_13.csv,HIGH,131.5,53
1900-01-01 09:05:00,RIGHT,6.0,26.0,0.0,0.0,32.0,RTOChowk,r2,r2_13.csv,MEDIUM,19.0,20
1900-01-01 09:05:00,UP,4.0,8.0,1.0,1.0,14.0,RTOChowk,r2,r2_13.csv,MEDIUM,13.5,19
1900-01-01 09:10:00,DOWN,15.0,66.0,0.0,0.0,81.0,RTOChowk,r2,r2_13.csv,HIGH,48.0,29
1900-01-01 09:10:00,LEFT,72.0,67.0,2.0,7.0,148.0,RTOChowk,r2,r2_13.csv,HIGH,131.5,53
1900-01-01 09:10:00,RIGHT,2.0,31.0,0.0,0.0,33.0,RTOChowk,r2,r2_13.csv,MEDIUM,17.5,20
1900-01-01 09:10:00,UP,3.0,9.0,0.0,0.0,12.0,RTOChowk,r2,r2_13.csv,MEDIUM,7.5,17
1900-01-01 09:15:00,DOWN,19.0,62.0,0.0,2.0,83.0,RTOChowk,r2,r2_13.csv,HIGH,56.0,31
1900-01-01 09:15:00,LEFT,59.0,75.0,4.0,2.0,140.0,RTOChowk,r2,r2_13.csv,HIGH,112.5,48
1900-01-01 09:15:00,RIGHT,8.0,27.0,0.0,1.0,36.0,RTOChowk,r2,r2_13.csv,MEDIUM,24.5,22
1900-01-01 09:15:00,UP,6.0,8.0,0.0,1.0,15.0,RTOChowk,r2,r2_13.csv,MEDIUM,13.0,19
1900-01-01 09:20:00,DOWN,14.0,70.0,0.0,0.0,84.0,RTOChowk,r2,r2_13.csv,HIGH,49.0,29
1900-01-01 09:20:00,LEFT,70.0,45.0,4.0,5.0,124.0,RTOChowk,r2,r2_13.csv,HIGH,117.5,49
1900-01-01 09:20:00,RIGHT,7.0,62.0,0.0,0.0,69.0,RTOChowk,r2,r2_13.csv,MEDIUM,38.0,26
1900-01-01 09:20:00,UP,9.0,7.0,3.0,0.0,19.0,RTOChowk,r2,r2_13.csv,MEDIUM,20.0,21
1900-01-01 09:25:00,DOWN,25.0,68.0,0.0,0.0,93.0,RTOChowk,r2,r2_13.csv,HIGH,59.0,32
1900-01-01 09:25:00,LEFT,82.0,84.0,2.0,5.0,173.0,RTOChowk,r2,r2_13.csv,VERY_HIGH,144.0,57
1900-01-01 09:25:00,RIGHT,6.0,28.0,0.0,0.0,34.0,RTOChowk,r2,r2_13.csv,MEDIUM,20.0,21
1900-01-01 09:25:00,UP,8.0,20.0,0.0,1.0,29.0,RTOChowk,r2,r2_13.csv,MEDIUM,21.0,21
1900-01-01 09:30:00,DOWN,17.0,78.0,0.0,2.0,97.0,RTOChowk,r2,r2_13.csv,HIGH,62.0,33
1900-01-01 09:30:00,LEFT,58.0,65.0,4.0,11.0,138.0,RTOChowk,r2,r2_13.csv,HIGH,133.5,54
1900-01-01 09:30:00,RIGHT,7.0,20.0,0.0,2.0,29.0,RTOChowk,r2,r2_13.csv,MEDIUM,23.0,22
1900-01-01 09:30:00,UP,5.0,16.0,0.0,1.0,22.0,RTOChowk,r2,r2_13.csv,MEDIUM,16.0,20
1900-01-01 09:35:00,DOWN,23.0,46.0,0.0,0.0,69.0,RTOChowk,r2,r2_13.csv,MEDIUM,46.0,28
1900-01-01 09:35:00,LEFT,76.0,66.0,2.0,9.0,153.0,RTOChowk,r2,r2_13.csv,HIGH,141.0,56
1900-01-01 09:35:00,RIGHT,5.0,25.0,1.0,0.0,31.0,RTOChowk,r2,r2_13.csv,MEDIUM,20.0,21
1900-01-01 09:35:00,UP,12.0,12.0,1.0,1.0,26.0,RTOChowk,r2,r2_13.csv,MEDIUM,23.5,22
1900-01-01 09:40:00,DOWN,18.0,44.0,0.0,0.0,62.0,RTOChowk,r2,r2_13.csv,MEDIUM,40.0,27
1900-01-01 09:40:00,LEFT,76.0,93.0,3.0,11.0,183.0,RTOChowk,r2,r2_13.csv,VERY_HIGH,163.0,60
1900-01-01 09:40:00,RIGHT,5.0,15.0,0.0,0.0,20.0,RTOChowk,r2,r2_13.csv,MEDIUM,12.5,19
1900-01-01 09:40:00,UP,12.0,14.0,0.0,0.0,26.0,RTOChowk,r2,r2_13.csv,MEDIUM,19.0,20
1900-01-01 09:45:00,DOWN,19.0,63.0,0.0,0.0,82.0,RTOChowk,r2,r2_13.csv,HIGH,50.5,30
1900-01-01 09:45:00,LEFT,64.0,56.0,4.0,9.0,133.0,RTOChowk,r2,r2_13.csv,HIGH,129.0,52
1900-01-01 09:45:00,RIGHT,6.0,43.0,0.0,0.0,49.0,RTOChowk,r2,r2_13.csv,MEDIUM,27.5,23
1900-01-01 09:45:00,UP,6.0,12.0,0.0,0.0,18.0,RTOChowk,r2,r2_13.csv,MEDIUM,12.0,18
1900-01-01 09:50:00,DOWN,9.0,78.0,1.0,0.0,88.0,RTOChowk,r2,r2_13.csv,HIGH,50.5,30
1900-01-01 09:50:00,LEFT,64.0,73.0,5.0,15.0,157.0,RTOChowk,r2,r2_13.csv,VERY_HIGH,158.0,60
1900-01-01 09:50:00,RIGHT,5.0,24.0,0.0,0.0,29.0,RTOChowk,r2,r2_13.csv,MEDIUM,17.0,20
1900-01-01 09:50:00,UP,7.0,10.0,0.0,0.0,17.0,RTOChowk,r2,r2_13.csv,MEDIUM,12.0,18
1900-01-01 09:55:00,DOWN,21.0,75.0,0.0,0.0,96.0,RTOChowk,r2,r2_13.csv,HIGH,58.5,32
1900-01-01 09:55:00,LEFT,64.0,42.0,2.0,6.0,114.0,RTOChowk,r2,r2_13.csv,HIGH,108.0,46
1900-01-01 09:55:00,RIGHT,5.0,33.0,0.0,0.0,38.0,RTOChowk,r2,r2_13.csv,MEDIUM,21.5,21
1900-01-01 09:55:00,UP,10.0,21.0,0.0,0.0,31.0,RTOChowk,r2,r2_13.csv,MEDIUM,20.5,21
1900-01-01 10:00:00,DOWN,15.0,79.0,0.0,1.0,95.0,RTOChowk,r2,r2_13.csv,HIGH,57.5,32
1900-01-01 10:00:00,LEFT,64.0,79.0,4.0,7.0,154.0,RTOChowk,r2,r2_13.csv,VERY_HIGH,134.5,54
1900-01-01 10:00:00,RIGHT,4.0,28.0,0.0,0.0,32.0,RTOChowk,r2,r2_13.csv,MEDIUM,18.0,20
1900-01-01 10:00:00,UP,10.0,13.0,0.0,0.0,23.0,RTOChowk,r2,r2_13.csv,MEDIUM,16.5,20
1900-01-01 10:05:00,DOWN,17.0,56.0,0.0,0.0,73.0,RTOChowk,r2,r2_13.csv,MEDIUM,45.0,28
1900-01-01 10:05:00,LEFT,51.0,62.0,5.0,3.0,121.0,RTOChowk,r2,r2_13.csv,HIGH,103.5,45
1900-01-01 10:05:00,RIGHT,5.0,34.0,0.0,0.0,39.0,RTOChowk,r2,r2_13.csv,MEDIUM,22.0,21
1900-01-01 10:05:00,UP,5.0,12.0,0.0,0.0,17.0,RTOChowk,r2,r2_13.csv,MEDIUM,11.0,18
1900-01-01 10:10:00,DOWN,13.0,38.0,0.0,1.0,52.0,RTOChowk,r2,r2_13.csv,MEDIUM,35.0,25
1900-01-01 10:10:00,LEFT,67.0,89.0,0.0,13.0,169.0,RTOChowk,r2,r2_13.csv,VERY_HIGH,150.5,59
1900-01-01 10:10:00,RIGHT,3.0,20.0,0.0,0.0,23.0,RTOChowk,r2,r2_13.csv,MEDIUM,13.0,19
1900-01-01 10:10:00,UP,8.0,11.0,0.0,2.0,21.0,RTOChowk,r2,r2_13.csv,MEDIUM,19.5,21
1900-01-01 10:15:00,DOWN,13.0,62.0,1.0,0.0,76.0,RTOChowk,r2,r2_13.csv,HIGH,46.5,28
1900-01-01 10:15:00,LEFT,72.0,54.0,2.0,9.0,137.0,RTOChowk,r2,r2_13.csv,HIGH,131.0,53
1900-01-01 10:15:00,RIGHT,4.0,33.0,0.0,3.0,40.0,RTOChowk,r2,r2_13.csv,MEDIUM,29.5,24
1900-01-01 10:15:00,UP,8.0,10.0,1.0,0.0,19.0,RTOChowk,r2,r2_13.csv,MEDIUM,15.5,19
1900-01-01 10:20:00,DOWN,9.0,73.0,1.0,0.0,83.0,RTOChowk,r2,r2_13.csv,HIGH,48.0,29
1900-01-01 10:20:00,LEFT,60.0,69.0,2.0,6.0,137.0,RTOChowk,r2,r2_13.csv,HIGH,117.5,49
1900-01-01 10:20:00,RIGHT,4.0,20.0,0.0,3.0,27.0,RTOChowk,r2,r2_13.csv,MEDIUM,23.0,22
1900-01-01 10:20:00,UP,4.0,9.0,1.0,1.0,15.0,RTOChowk,r2,r2_13.csv,MEDIUM,14.0,19
1900-01-01 10:25:00,DOWN,21.0,65.0,0.0,1.0,87.0,RTOChowk,r2,r2_13.csv,HIGH,56.5,31
1900-01-01 10:25:00,LEFT,78.0,62.0,1.0,11.0,152.0,RTOChowk,r2,r2_13.csv,HIGH,144.5,57
1900-01-01 10:25:00,RIGHT,10.0,23.0,0.0,0.0,33.0,RTOChowk,r2,r2_13.csv,MEDIUM,21.5,21
1900-01-01 10:25:00,UP,1.0,11.0,0.0,1.0,13.0,RTOChowk,r2,r2_13.csv,MEDIUM,9.5,18
1900-01-01 10:30:00,DOWN,15.0,53.0,0.0,3.0,71.0,RTOChowk,r2,r2_13.csv,MEDIUM,50.5,30
1900-01-01 10:30:00,LEFT,66.0,66.0,1.0,11.0,144.0,RTOChowk,r2,r2_13.csv,HIGH,134.5,54
1900-01-01 10:30:00,RIGHT,4.0,31.0,0.0,0.0,35.0,RTOChowk,r2,r2_13.csv,MEDIUM,19.5,21
1900-01-01 10:30:00,UP,5.0,9.0,0.0,1.0,15.0,RTOChowk,r2,r2_13.csv,MEDIUM,12.5,19
1900-01-01 10:35:00,DOWN,24.0,42.0,0.0,1.0,67.0,RTOChowk,r2,r2_13.csv,MEDIUM,48.0,29
1900-01-01 10:35:00,LEFT,73.0,70.0,4.0,8.0,155.0,RTOChowk,r2,r2_13.csv,VERY_HIGH,142.0,56
1900-01-01 10:35:00,RIGHT,2.0,26.0,0.0,0.0,28.0,RTOChowk,r2,r2_13.csv,MEDIUM,15.0,19
1900-01-01 10:35:00,UP,6.0,12.0,2.0,0.0,20.0,RTOChowk,r2,r2_13.csv,MEDIUM,17.0,20
1900-01-01 10:40:00,DOWN,15.0,56.0,1.0,1.0,73.0,RTOChowk,r2,r2_13.csv,MEDIUM,48.5,29
1900-01-01 10:40:00,LEFT,69.0,48.0,4.0,5.0,126.0,RTOChowk,r2,r2_13.csv,HIGH,118.0,49
1900-01-01 10:40:00,RIGHT,4.0,25.0,0.0,2.0,31.0,RTOChowk,r2,r2_13.csv,MEDIUM,22.5,22
1900-01-01 10:40:00,UP,9.0,6.0,0.0,1.0,16.0,RTOChowk,r2,r2_13.csv,MEDIUM,15.0,19
1900-01-01 10:45:00,DOWN,8.0,61.0,0.0,0.0,69.0,RTOChowk,r2,r2_13.csv,MEDIUM,38.5,26
1900-01-01 10:45:00,LEFT,67.0,64.0,6.0,9.0,146.0,RTOChowk,r2,r2_13.csv,HIGH,141.0,56
1900-01-01 10:45:00,RIGHT,1.0,14.0,0.0,2.0,17.0,RTOChowk,r2,r2_13.csv,MEDIUM,14.0,19
1900-01-01 10:45:00,UP,6.0,11.0,1.0,1.0,19.0,RTOChowk,r2,r2_13.csv,MEDIUM,17.0,20
1900-01-01 10:50:00,DOWN,16.0,53.0,0.0,1.0,70.0,RTOChowk,r2,r2_13.csv,MEDIUM,45.5,28
1900-01-01 10:50:00,LEFT,56.0,65.0,5.0,10.0,136.0,RTOChowk,r2,r2_13.csv,HIGH,131.0,53
1900-01-01 10:50:00,RIGHT,0.0,13.0,0.0,0.0,13.0,RTOChowk,r2,r2_13.csv,MEDIUM,6.5,17
1900-01-01 10:50:00,UP,8.0,14.0,1.0,0.0,23.0,RTOChowk,r2,r2_13.csv,MEDIUM,17.5,20
1900-01-01 10:55:00,DOWN,9.0,37.0,1.0,2.0,49.0,RTOChowk,r2,r2_13.csv,MEDIUM,36.0,25
1900-01-01 10:55:00,LEFT,64.0,44.0,2.0,15.0,125.0,RTOChowk,r2,r2_13.csv,HIGH,136.0,54
1900-01-01 10:55:00,RIGHT,2.0,21.0,1.0,0.0,24.0,RTOChowk,r2,r2_13.csv,MEDIUM,15.0,19
1900-01-01 10:55:00,UP,4.0,12.0,1.0,0.0,17.0,RTOChowk,r2,r2_13.csv,MEDIUM,12.5,19
1900-01-01 11:00:00,DOWN,16.0,57.0,0.0,2.0,75.0,RTOChowk,r2,r2_13.csv,HIGH,50.5,30
1900-01-01 11:00:00,LEFT,55.0,65.0,2.0,14.0,136.0,RTOChowk,r2,r2_13.csv,HIGH,134.5,54
1900-01-01 11:00:00,RIGHT,4.0,25.0,1.0,1.0,31.0,RTOChowk,r2,r2_13.csv,MEDIUM,22.0,21
1900-01-01 11:00:00,UP,10.0,7.0,0.0,0.0,17.0,RTOChowk,r2,r2_13.csv,MEDIUM,13.5,19
1900-01-01 11:05:00,DOWN,19.0,45.0,0.0,4.0,68.0,RTOChowk,r2,r2_13.csv,MEDIUM,53.5,30
1900-01-01 11:05:00,LEFT,71.0,78.0,0.0,14.0,163.0,RTOChowk,r2,r2_13.csv,VERY_HIGH,152.0,59
1900-01-01 11:05:00,RIGHT,5.0,15.0,0.0,2.0,22.0,RTOChowk,r2,r2_13.csv,MEDIUM,18.5,20
1900-01-01 11:05:00,UP,12.0,3.0,0.0,2.0,17.0,RTOChowk,r2,r2_13.csv,MEDIUM,19.5,21
1900-01-01 11:10:00,DOWN,14.0,44.0,1.0,2.0,61.0,RTOChowk,r2,r2_13.csv,MEDIUM,44.5,28
1900-01-01 11:10:00,LEFT,59.0,72.0,2.0,6.0,139.0,RTOChowk,r2,r2_13.csv,HIGH,118.0,49
1900-01-01 11:10:00,RIGHT,4.0,16.0,0.0,2.0,22.0,RTOChowk,r2,r2_13.csv,MEDIUM,18.0,20
1900-01-01 11:10:00,UP,4.0,12.0,0.0,1.0,17.0,RTOChowk,r2,r2_13.csv,MEDIUM,13.0,19
1900-01-01 11:15:00,DOWN,14.0,60.0,0.0,0.0,74.0,RTOChowk,r2,r2_13.csv,MEDIUM,44.0,28
1900-01-01 11:15:00,LEFT,73.0,61.0,3.0,13.0,150.0,RTOChowk,r2,r2_13.csv,HIGH,150.0,58
1900-01-01 11:15:00,RIGHT,8.0,17.0,0.0,0.0,25.0,RTOChowk,r2,r2_13.csv,MEDIUM,16.5,20
1900-01-01 11:15:00,UP,7.0,4.0,1.0,0.0,12.0,RTOChowk,r2,r2_13.csv,MEDIUM,11.5,18
1900-01-01 11:20:00,DOWN,17.0,73.0,0.0,0.0,90.0,RTOChowk,r2,r2_13.csv,HIGH,53.5,30
1900-01-01 11:20:00,LEFT,55.0,62.0,2.0,8.0,127.0,RTOChowk,r2,r2_13.csv,HIGH,115.0,48
1900-01-01 11:20:00,RIGHT,2.0,28.0,1.0,0.0,31.0,RTOChowk,r2,r2_13.csv,MEDIUM,18.5,20
1900-01-01 11:20:00,UP,6.0,7.0,0.0,2.0,15.0,RTOChowk,r2,r2_13.csv,MEDIUM,15.5,19
1900-01-01 11:25:00,DOWN,13.0,38.0,2.0,0.0,53.0,RTOChowk,r2,r2_12_one.csv,MEDIUM,37.0,26
1900-01-01 11:25:00,LEFT,40.0,30.0,3.0,5.0,78.0,RTOChowk,r2,r2_12_one.csv,HIGH,77.5,37
1900-01-01 11:25:00,RIGHT,7.0,11.0,0.0,1.0,19.0,RTOChowk,r2,r2_12_one.csv,MEDIUM,15.5,19
1900-01-01 11:25:00,UP,4.0,4.0,1.0,1.0,10.0,RTOChowk,r2,r2_12_one.csv,MEDIUM,11.5,18
1900-01-01 11:30:00,DOWN,13.0,33.0,3.0,1.0,50.0,RTOChowk,r2,r2_12_one.csv,MEDIUM,40.0,27
1900-01-01 11:30:00,LEFT,65.0,19.0,3.0,5.0,92.0,RTOChowk,r2,r2_12_one.csv,HIGH,97.0,43
1900-01-01 11:30:00,RIGHT,10.0,23.0,0.0,0.0,33.0,RTOChowk,r2,r2_12_one.csv,MEDIUM,21.5,21
1900-01-01 11:30:00,UP,8.0,6.0,0.0,0.0,14.0,RTOChowk,r2,r2_12_one.csv,MEDIUM,11.0,18
1900-01-01 11:35:00,DOWN,8.0,11.0,3.0,0.0,22.0,RTOChowk,r2,r2_12_one.csv,MEDIUM,21.0,21
1900-01-01 11:35:00,LEFT,78.0,15.0,5.0,6.0,104.0,RTOChowk,r2,r2_12_one.csv,HIGH,116.0,49
1900-01-01 11:35:00,RIGHT,8.0,37.0,1.0,2.0,48.0,RTOChowk,r2,r2_12_one.csv,MEDIUM,35.0,25
1900-01-01 11:35:00,UP,4.0,7.0,1.0,1.0,13.0,RTOChowk,r2,r2_12_one.csv,MEDIUM,13.0,19
1900-01-01 11:40:00,DOWN,15.0,30.0,0.0,0.0,45.0,RTOChowk,r2,r2_12_one.csv,MEDIUM,30.0,24
1900-01-01 11:40:00,LEFT,65.0,13.0,2.0,5.0,85.0,RTOChowk,r2,r2_12_one.csv,HIGH,91.5,41
1900-01-01 11:40:00,RIGHT,12.0,15.0,1.0,0.0,28.0,RTOChowk,r2,r2_12_one.csv,MEDIUM,22.0,21
1900-01-01 11:40:00,UP,4.0,8.0,1.0,0.0,13.0,RTOChowk,r2,r2_12_one.csv,MEDIUM,10.5,18
1900-01-01 11:45:00,DOWN,8.0,7.0,0.0,0.0,15.0,RTOChowk,r2,r2_12_one.csv,MEDIUM,11.5,18
1900-01-01 11:45:00,LEFT,55.0,19.0,2.0,5.0,81.0,RTOChowk,r2,r2_12_one.csv,HIGH,84.5,39
1900-01-01 11:45:00,RIGHT,11.0,27.0,0.0,1.0,39.0,RTOChowk,r2,r2_12_one.csv,MEDIUM,27.5,23
1900-01-01 11:45:00,UP,18.0,8.0,0.0,1.0,27.0,RTOChowk,r2,r2_12_one.csv,MEDIUM,25.0,22
1900-01-01 11:50:00,DOWN,4.0,11.0,0.0,0.0,15.0,RTOChowk,r2,r2_12_one.csv,MEDIUM,9.5,18
1900-01-01 11:50:00,LEFT,24.0,8.0,1.0,1.0,34.0,RTOChowk,r2,r2_12_one.csv,MEDIUM,33.5,25
1900-01-01 11:50:00,RIGHT,9.0,7.0,0.0,0.0,16.0,RTOChowk,r2,r2_12_one.csv,MEDIUM,12.5,19
1900-01-01 11:50:00,UP,9.0,17.0,0.0,0.0,26.0,RTOChowk,r2,r2_12_one.csv,MEDIUM,17.5,20
1900-01-01 11:55:00,DOWN,1.0,2.0,0.0,0.0,3.0,RTOChowk,r2,r2_12_one.csv,LOW,2.0,16
1900-01-01 11:55:00,LEFT,29.0,14.0,0.0,1.0,44.0,RTOChowk,r2,r2_12_one.csv,MEDIUM,39.0,26
1900-01-01 11:55:00,RIGHT,3.0,24.0,0.0,1.0,28.0,RTOChowk,r2,r2_12_one.csv,MEDIUM,18.0,20
1900-01-01 11:55:00,UP,7.0,6.0,0.0,0.0,13.0,RTOChowk,r2,r2_12_one.csv,MEDIUM,10.0,18
1900-01-01 11:25:00,DOWN,6.0,34.0,1.0,5.0,46.0,RTOChowk,r2,r2_17_one.csv,MEDIUM,40.5,27
1900-01-01 11:25:00,LEFT,54.0,30.0,1.0,20.0,105.0,RTOChowk,r2,r2_17_one.csv,HIGH,131.5,53
1900-01-01 11:25:00,RIGHT,4.0,20.0,0.0,0.0,24.0,RTOChowk,r2,r2_17_one.csv,MEDIUM,14.0,19
1900-01-01 11:25:00,UP,6.0,7.0,0.0,0.0,13.0,RTOChowk,r2,r2_17_one.csv,MEDIUM,9.5,18
1900-01-01 11:30:00,DOWN,9.0,24.0,2.0,3.0,38.0,RTOChowk,r2,r2_17_one.csv,MEDIUM,35.0,25
1900-01-01 11:30:00,LEFT,73.0,43.0,4.0,24.0,144.0,RTOChowk,r2,r2_17_one.csv,HIGH,176.5,60
1900-01-01 11:30:00,RIGHT,7.0,11.0,0.0,1.0,19.0,RTOChowk,r2,r2_17_one.csv,MEDIUM,15.5,19
1900-01-01 11:30:00,UP,5.0,4.0,0.0,0.0,9.0,RTOChowk,r2,r2_17_one.csv,MEDIUM,7.0,17
1900-01-01 11:35:00,DOWN,17.0,32.0,0.0,3.0,52.0,RTOChowk,r2,r2_17_one.csv,MEDIUM,42.0,27
1900-01-01 11:35:00,LEFT,62.0,50.0,2.0,34.0,148.0,RTOChowk,r2,r2_17_one.csv,HIGH,194.0,60
1900-01-01 11:35:00,RIGHT,3.0,23.0,1.0,2.0,29.0,RTOChowk,r2,r2_17_one.csv,MEDIUM,23.0,22
1900-01-01 11:35:00,UP,8.0,10.0,2.0,0.0,20.0,RTOChowk,r2,r2_17_one.csv,MEDIUM,18.0,20
1900-01-01 11:40:00,DOWN,26.0,27.0,1.0,6.0,60.0,RTOChowk,r2,r2_17_one.csv,MEDIUM,60.0,32
1900-01-01 11:40:00,LEFT,71.0,41.0,8.0,25.0,145.0,RTOChowk,r2,r2_17_one.csv,HIGH,186.5,60
1900-01-01 11:40:00,RIGHT,8.0,15.0,1.0,3.0,27.0,RTOChowk,r2,r2_17_one.csv,MEDIUM,27.0,23
1900-01-01 11:40:00,UP,5.0,6.0,0.0,0.0,11.0,RTOChowk,r2,r2_17_one.csv,MEDIUM,8.0,17
1900-01-01 11:45:00,DOWN,21.0,45.0,0.0,4.0,70.0,RTOChowk,r2,r2_17_one.csv,MEDIUM,55.5,31
1900-01-01 11:45:00,LEFT,57.0,37.0,3.0,25.0,122.0,RTOChowk,r2,r2_17_one.csv,HIGH,158.0,60
1900-01-01 11:45:00,RIGHT,2.0,45.0,1.0,3.0,51.0,RTOChowk,r2,r2_17_one.csv,MEDIUM,36.0,25
1900-01-01 11:45:00,UP,8.0,6.0,2.0,0.0,16.0,RTOChowk,r2,r2_17_one.csv,MEDIUM,16.0,20
1900-01-01 11:50:00,DOWN,15.0,40.0,1.0,8.0,64.0,RTOChowk,r2,r2_17_one.csv,MEDIUM,61.5,33
1900-01-01 11:50:00,LEFT,76.0,23.0,4.0,18.0,121.0,RTOChowk,r2,r2_17_one.csv,HIGH,151.5,59
1900-01-01 11:50:00,RIGHT,10.0,20.0,2.0,2.0,34.0,RTOChowk,r2,r2_17_one.csv,MEDIUM,31.0,24
1900-01-01 11:50:00,UP,13.0,4.0,1.0,2.0,20.0,RTOChowk,r2,r2_17_one.csv,MEDIUM,23.5,22
1900-01-01 11:55:00,DOWN,13.0,22.0,2.0,2.0,39.0,RTOChowk,r2,r2_17_one.csv,MEDIUM,35.0,25
1900-01-01 11:55:00,LEFT,48.0,21.0,7.0,17.0,93.0,RTOChowk,r2,r2_17_one.csv,HIGH,127.0,52
1900-01-01 11:55:00,RIGHT,10.0,10.0,1.0,1.0,22.0,RTOChowk,r2,r2_17_one.csv,MEDIUM,20.5,21
1900-01-01 11:55:00,UP,7.0,4.0,1.0,0.0,12.0,RTOChowk,r2,r2_17_one.csv,MEDIUM,11.5,18
1900-01-01 08:55:00,DOWN,0.0,0.0,0.0,0.0,0.0,RTOChowk,r2,r2_18.csv,LOW,0.0,15
1900-01-01 08:55:00,LEFT,1.0,0.0,0.0,1.0,2.0,RTOChowk,r2,r2_18.csv,LOW,4.0,16
1900-01-01 08:55:00,RIGHT,0.0,0.0,0.0,0.0,0.0,RTOChowk,r2,r2_18.csv,LOW,0.0,15
1900-01-01 08:55:00,UP,0.0,0.0,0.0,0.0,0.0,RTOChowk,r2,r2_18.csv,LOW,0.0,15
1900-01-01 09:00:00,DOWN,8.0,22.0,0.0,1.0,31.0,RTOChowk,r2,r2_18.csv,MEDIUM,22.0,21
1900-01-01 09:00:00,LEFT,31.0,55.0,4.0,23.0,113.0,RTOChowk,r2,r2_18.csv,HIGH,137.5,55
1900-01-01 09:00:00,RIGHT,5.0,8.0,0.0,0.0,13.0,RTOChowk,r2,r2_18.csv,MEDIUM,9.0,18
1900-01-01 09:00:00,UP,3.0,3.0,1.0,0.0,7.0,RTOChowk,r2,r2_18.csv,MEDIUM,7.0,17
1900-01-01 09:05:00,DOWN,10.0,20.0,0.0,4.0,34.0,RTOChowk,r2,r2_18.csv,MEDIUM,32.0,24
1900-01-01 09:05:00,LEFT,51.0,40.0,3.0,30.0,124.0,RTOChowk,r2,r2_18.csv,HIGH,168.5,60
1900-01-01 09:05:00,RIGHT,2.0,10.0,0.0,0.0,12.0,RTOChowk,r2,r2_18.csv,MEDIUM,7.0,17
1900-01-01 09:05:00,UP,5.0,3.0,1.0,0.0,9.0,RTOChowk,r2,r2_18.csv,MEDIUM,9.0,18
1900-01-01 09:10:00,DOWN,14.0,14.0,0.0,5.0,33.0,RTOChowk,r2,r2_18.csv,MEDIUM,36.0,25
1900-01-01 09:10:00,LEFT,35.0,37.0,5.0,21.0,98.0,RTOChowk,r2,r2_18.csv,HIGH,129.0,52
1900-01-01 09:10:00,RIGHT,4.0,3.0,1.0,4.0,12.0,RTOChowk,r2,r2_18.csv,MEDIUM,20.0,21
1900-01-01 09:10:00,UP,2.0,2.0,1.0,1.0,6.0,RTOChowk,r2,r2_18.csv,MEDIUM,8.5,17
1900-01-01 09:15:00,DOWN,14.0,14.0,3.0,9.0,40.0,RTOChowk,r2,r2_18.csv,MEDIUM,55.5,31
1900-01-01 09:15:00,LEFT,35.0,42.0,4.0,22.0,103.0,RTOChowk,r2,r2_18.csv,HIGH,132.0,53
1900-01-01 09:15:00,RIGHT,3.0,5.0,1.0,0.0,9.0,RTOChowk,r2,r2_18.csv,MEDIUM,8.0,17
1900-01-01 09:15:00,UP,4.0,0.0,0.0,2.0,6.0,RTOChowk,r2,r2_18.csv,MEDIUM,10.0,18
1900-01-01 09:20:00,DOWN,16.0,18.0,1.0,3.0,38.0,RTOChowk,r2,r2_18.csv,MEDIUM,36.5,26
1900-01-01 09:20:00,LEFT,33.0,50.0,4.0,17.0,104.0,RTOChowk,r2,r2_18.csv,HIGH,119.0,49
1900-01-01 09:20:00,RIGHT,4.0,4.0,1.0,1.0,10.0,RTOChowk,r2,r2_18.csv,MEDIUM,11.5,18
1900-01-01 09:20:00,UP,5.0,3.0,3.0,1.0,12.0,RTOChowk,r2,r2_18.csv,MEDIUM,17.0,20
1900-01-01 09:25:00,DOWN,9.0,24.0,0.0,1.0,34.0,RTOChowk,r2,r2_18.csv,MEDIUM,24.0,22
1900-01-01 09:25:00,LEFT,61.0,34.0,7.0,29.0,131.0,RTOChowk,r2,r2_18.csv,HIGH,182.5,60
1900-01-01 09:25:00,RIGHT,3.0,1.0,1.0,0.0,5.0,RTOChowk,r2,r2_18.csv,MEDIUM,6.0,17
1900-01-01 09:25:00,UP,9.0,4.0,1.0,1.0,15.0,RTOChowk,r2,r2_18.csv,MEDIUM,16.5,20
1900-01-01 09:30:00,DOWN,10.0,29.0,0.0,5.0,44.0,RTOChowk,r2,r2_18.csv,MEDIUM,39.5,26
1900-01-01 09:30:00,LEFT,29.0,41.0,4.0,30.0,104.0,RTOChowk,r2,r2_18.csv,HIGH,149.5,58
1900-01-01 09:30:00,RIGHT,6.0,8.0,0.0,2.0,16.0,RTOChowk,r2,r2_18.csv,MEDIUM,16.0,20
1900-01-01 09:30:00,UP,2.0,4.0,1.0,1.0,8.0,RTOChowk,r2,r2_18.csv,MEDIUM,9.5,18
1900-01-01 09:35:00,DOWN,8.0,20.0,2.0,6.0,36.0,RTOChowk,r2,r2_18.csv,MEDIUM,41.0,27
1900-01-01 09:35:00,LEFT,51.0,45.0,2.0,26.0,124.0,RTOChowk,r2,r2_18.csv,HIGH,156.5,60
1900-01-01 09:35:00,RIGHT,1.0,3.0,0.0,0.0,4.0,RTOChowk,r2,r2_18.csv,LOW,2.5,16
1900-01-01 09:35:00,UP,6.0,4.0,0.0,2.0,12.0,RTOChowk,r2,r2_18.csv,MEDIUM,14.0,19
1900-01-01 09:40:00,DOWN,13.0,42.0,2.0,4.0,61.0,RTOChowk,r2,r2_18.csv,MEDIUM,51.0,30
1900-01-01 09:40:00,LEFT,44.0,51.0,6.0,30.0,131.0,RTOChowk,r2,r2_18.csv,HIGH,174.5,60
1900-01-01 09:40:00,RIGHT,1.0,11.0,0.0,1.0,13.0,RTOChowk,r2,r2_18.csv,MEDIUM,9.5,18
1900-01-01 09:40:00,UP,1.0,3.0,2.0,0.0,6.0,RTOChowk,r2,r2_18.csv,MEDIUM,7.5,17
1900-01-01 09:45:00,DOWN,13.0,37.0,1.0,5.0,56.0,RTOChowk,r2,r2_18.csv,MEDIUM,49.0,29
1900-01-01 09:45:00,LEFT,35.0,44.0,3.0,19.0,101.0,RTOChowk,r2,r2_18.csv,HIGH,121.5,50
1900-01-01 09:45:00,RIGHT,1.0,13.0,0.0,5.0,19.0,RTOChowk,r2,r2_18.csv,MEDIUM,22.5,22
1900-01-01 09:45:00,UP,3.0,3.0,1.0,0.0,7.0,RTOChowk,r2,r2_18.csv,MEDIUM,7.0,17
1900-01-01 09:50:00,DOWN,14.0,23.0,1.0,4.0,42.0,RTOChowk,r2,r2_18.csv,MEDIUM,40.0,27
1900-01-01 09:50:00,LEFT,42.0,56.0,3.0,26.0,127.0,RTOChowk,r2,r2_18.csv,HIGH,155.5,60
1900-01-01 09:50:00,RIGHT,3.0,8.0,0.0,1.0,12.0,RTOChowk,r2,r2_18.csv,MEDIUM,10.0,18
1900-01-01 09:50:00,UP,7.0,4.0,1.0,1.0,13.0,RTOChowk,r2,r2_18.csv,MEDIUM,14.5,19
1900-01-01 09:55:00,DOWN,16.0,23.0,0.0,1.0,40.0,RTOChowk,r2,r2_18.csv,MEDIUM,30.5,24
1900-01-01 09:55:00,LEFT,37.0,39.0,6.0,19.0,101.0,RTOChowk,r2,r2_18.csv,HIGH,128.5,52
1900-01-01 09:55:00,RIGHT,3.0,7.0,1.0,2.0,13.0,RTOChowk,r2,r2_18.csv,MEDIUM,15.0,19
1900-01-01 09:55:00,UP,4.0,1.0,0.0,0.0,5.0,RTOChowk,r2,r2_18.csv,MEDIUM,4.5,16
1900-01-01 10:00:00,DOWN,8.0,28.0,0.0,7.0,43.0,RTOChowk,r2,r2_18.csv,MEDIUM,43.0,27
1900-01-01 10:00:00,LEFT,42.0,36.0,2.0,17.0,97.0,RTOChowk,r2,r2_18.csv,HIGH,116.0,49
1900-01-01 10:00:00,RIGHT,5.0,7.0,0.0,3.0,15.0,RTOChowk,r2,r2_18.csv,MEDIUM,17.5,20
1900-01-01 10:00:00,UP,9.0,5.0,1.0,0.0,15.0,RTOChowk,r2,r2_18.csv,MEDIUM,14.0,19
1900-01-01 10:05:00,DOWN,14.0,31.0,0.0,5.0,50.0,RTOChowk,r2,r2_18.csv,MEDIUM,44.5,28
1900-01-01 10:05:00,LEFT,57.0,47.0,5.0,19.0,128.0,RTOChowk,r2,r2_18.csv,HIGH,150.0,58
1900-01-01 10:05:00,RIGHT,3.0,10.0,0.0,0.0,13.0,RTOChowk,r2,r2_18.csv,MEDIUM,8.0,17
1900-01-01 10:05:00,UP,7.0,4.0,1.0,2.0,14.0,RTOChowk,r2,r2_18.csv,MEDIUM,17.5,20
1900-01-01 10:10:00,DOWN,24.0,17.0,1.0,4.0,46.0,RTOChowk,r2,r2_18.csv,MEDIUM,47.0,29
1900-01-01 10:10:00,LEFT,37.0,56.0,6.0,26.0,125.0,RTOChowk,r2,r2_18.csv,HIGH,158.0,60
1900-01-01 10:10:00,RIGHT,4.0,3.0,0.0,1.0,8.0,RTOChowk,r2,r2_18.csv,MEDIUM,8.5,17
1900-01-01 10:10:00,UP,4.0,0.0,0.0,1.0,5.0,RTOChowk,r2,r2_18.csv,MEDIUM,7.0,17
1900-01-01 10:15:00,DOWN,16.0,22.0,2.0,4.0,44.0,RTOChowk,r2,r2_18.csv,MEDIUM,44.0,28
1900-01-01 10:15:00,LEFT,70.0,51.0,7.0,20.0,148.0,RTOChowk,r2,r2_18.csv,HIGH,173.0,60
1900-01-01 10:15:00,RIGHT,4.0,9.0,1.0,0.0,14.0,RTOChowk,r2,r2_18.csv,MEDIUM,11.0,18
1900-01-01 10:15:00,UP,5.0,5.0,5.0,1.0,16.0,RTOChowk,r2,r2_18.csv,MEDIUM,23.0,22
1900-01-01 10:20:00,DOWN,13.0,22.0,0.0,2.0,37.0,RTOChowk,r2,r2_18.csv,MEDIUM,30.0,24
1900-01-01 10:20:00,LEFT,37.0,56.0,3.0,18.0,114.0,RTOChowk,r2,r2_18.csv,HIGH,126.5,52
1900-01-01 10:20:00,RIGHT,5.0,9.0,0.0,1.0,15.0,RTOChowk,r2,r2_18.csv,MEDIUM,12.5,19
1900-01-01 10:20:00,UP,5.0,2.0,2.0,0.0,9.0,RTOChowk,r2,r2_18.csv,MEDIUM,11.0,18
1900-01-01 10:25:00,DOWN,12.0,21.0,0.0,5.0,38.0,RTOChowk,r2,r2_18.csv,MEDIUM,37.5,26
1900-01-01 10:25:00,LEFT,60.0,44.0,3.0,20.0,127.0,RTOChowk,r2,r2_18.csv,HIGH,149.5,58
1900-01-01 10:25:00,RIGHT,5.0,11.0,0.0,0.0,16.0,RTOChowk,r2,r2_18.csv,MEDIUM,10.5,18
1900-01-01 10:25:00,UP,2.0,2.0,1.0,0.0,5.0,RTOChowk,r2,r2_18.csv,MEDIUM,5.5,17
1900-01-01 10:30:00,DOWN,6.0,22.0,0.0,4.0,32.0,RTOChowk,r2,r2_18.csv,MEDIUM,29.0,23
1900-01-01 10:30:00,LEFT,44.0,40.0,5.0,23.0,112.0,RTOChowk,r2,r2_18.csv,HIGH,145.5,57
1900-01-01 10:30:00,RIGHT,2.0,7.0,0.0,0.0,9.0,RTOChowk,r2,r2_18.csv,MEDIUM,5.5,17
1900-01-01 10:30:00,UP,1.0,1.0,2.0,0.0,4.0,RTOChowk,r2,r2_18.csv,LOW,6.5,17
1900-01-01 10:35:00,DOWN,10.0,15.0,1.0,4.0,30.0,RTOChowk,r2,r2_18.csv,MEDIUM,32.0,24
1900-01-01 10:35:00,LEFT,65.0,45.0,2.0,30.0,142.0,RTOChowk,r2,r2_18.csv,HIGH,182.5,60
1900-01-01 10:35:00,RIGHT,7.0,7.0,2.0,2.0,18.0,RTOChowk,r2,r2_18.csv,MEDIUM,21.5,21
1900-01-01 10:35:00,UP,4.0,3.0,0.0,0.0,7.0,RTOChowk,r2,r2_18.csv,MEDIUM,5.5,17
1900-01-01 10:40:00,DOWN,20.0,32.0,3.0,3.0,58.0,RTOChowk,r2,r2_18.csv,MEDIUM,52.5,30
1900-01-01 10:40:00,LEFT,48.0,52.0,1.0,15.0,116.0,RTOChowk,r2,r2_18.csv,HIGH,121.5,50
1900-01-01 10:40:00,RIGHT,0.0,14.0,0.0,4.0,18.0,RTOChowk,r2,r2_18.csv,MEDIUM,19.0,20
1900-01-01 10:40:00,UP,4.0,3.0,0.0,0.0,7.0,RTOChowk,r2,r2_18.csv,MEDIUM,5.5,17
1900-01-01 10:45:00,DOWN,9.0,16.0,1.0,4.0,30.0,RTOChowk,r2,r2_18.csv,MEDIUM,31.5,24
1900-01-01 10:45:00,LEFT,85.0,49.0,4.0,18.0,156.0,RTOChowk,r2,r2_18.csv,VERY_HIGH,173.5,60
1900-01-01 10:45:00,RIGHT,4.0,7.0,0.0,1.0,12.0,RTOChowk,r2,r2_18.csv,MEDIUM,10.5,18
1900-01-01 10:45:00,UP,4.0,2.0,1.0,1.0,8.0,RTOChowk,r2,r2_18.csv,MEDIUM,10.5,18
1900-01-01 10:50:00,DOWN,20.0,27.0,2.0,3.0,52.0,RTOChowk,r2,r2_18.csv,MEDIUM,47.5,29
1900-01-01 10:50:00,LEFT,50.0,67.0,3.0,23.0,143.0,RTOChowk,r2,r2_18.csv,HIGH,160.0,60
1900-01-01 10:50:00,RIGHT,6.0,15.0,0.0,1.0,22.0,RTOChowk,r2,r2_18.csv,MEDIUM,16.5,20
1900-01-01 10:50:00,UP,7.0,1.0,0.0,0.0,8.0,RTOChowk,r2,r2_18.csv,MEDIUM,7.5,17
1900-01-01 10:55:00,DOWN,16.0,27.0,1.0,1.0,45.0,RTOChowk,r2,r2_18.csv,MEDIUM,35.0,25
1900-01-01 10:55:00,LEFT,42.0,59.0,2.0,24.0,127.0,RTOChowk,r2,r2_18.csv,HIGH,148.5,58
1900-01-01 10:55:00,RIGHT,7.0,8.0,0.0,0.0,15.0,RTOChowk,r2,r2_18.csv,MEDIUM,11.0,18
1900-01-01 10:55:00,UP,20.0,4.0,0.0,0.0,24.0,RTOChowk,r2,r2_18.csv,MEDIUM,22.0,21
1900-01-01 11:00:00,DOWN,21.0,19.0,2.0,6.0,48.0,RTOChowk,r2,r2_18.csv,MEDIUM,53.5,30
1900-01-01 11:00:00,LEFT,67.0,33.0,2.0,24.0,126.0,RTOChowk,r2,r2_18.csv,HIGH,160.5,60
1900-01-01 11:00:00,RIGHT,4.0,9.0,0.0,2.0,15.0,RTOChowk,r2,r2_18.csv,MEDIUM,14.5,19
1900-01-01 11:00:00,UP,3.0,6.0,1.0,1.0,11.0,RTOChowk,r2,r2_18.csv,MEDIUM,11.5,18
1900-01-01 11:05:00,DOWN,15.0,8.0,2.0,1.0,26.0,RTOChowk,r2,r2_18.csv,MEDIUM,27.0,23
1900-01-01 11:05:00,LEFT,78.0,37.0,13.0,15.0,143.0,RTOChowk,r2,r2_18.csv,HIGH,174.0,60
1900-01-01 11:05:00,RIGHT,9.0,6.0,1.0,1.0,17.0,RTOChowk,r2,r2_18.csv,MEDIUM,17.5,20
1900-01-01 11:05:00,UP,8.0,2.0,0.0,0.0,10.0,RTOChowk,r2,r2_18.csv,MEDIUM,9.0,18
1900-01-01 11:10:00,DOWN,14.0,27.0,1.0,3.0,45.0,RTOChowk,r2,r2_18.csv,MEDIUM,39.0,26
1900-01-01 11:10:00,LEFT,63.0,67.0,3.0,18.0,151.0,RTOChowk,r2,r2_18.csv,HIGH,158.0,60
1900-01-01 11:10:00,RIGHT,2.0,9.0,0.0,1.0,12.0,RTOChowk,r2,r2_18.csv,MEDIUM,9.5,18
1900-01-01 11:10:00,UP,4.0,5.0,0.0,0.0,9.0,RTOChowk,r2,r2_18.csv,MEDIUM,6.5,17
1900-01-01 11:15:00,DOWN,11.0,23.0,1.0,4.0,39.0,RTOChowk,r2,r2_18.csv,MEDIUM,37.0,26
1900-01-01 11:15:00,LEFT,55.0,71.0,2.0,16.0,144.0,RTOChowk,r2,r2_18.csv,HIGH,143.5,57
1900-01-01 11:15:00,RIGHT,3.0,6.0,1.0,1.0,11.0,RTOChowk,r2,r2_18.csv,MEDIUM,11.5,18
1900-01-01 11:15:00,UP,4.0,6.0,1.0,1.0,12.0,RTOChowk,r2,r2_18.csv,MEDIUM,12.5,19
1900-01-01 11:20:00,DOWN,12.0,24.0,2.0,1.0,39.0,RTOChowk,r2,r2_18.csv,MEDIUM,32.0,24
1900-01-01 11:20:00,LEFT,49.0,33.0,3.0,25.0,110.0,RTOChowk,r2,r2_18.csv,HIGH,148.0,58
1900-01-01 11:20:00,RIGHT,5.0,4.0,0.0,2.0,11.0,RTOChowk,r2,r2_18.csv,MEDIUM,13.0,19
1900-01-01 11:20:00,UP,4.0,5.0,0.0,0.0,9.0,RTOChowk,r2,r2_18.csv,MEDIUM,6.5,17
1900-01-01 11:25:00,DOWN,6.0,11.0,0.0,0.0,17.0,RTOChowk,r2,r2_18.csv,MEDIUM,11.5,18
1900-01-01 11:25:00,LEFT,62.0,46.0,2.0,19.0,129.0,RTOChowk,r2,r2_18.csv,HIGH,147.0,58
1900-01-01 11:25:00,RIGHT,2.0,4.0,1.0,0.0,7.0,RTOChowk,r2,r2_18.csv,MEDIUM,6.5,17
1900-01-01 11:25:00,UP,3.0,3.0,0.0,0.0,6.0,RTOChowk,r2,r2_18.csv,MEDIUM,4.5,16
1900-01-01 11:25:00,DOWN,7.0,23.0,0.0,5.0,35.0,RTOChowk,r2,r2_16_one.csv,MEDIUM,33.5,25
1900-01-01 11:25:00,LEFT,43.0,10.0,4.0,10.0,67.0,RTOChowk,r2,r2_16_one.csv,MEDIUM,88.0,40
1900-01-01 11:25:00,RIGHT,3.0,8.0,0.0,2.0,13.0,RTOChowk,r2,r2_16_one.csv,MEDIUM,13.0,19
1900-01-01 11:25:00,UP,2.0,2.0,0.0,0.0,4.0,RTOChowk,r2,r2_16_one.csv,LOW,3.0,16
1900-01-01 11:30:00,DOWN,13.0,30.0,1.0,4.0,48.0,RTOChowk,r2,r2_16_one.csv,MEDIUM,42.5,27
1900-01-01 11:30:00,LEFT,82.0,28.0,7.0,22.0,139.0,RTOChowk,r2,r2_16_one.csv,HIGH,179.5,60
1900-01-01 11:30:00,RIGHT,4.0,11.0,3.0,2.0,20.0,RTOChowk,r2,r2_16_one.csv,MEDIUM,23.0,22
1900-01-01 11:30:00,UP,3.0,4.0,0.0,0.0,7.0,RTOChowk,r2,r2_16_one.csv,MEDIUM,5.0,16
1900-01-01 11:35:00,DOWN,16.0,42.0,1.0,4.0,63.0,RTOChowk,r2,r2_16_one.csv,MEDIUM,51.5,30
1900-01-01 11:35:00,LEFT,55.0,38.0,8.0,22.0,123.0,RTOChowk,r2,r2_16_one.csv,HIGH,160.0,60
1900-01-01 11:35:00,RIGHT,5.0,15.0,0.0,1.0,21.0,RTOChowk,r2,r2_16_one.csv,MEDIUM,15.5,19
1900-01-01 11:35:00,UP,7.0,3.0,1.0,1.0,12.0,RTOChowk,r2,r2_16_one.csv,MEDIUM,14.0,19
1900-01-01 11:40:00,DOWN,20.0,20.0,0.0,2.0,42.0,RTOChowk,r2,r2_16_one.csv,MEDIUM,36.0,25
1900-01-01 11:40:00,LEFT,86.0,17.0,2.0,19.0,124.0,RTOChowk,r2,r2_16_one.csv,HIGH,156.5,60
1900-01-01 11:40:00,RIGHT,8.0,9.0,0.0,2.0,19.0,RTOChowk,r2,r2_16_one.csv,MEDIUM,18.5,20
1900-01-01 11:40:00,UP,7.0,3.0,1.0,0.0,11.0,RTOChowk,r2,r2_16_one.csv,MEDIUM,11.0,18
1900-01-01 11:45:00,DOWN,23.0,37.0,0.0,1.0,61.0,RTOChowk,r2,r2_16_one.csv,MEDIUM,44.5,28
1900-01-01 11:45:00,LEFT,77.0,29.0,5.0,28.0,139.0,RTOChowk,r2,r2_16_one.csv,HIGH,188.0,60
1900-01-01 11:45:00,RIGHT,12.0,15.0,1.0,3.0,31.0,RTOChowk,r2,r2_16_one.csv,MEDIUM,31.0,24
1900-01-01 11:45:00,UP,9.0,1.0,0.0,0.0,10.0,RTOChowk,r2,r2_16_one.csv,MEDIUM,9.5,18
1900-01-01 11:50:00,DOWN,15.0,46.0,0.0,4.0,65.0,RTOChowk,r2,r2_16_one.csv,MEDIUM,50.0,29
1900-01-01 11:50:00,LEFT,83.0,18.0,6.0,15.0,122.0,RTOChowk,r2,r2_16_one.csv,HIGH,152.0,59
1900-01-01 11:50:00,RIGHT,10.0,11.0,0.0,0.0,21.0,RTOChowk,r2,r2_16_one.csv,MEDIUM,15.5,19
1900-01-01 11:50:00,UP,5.0,24.0,1.0,2.0,32.0,RTOChowk,r2,r2_16_one.csv,MEDIUM,25.5,22
1900-01-01 11:55:00,DOWN,15.0,25.0,1.0,3.0,44.0,RTOChowk,r2,r2_16_one.csv,MEDIUM,39.0,26
1900-01-01 11:55:00,LEFT,56.0,10.0,6.0,12.0,84.0,RTOChowk,r2,r2_16_one.csv,HIGH,112.0,47
1900-01-01 11:55:00,RIGHT,6.0,8.0,0.0,2.0,16.0,RTOChowk,r2,r2_16_one.csv,MEDIUM,16.0,20
1900-01-01 11:55:00,UP,7.0,4.0,1.0,0.0,12.0,RTOChowk,r2,r2_16_one.csv,MEDIUM,11.5,18
1900-01-01 11:25:00,DOWN,11.0,38.0,3.0,1.0,53.0,RTOChowk,r2,r2_14_one.csv,MEDIUM,40.5,27
1900-01-01 11:25:00,LEFT,49.0,19.0,3.0,12.0,83.0,RTOChowk,r2,r2_14_one.csv,HIGH,102.0,45
1900-01-01 11:25:00,RIGHT,10.0,16.0,1.0,0.0,27.0,RTOChowk,r2,r2_14_one.csv,MEDIUM,20.5,21
1900-01-01 11:25:00,UP,6.0,9.0,1.0,1.0,17.0,RTOChowk,r2,r2_14_one.csv,MEDIUM,16.0,20
1900-01-01 11:30:00,DOWN,22.0,36.0,1.0,0.0,59.0,RTOChowk,r2,r2_14_one.csv,MEDIUM,42.5,27
1900-01-01 11:30:00,LEFT,65.0,35.0,5.0,23.0,128.0,RTOChowk,r2,r2_14_one.csv,HIGH,164.0,60
1900-01-01 11:30:00,RIGHT,10.0,16.0,0.0,1.0,27.0,RTOChowk,r2,r2_14_one.csv,MEDIUM,21.0,21
1900-01-01 11:30:00,UP,5.0,2.0,0.0,0.0,7.0,RTOChowk,r2,r2_14_one.csv,MEDIUM,6.0,17
1900-01-01 11:35:00,DOWN,26.0,28.0,4.0,2.0,60.0,RTOChowk,r2,r2_14_one.csv,MEDIUM,56.0,31
1900-01-01 11:35:00,LEFT,85.0,24.0,4.0,23.0,136.0,RTOChowk,r2,r2_14_one.csv,HIGH,176.0,60
1900-01-01 11:35:00,RIGHT,10.0,5.0,1.0,3.0,19.0,RTOChowk,r2,r2_14_one.csv,MEDIUM,24.0,22
1900-01-01 11:35:00,UP,10.0,1.0,1.0,1.0,13.0,RTOChowk,r2,r2_14_one.csv,MEDIUM,16.0,20
1900-01-01 11:40:00,DOWN,17.0,38.0,4.0,1.0,60.0,RTOChowk,r2,r2_14_one.csv,MEDIUM,49.0,29
1900-01-01 11:40:00,LEFT,78.0,17.0,3.0,15.0,113.0,RTOChowk,r2,r2_14_one.csv,HIGH,139.0,55
1900-01-01 11:40:00,RIGHT,2.0,11.0,2.0,2.0,17.0,RTOChowk,r2,r2_14_one.csv,MEDIUM,18.5,20
1900-01-01 11:40:00,UP,6.0,8.0,1.0,2.0,17.0,RTOChowk,r2,r2_14_one.csv,MEDIUM,18.5,20
1900-01-01 11:45:00,DOWN,23.0,37.0,2.0,3.0,65.0,RTOChowk,r2,r2_14_one.csv,MEDIUM,55.5,31
1900-01-01 11:45:00,LEFT,65.0,25.0,3.0,15.0,108.0,RTOChowk,r2,r2_14_one.csv,HIGH,130.0,53
1900-01-01 11:45:00,RIGHT,10.0,23.0,1.0,1.0,35.0,RTOChowk,r2,r2_14_one.csv,MEDIUM,27.0,23
1900-01-01 11:45:00,UP,10.0,6.0,0.0,0.0,16.0,RTOChowk,r2,r2_14_one.csv,MEDIUM,13.0,19
1900-01-01 11:50:00,DOWN,18.0,37.0,2.0,5.0,62.0,RTOChowk,r2,r2_14_one.csv,MEDIUM,56.5,31
1900-01-01 11:50:00,LEFT,72.0,25.0,3.0,10.0,110.0,RTOChowk,r2,r2_14_one.csv,HIGH,122.0,50
1900-01-01 11:50:00,RIGHT,5.0,18.0,2.0,3.0,28.0,RTOChowk,r2,r2_14_one.csv,MEDIUM,28.0,23
1900-01-01 11:50:00,UP,8.0,4.0,1.0,0.0,13.0,RTOChowk,r2,r2_14_one.csv,MEDIUM,12.5,19
1900-01-01 11:55:00,DOWN,9.0,44.0,7.0,3.0,63.0,RTOChowk,r2,r2_14_one.csv,MEDIUM,57.5,32
1900-01-01 11:55:00,LEFT,51.0,25.0,6.0,16.0,98.0,RTOChowk,r2,r2_14_one.csv,HIGH,126.5,52
1900-01-01 11:55:00,RIGHT,7.0,15.0,0.0,3.0,25.0,RTOChowk,r2,r2_14_one.csv,MEDIUM,23.5,22
1900-01-01 11:55:00,UP,7.0,8.0,1.0,0.0,16.0,RTOChowk,r2,r2_14_one.csv,MEDIUM,13.5,19
1900-01-01 11:25:00,DOWN,20.0,40.0,2.0,5.0,67.0,RTOChowk,r2,r2_15_one.csv,MEDIUM,60.0,32
1900-01-01 11:25:00,LEFT,77.0,32.0,6.0,22.0,137.0,RTOChowk,r2,r2_15_one.csv,HIGH,174.0,60
1900-01-01 11:25:00,RIGHT,13.0,21.0,2.0,1.0,37.0,RTOChowk,r2,r2_15_one.csv,MEDIUM,31.5,24
1900-01-01 11:25:00,UP,11.0,12.0,1.0,1.0,25.0,RTOChowk,r2,r2_15_one.csv,MEDIUM,22.5,22
1900-01-01 11:30:00,DOWN,15.0,57.0,4.0,4.0,80.0,RTOChowk,r2,r2_15_one.csv,HIGH,65.5,34
1900-01-01 11:30:00,LEFT,64.0,38.0,5.0,17.0,124.0,RTOChowk,r2,r2_15_one.csv,HIGH,146.5,57
1900-01-01 11:30:00,RIGHT,3.0,25.0,3.0,1.0,32.0,RTOChowk,r2,r2_15_one.csv,MEDIUM,26.0,23
1900-01-01 11:30:00,UP,8.0,5.0,2.0,0.0,15.0,RTOChowk,r2,r2_15_one.csv,MEDIUM,15.5,19
1900-01-01 11:35:00,DOWN,19.0,51.0,4.0,2.0,76.0,RTOChowk,r2,r2_15_one.csv,HIGH,60.5,33
1900-01-01 11:35:00,LEFT,75.0,43.0,6.0,23.0,147.0,RTOChowk,r2,r2_15_one.csv,HIGH,180.5,60
1900-01-01 11:35:00,RIGHT,5.0,15.0,0.0,1.0,21.0,RTOChowk,r2,r2_15_one.csv,MEDIUM,15.5,19
1900-01-01 11:35:00,UP,6.0,7.0,2.0,1.0,16.0,RTOChowk,r2,r2_15_one.csv,MEDIUM,17.5,20
1900-01-01 11:40:00,DOWN,21.0,65.0,7.0,3.0,96.0,RTOChowk,r2,r2_15_one.csv,HIGH,80.0,38
1900-01-01 11:40:00,LEFT,81.0,39.0,4.0,20.0,144.0,RTOChowk,r2,r2_15_one.csv,HIGH,170.5,60
1900-01-01 11:40:00,RIGHT,8.0,12.0,1.0,1.0,22.0,RTOChowk,r2,r2_15_one.csv,MEDIUM,19.5,21
1900-01-01 11:40:00,UP,4.0,7.0,1.0,0.0,12.0,RTOChowk,r2,r2_15_one.csv,MEDIUM,10.0,18
1900-01-01 11:45:00,DOWN,25.0,41.0,1.0,1.0,68.0,RTOChowk,r2,r2_15_one.csv,MEDIUM,51.0,30
1900-01-01 11:45:00,LEFT,66.0,27.0,5.0,23.0,121.0,RTOChowk,r2,r2_15_one.csv,HIGH,161.0,60
1900-01-01 11:45:00,RIGHT,6.0,15.0,0.0,0.0,21.0,RTOChowk,r2,r2_15_one.csv,MEDIUM,13.5,19
1900-01-01 11:45:00,UP,10.0,1.0,1.0,1.0,13.0,RTOChowk,r2,r2_15_one.csv,MEDIUM,16.0,20
1900-01-01 11:50:00,DOWN,15.0,40.0,3.0,2.0,60.0,RTOChowk,r2,r2_15_one.csv,MEDIUM,48.5,29
1900-01-01 11:50:00,LEFT,64.0,27.0,4.0,20.0,115.0,RTOChowk,r2,r2_15_one.csv,HIGH,147.5,58
1900-01-01 11:50:00,RIGHT,6.0,13.0,1.0,1.0,21.0,RTOChowk,r2,r2_15_one.csv,MEDIUM,18.0,20
1900-01-01 11:50:00,UP,13.0,3.0,0.0,2.0,18.0,RTOChowk,r2,r2_15_one.csv,MEDIUM,20.5,21
1900-01-01 11:55:00,DOWN,21.0,25.0,0.0,5.0,51.0,RTOChowk,r2,r2_15_one.csv,MEDIUM,48.5,29
1900-01-01 11:55:00,LEFT,54.0,10.0,13.0,23.0,100.0,RTOChowk,r2,r2_15_one.csv,HIGH,160.5,60
1900-01-01 11:55:00,RIGHT,13.0,13.0,1.0,0.0,27.0,RTOChowk,r2,r2_15_one.csv,MEDIUM,22.0,21
1900-01-01 11:55:00,UP,10.0,9.0,0.0,0.0,19.0,RTOChowk,r2,r2_15_one.csv,MEDIUM,14.5,19
